nohup: ignoring input
Fitting 5 folds for each of 1 candidates, totalling 5 fits
Fitting 5 folds for each of 1 candidates, totalling 5 fits
Fitting 5 folds for each of 1 candidates, totalling 5 fits
[CV 4/5] END colsample_bytree=0.9186941777766422, gamma=4.416576386904311, learning_rate=0.09798893186641074, max_depth=14, n_estimators=525, reg_alpha=0.06231294084407148, reg_lambda=0.13830853827857517, scale_pos_weight=4.182286578655763, subsample=0.8178645509395852;, score=0.654 total time= 4.2min
[CV 4/5] END colsample_bytree=0.705051979426657, gamma=3.6386287158866253, learning_rate=0.2805317196658718, max_depth=7, n_estimators=419, reg_alpha=0.4141186324855385, reg_lambda=0.350931334899144, scale_pos_weight=7.6555381077137845, subsample=0.6522316555182531;, score=0.629 total time= 1.2min
[CV 2/5] END colsample_bytree=0.7224162561505759, gamma=4.593612608346885, learning_rate=0.04040915598028404, max_depth=8, n_estimators=153, reg_alpha=0.45366534380629897, reg_lambda=0.15544805405054332, scale_pos_weight=7.763972782064468, subsample=0.7786702115169006;, score=0.683 total time=  56.6s
[CV 5/5] END colsample_bytree=0.705051979426657, gamma=3.6386287158866253, learning_rate=0.2805317196658718, max_depth=7, n_estimators=419, reg_alpha=0.4141186324855385, reg_lambda=0.350931334899144, scale_pos_weight=7.6555381077137845, subsample=0.6522316555182531;, score=0.632 total time= 1.3min
[CV 3/5] END colsample_bytree=0.7224162561505759, gamma=4.593612608346885, learning_rate=0.04040915598028404, max_depth=8, n_estimators=153, reg_alpha=0.45366534380629897, reg_lambda=0.15544805405054332, scale_pos_weight=7.763972782064468, subsample=0.7786702115169006;, score=0.679 total time=  59.7s
[CV 1/5] END colsample_bytree=0.705051979426657, gamma=3.6386287158866253, learning_rate=0.2805317196658718, max_depth=7, n_estimators=419, reg_alpha=0.4141186324855385, reg_lambda=0.350931334899144, scale_pos_weight=7.6555381077137845, subsample=0.6522316555182531;, score=0.630 total time= 1.2min
[CV 1/5] END colsample_bytree=0.7224162561505759, gamma=4.593612608346885, learning_rate=0.04040915598028404, max_depth=8, n_estimators=153, reg_alpha=0.45366534380629897, reg_lambda=0.15544805405054332, scale_pos_weight=7.763972782064468, subsample=0.7786702115169006;, score=0.686 total time= 1.1min
[CV 3/5] END colsample_bytree=0.705051979426657, gamma=3.6386287158866253, learning_rate=0.2805317196658718, max_depth=7, n_estimators=419, reg_alpha=0.4141186324855385, reg_lambda=0.350931334899144, scale_pos_weight=7.6555381077137845, subsample=0.6522316555182531;, score=0.628 total time= 1.4min
[CV 5/5] END colsample_bytree=0.7224162561505759, gamma=4.593612608346885, learning_rate=0.04040915598028404, max_depth=8, n_estimators=153, reg_alpha=0.45366534380629897, reg_lambda=0.15544805405054332, scale_pos_weight=7.763972782064468, subsample=0.7786702115169006;, score=0.687 total time= 1.1min
[CV 2/5] END colsample_bytree=0.705051979426657, gamma=3.6386287158866253, learning_rate=0.2805317196658718, max_depth=7, n_estimators=419, reg_alpha=0.4141186324855385, reg_lambda=0.350931334899144, scale_pos_weight=7.6555381077137845, subsample=0.6522316555182531;, score=0.628 total time= 1.4min
[CV 4/5] END colsample_bytree=0.7224162561505759, gamma=4.593612608346885, learning_rate=0.04040915598028404, max_depth=8, n_estimators=153, reg_alpha=0.45366534380629897, reg_lambda=0.15544805405054332, scale_pos_weight=7.763972782064468, subsample=0.7786702115169006;, score=0.686 total time= 1.3min
Fitting 5 folds for each of 1 candidates, totalling 5 fits
Fitting 5 folds for each of 1 candidates, totalling 5 fits
[CV 1/5] END colsample_bytree=0.9061979941786817, gamma=0.8593578069828035, learning_rate=0.18343365247851712, max_depth=13, n_estimators=338, reg_alpha=0.09545503921499346, reg_lambda=0.7558005328358816, scale_pos_weight=8.853673179789478, subsample=0.9559644307534418;, score=0.629 total time= 5.7min
Fitting 5 folds for each of 1 candidates, totalling 5 fits
Fitting 5 folds for each of 1 candidates, totalling 5 fits
Fitting 5 folds for each of 1 candidates, totalling 5 fits
[CV 5/5] END colsample_bytree=0.9186941777766422, gamma=4.416576386904311, learning_rate=0.09798893186641074, max_depth=14, n_estimators=525, reg_alpha=0.06231294084407148, reg_lambda=0.13830853827857517, scale_pos_weight=4.182286578655763, subsample=0.8178645509395852;, score=0.658 total time= 3.7min
[CV 3/5] END colsample_bytree=0.9061979941786817, gamma=0.8593578069828035, learning_rate=0.18343365247851712, max_depth=13, n_estimators=338, reg_alpha=0.09545503921499346, reg_lambda=0.7558005328358816, scale_pos_weight=8.853673179789478, subsample=0.9559644307534418;, score=0.624 total time= 5.7min
[CV 4/5] END colsample_bytree=0.8997767208035865, gamma=2.190145932204617, learning_rate=0.16271986876703082, max_depth=12, n_estimators=547, reg_alpha=0.717031151159837, reg_lambda=0.42417807246068207, scale_pos_weight=6.852556915729863, subsample=0.6765419227639857;, score=0.629 total time= 5.2min
[CV 3/5] END colsample_bytree=0.8670140089927842, gamma=4.6968486880138585, learning_rate=0.05744608180517957, max_depth=5, n_estimators=490, reg_alpha=0.37257977798325786, reg_lambda=0.4590245141508057, scale_pos_weight=5.812886441090221, subsample=0.8926419685712479;, score=0.683 total time= 1.7min
Fitting 5 folds for each of 1 candidates, totalling 5 fits
Fitting 5 folds for each of 1 candidates, totalling 5 fits
[CV 5/5] END colsample_bytree=0.7717015338451563, gamma=4.600046132186582, learning_rate=0.15397534404304786, max_depth=13, n_estimators=228, reg_alpha=0.05113455367705179, reg_lambda=0.5707778026788982, scale_pos_weight=1.2322097654816897, subsample=0.6928647954923324;, score=0.658 total time= 1.3min
[CV 3/5] END colsample_bytree=0.5, gamma=5.0, learning_rate=0.0715359696555296, max_depth=3, n_estimators=173, reg_alpha=0.3998888022778983, reg_lambda=0.3380223041660989, scale_pos_weight=7.009538731896518, subsample=0.9617382846548023;, score=0.677 total time=  26.5s
[CV 5/5] END colsample_bytree=0.8085396792511581, gamma=3.876821894139413, learning_rate=0.11411665025720713, max_depth=13, n_estimators=376, reg_alpha=0.5946200350868385, reg_lambda=0.6487775097037258, scale_pos_weight=4.798743273556276, subsample=0.866941242634403;, score=0.656 total time= 3.5min
[CV 2/5] END colsample_bytree=0.9777389931549642, gamma=3.50310722310683, learning_rate=0.26277905925433237, max_depth=8, n_estimators=260, reg_alpha=0.21141428727419626, reg_lambda=6.105075267348604e-05, scale_pos_weight=4.33616938896434, subsample=0.7971894567956928;, score=0.638 total time= 1.3min
[CV 5/5] END colsample_bytree=0.5, gamma=5.0, learning_rate=0.0715359696555296, max_depth=3, n_estimators=173, reg_alpha=0.3998888022778983, reg_lambda=0.3380223041660989, scale_pos_weight=7.009538731896518, subsample=0.9617382846548023;, score=0.685 total time=  26.9s
[CV 4/5] END colsample_bytree=0.8085396792511581, gamma=3.876821894139413, learning_rate=0.11411665025720713, max_depth=13, n_estimators=376, reg_alpha=0.5946200350868385, reg_lambda=0.6487775097037258, scale_pos_weight=4.798743273556276, subsample=0.866941242634403;, score=0.654 total time= 3.6min
[CV 3/5] END colsample_bytree=0.9777389931549642, gamma=3.50310722310683, learning_rate=0.26277905925433237, max_depth=8, n_estimators=260, reg_alpha=0.21141428727419626, reg_lambda=6.105075267348604e-05, scale_pos_weight=4.33616938896434, subsample=0.7971894567956928;, score=0.634 total time= 1.3min
[CV 4/5] END colsample_bytree=0.5, gamma=5.0, learning_rate=0.0715359696555296, max_depth=3, n_estimators=173, reg_alpha=0.3998888022778983, reg_lambda=0.3380223041660989, scale_pos_weight=7.009538731896518, subsample=0.9617382846548023;, score=0.683 total time=  27.2s
[CV 5/5] END colsample_bytree=0.8997767208035865, gamma=2.190145932204617, learning_rate=0.16271986876703082, max_depth=12, n_estimators=547, reg_alpha=0.717031151159837, reg_lambda=0.42417807246068207, scale_pos_weight=6.852556915729863, subsample=0.6765419227639857;, score=0.631 total time= 5.4min
[CV 5/5] END colsample_bytree=0.8670140089927842, gamma=4.6968486880138585, learning_rate=0.05744608180517957, max_depth=5, n_estimators=490, reg_alpha=0.37257977798325786, reg_lambda=0.4590245141508057, scale_pos_weight=5.812886441090221, subsample=0.8926419685712479;, score=0.691 total time= 1.7min
[CV 4/5] END colsample_bytree=0.7717015338451563, gamma=4.600046132186582, learning_rate=0.15397534404304786, max_depth=13, n_estimators=228, reg_alpha=0.05113455367705179, reg_lambda=0.5707778026788982, scale_pos_weight=1.2322097654816897, subsample=0.6928647954923324;, score=0.661 total time= 1.3min
[CV 1/5] END colsample_bytree=0.5, gamma=5.0, learning_rate=0.0715359696555296, max_depth=3, n_estimators=173, reg_alpha=0.3998888022778983, reg_lambda=0.3380223041660989, scale_pos_weight=7.009538731896518, subsample=0.9617382846548023;, score=0.682 total time=  27.7s
Fitting 5 folds for each of 1 candidates, totalling 5 fits
Fitting 5 folds for each of 1 candidates, totalling 5 fits
Fitting 5 folds for each of 1 candidates, totalling 5 fits
Fitting 5 folds for each of 1 candidates, totalling 5 fits
Fitting 5 folds for each of 1 candidates, totalling 5 fits
Fitting 5 folds for each of 1 candidates, totalling 5 fits
Fitting 5 folds for each of 1 candidates, totalling 5 fits
Fitting 5 folds for each of 1 candidates, totalling 5 fits
[CV 1/5] END colsample_bytree=0.9186941777766422, gamma=4.416576386904311, learning_rate=0.09798893186641074, max_depth=14, n_estimators=525, reg_alpha=0.06231294084407148, reg_lambda=0.13830853827857517, scale_pos_weight=4.182286578655763, subsample=0.8178645509395852;, score=0.651 total time= 3.7min
[CV 2/5] END colsample_bytree=0.9061979941786817, gamma=0.8593578069828035, learning_rate=0.18343365247851712, max_depth=13, n_estimators=338, reg_alpha=0.09545503921499346, reg_lambda=0.7558005328358816, scale_pos_weight=8.853673179789478, subsample=0.9559644307534418;, score=0.630 total time= 5.1min
[CV 3/5] END colsample_bytree=0.8997767208035865, gamma=2.190145932204617, learning_rate=0.16271986876703082, max_depth=12, n_estimators=547, reg_alpha=0.717031151159837, reg_lambda=0.42417807246068207, scale_pos_weight=6.852556915729863, subsample=0.6765419227639857;, score=0.627 total time= 5.2min
[CV 4/5] END colsample_bytree=0.8670140089927842, gamma=4.6968486880138585, learning_rate=0.05744608180517957, max_depth=5, n_estimators=490, reg_alpha=0.37257977798325786, reg_lambda=0.4590245141508057, scale_pos_weight=5.812886441090221, subsample=0.8926419685712479;, score=0.688 total time= 1.6min
[CV 2/5] END colsample_bytree=0.7717015338451563, gamma=4.600046132186582, learning_rate=0.15397534404304786, max_depth=13, n_estimators=228, reg_alpha=0.05113455367705179, reg_lambda=0.5707778026788982, scale_pos_weight=1.2322097654816897, subsample=0.6928647954923324;, score=0.655 total time= 1.3min
[CV 2/5] END colsample_bytree=0.5, gamma=5.0, learning_rate=0.0715359696555296, max_depth=3, n_estimators=173, reg_alpha=0.3998888022778983, reg_lambda=0.3380223041660989, scale_pos_weight=7.009538731896518, subsample=0.9617382846548023;, score=0.682 total time=  26.5s
[CV 5/5] END colsample_bytree=0.5444042047548175, gamma=5.0, learning_rate=0.01, max_depth=4, n_estimators=473, reg_alpha=0.31884686378735655, reg_lambda=0.7903203776242965, scale_pos_weight=6.251375633267298, subsample=0.708300156757276;, score=0.681 total time= 1.5min
[CV 3/5] END colsample_bytree=0.9186941777766422, gamma=4.416576386904311, learning_rate=0.09798893186641074, max_depth=14, n_estimators=525, reg_alpha=0.06231294084407148, reg_lambda=0.13830853827857517, scale_pos_weight=4.182286578655763, subsample=0.8178645509395852;, score=0.649 total time= 4.0min
[CV 4/5] END colsample_bytree=0.9061979941786817, gamma=0.8593578069828035, learning_rate=0.18343365247851712, max_depth=13, n_estimators=338, reg_alpha=0.09545503921499346, reg_lambda=0.7558005328358816, scale_pos_weight=8.853673179789478, subsample=0.9559644307534418;, score=0.629 total time= 5.0min
[CV 1/5] END colsample_bytree=0.8997767208035865, gamma=2.190145932204617, learning_rate=0.16271986876703082, max_depth=12, n_estimators=547, reg_alpha=0.717031151159837, reg_lambda=0.42417807246068207, scale_pos_weight=6.852556915729863, subsample=0.6765419227639857;, score=0.631 total time= 4.6min
[CV 1/5] END colsample_bytree=0.8670140089927842, gamma=4.6968486880138585, learning_rate=0.05744608180517957, max_depth=5, n_estimators=490, reg_alpha=0.37257977798325786, reg_lambda=0.4590245141508057, scale_pos_weight=5.812886441090221, subsample=0.8926419685712479;, score=0.687 total time= 1.6min
[CV 3/5] END colsample_bytree=0.7717015338451563, gamma=4.600046132186582, learning_rate=0.15397534404304786, max_depth=13, n_estimators=228, reg_alpha=0.05113455367705179, reg_lambda=0.5707778026788982, scale_pos_weight=1.2322097654816897, subsample=0.6928647954923324;, score=0.651 total time= 1.3min
[CV 5/5] END colsample_bytree=1.0, gamma=5.0, learning_rate=0.01, max_depth=3, n_estimators=483, reg_alpha=0.9769378122197475, reg_lambda=0.7963590797689019, scale_pos_weight=9.32495126467606, subsample=0.7286600985241344;, score=0.678 total time= 1.1min
[CV 1/5] END colsample_bytree=0.5444042047548175, gamma=5.0, learning_rate=0.01, max_depth=4, n_estimators=473, reg_alpha=0.31884686378735655, reg_lambda=0.7903203776242965, scale_pos_weight=6.251375633267298, subsample=0.708300156757276;, score=0.679 total time= 1.5min
[CV 3/5] END colsample_bytree=1.0, gamma=5.0, learning_rate=0.01, max_depth=3, n_estimators=483, reg_alpha=0.9769378122197475, reg_lambda=0.7963590797689019, scale_pos_weight=9.32495126467606, subsample=0.7286600985241344;, score=0.671 total time= 1.1min
[CV 4/5] END colsample_bytree=0.5444042047548175, gamma=5.0, learning_rate=0.01, max_depth=4, n_estimators=473, reg_alpha=0.31884686378735655, reg_lambda=0.7903203776242965, scale_pos_weight=6.251375633267298, subsample=0.708300156757276;, score=0.680 total time= 1.5min
[CV 1/5] END colsample_bytree=1.0, gamma=5.0, learning_rate=0.01, max_depth=3, n_estimators=483, reg_alpha=0.9769378122197475, reg_lambda=0.7963590797689019, scale_pos_weight=9.32495126467606, subsample=0.7286600985241344;, score=0.675 total time= 1.1min
[CV 3/5] END colsample_bytree=0.5444042047548175, gamma=5.0, learning_rate=0.01, max_depth=4, n_estimators=473, reg_alpha=0.31884686378735655, reg_lambda=0.7903203776242965, scale_pos_weight=6.251375633267298, subsample=0.708300156757276;, score=0.674 total time= 1.6min
[CV 2/5] END colsample_bytree=1.0, gamma=5.0, learning_rate=0.01, max_depth=3, n_estimators=483, reg_alpha=0.9769378122197475, reg_lambda=0.7963590797689019, scale_pos_weight=9.32495126467606, subsample=0.7286600985241344;, score=0.677 total time= 1.1min
[CV 2/5] END colsample_bytree=0.5444042047548175, gamma=5.0, learning_rate=0.01, max_depth=4, n_estimators=473, reg_alpha=0.31884686378735655, reg_lambda=0.7903203776242965, scale_pos_weight=6.251375633267298, subsample=0.708300156757276;, score=0.680 total time= 1.6min
[CV 2/5] END colsample_bytree=0.8085396792511581, gamma=3.876821894139413, learning_rate=0.11411665025720713, max_depth=13, n_estimators=376, reg_alpha=0.5946200350868385, reg_lambda=0.6487775097037258, scale_pos_weight=4.798743273556276, subsample=0.866941242634403;, score=0.652 total time= 3.6min
[CV 4/5] END colsample_bytree=0.9777389931549642, gamma=3.50310722310683, learning_rate=0.26277905925433237, max_depth=8, n_estimators=260, reg_alpha=0.21141428727419626, reg_lambda=6.105075267348604e-05, scale_pos_weight=4.33616938896434, subsample=0.7971894567956928;, score=0.638 total time= 1.3min
[CV 1/5] END colsample_bytree=0.982378066509251, gamma=5.0, learning_rate=0.1780969907169086, max_depth=3, n_estimators=344, reg_alpha=0.6995251227156402, reg_lambda=0.7981080588585683, scale_pos_weight=1.0, subsample=0.5202397957769516;, score=0.684 total time=  48.3s
[CV 1/5] END colsample_bytree=0.7217860604193604, gamma=5.0, learning_rate=0.24448339940384545, max_depth=3, n_estimators=188, reg_alpha=0.6482084432894853, reg_lambda=0.4126559235589199, scale_pos_weight=1.0, subsample=0.5932873591744144;, score=0.685 total time=  29.5s
[CV 4/5] END colsample_bytree=0.982378066509251, gamma=5.0, learning_rate=0.1780969907169086, max_depth=3, n_estimators=344, reg_alpha=0.6995251227156402, reg_lambda=0.7981080588585683, scale_pos_weight=1.0, subsample=0.5202397957769516;, score=0.685 total time=  51.7s
[CV 5/5] END colsample_bytree=0.7217860604193604, gamma=5.0, learning_rate=0.24448339940384545, max_depth=3, n_estimators=188, reg_alpha=0.6482084432894853, reg_lambda=0.4126559235589199, scale_pos_weight=1.0, subsample=0.5932873591744144;, score=0.686 total time=  33.5s
[CV 2/5] END colsample_bytree=0.5018151536273716, gamma=4.089150098318758, learning_rate=0.22497199586672792, max_depth=6, n_estimators=368, reg_alpha=0.27471484883541747, reg_lambda=0.31283930623462813, scale_pos_weight=2.373351281545999, subsample=0.9469190305262598;, score=0.671 total time=  55.0s
[CV 5/5] END colsample_bytree=0.982378066509251, gamma=5.0, learning_rate=0.1780969907169086, max_depth=3, n_estimators=344, reg_alpha=0.6995251227156402, reg_lambda=0.7981080588585683, scale_pos_weight=1.0, subsample=0.5202397957769516;, score=0.686 total time=  50.4s
[CV 3/5] END colsample_bytree=0.7217860604193604, gamma=5.0, learning_rate=0.24448339940384545, max_depth=3, n_estimators=188, reg_alpha=0.6482084432894853, reg_lambda=0.4126559235589199, scale_pos_weight=1.0, subsample=0.5932873591744144;, score=0.679 total time=  33.9s
[CV 3/5] END colsample_bytree=0.8085396792511581, gamma=3.876821894139413, learning_rate=0.11411665025720713, max_depth=13, n_estimators=376, reg_alpha=0.5946200350868385, reg_lambda=0.6487775097037258, scale_pos_weight=4.798743273556276, subsample=0.866941242634403;, score=0.649 total time= 3.6min
[CV 5/5] END colsample_bytree=0.9777389931549642, gamma=3.50310722310683, learning_rate=0.26277905925433237, max_depth=8, n_estimators=260, reg_alpha=0.21141428727419626, reg_lambda=6.105075267348604e-05, scale_pos_weight=4.33616938896434, subsample=0.7971894567956928;, score=0.642 total time= 1.4min
[CV 3/5] END colsample_bytree=0.982378066509251, gamma=5.0, learning_rate=0.1780969907169086, max_depth=3, n_estimators=344, reg_alpha=0.6995251227156402, reg_lambda=0.7981080588585683, scale_pos_weight=1.0, subsample=0.5202397957769516;, score=0.680 total time=  50.2s
[CV 2/5] END colsample_bytree=0.7217860604193604, gamma=5.0, learning_rate=0.24448339940384545, max_depth=3, n_estimators=188, reg_alpha=0.6482084432894853, reg_lambda=0.4126559235589199, scale_pos_weight=1.0, subsample=0.5932873591744144;, score=0.682 total time=  34.7s
[CV 1/5] END colsample_bytree=0.8085396792511581, gamma=3.876821894139413, learning_rate=0.11411665025720713, max_depth=13, n_estimators=376, reg_alpha=0.5946200350868385, reg_lambda=0.6487775097037258, scale_pos_weight=4.798743273556276, subsample=0.866941242634403;, score=0.655 total time= 3.4min
[CV 1/5] END colsample_bytree=0.9777389931549642, gamma=3.50310722310683, learning_rate=0.26277905925433237, max_depth=8, n_estimators=260, reg_alpha=0.21141428727419626, reg_lambda=6.105075267348604e-05, scale_pos_weight=4.33616938896434, subsample=0.7971894567956928;, score=0.641 total time= 1.4min
[CV 2/5] END colsample_bytree=0.982378066509251, gamma=5.0, learning_rate=0.1780969907169086, max_depth=3, n_estimators=344, reg_alpha=0.6995251227156402, reg_lambda=0.7981080588585683, scale_pos_weight=1.0, subsample=0.5202397957769516;, score=0.683 total time=  50.6s
[CV 4/5] END colsample_bytree=0.7217860604193604, gamma=5.0, learning_rate=0.24448339940384545, max_depth=3, n_estimators=188, reg_alpha=0.6482084432894853, reg_lambda=0.4126559235589199, scale_pos_weight=1.0, subsample=0.5932873591744144;, score=0.683 total time=  34.8s
[CV 1/5] END colsample_bytree=0.5018151536273716, gamma=4.089150098318758, learning_rate=0.22497199586672792, max_depth=6, n_estimators=368, reg_alpha=0.27471484883541747, reg_lambda=0.31283930623462813, scale_pos_weight=2.373351281545999, subsample=0.9469190305262598;, score=0.676 total time= 1.0min
[CV 2/5] END colsample_bytree=0.8340122264119785, gamma=1.7617435688933223, learning_rate=0.01, max_depth=3, n_estimators=104, reg_alpha=0.5522711025771004, reg_lambda=0.6788028150533629, scale_pos_weight=8.125375276994726, subsample=0.9391903387458296;, score=0.661 total time=  22.4s
[CV 2/5] END colsample_bytree=0.5, gamma=2.8440305247568256, learning_rate=0.2019700481388011, max_depth=3, n_estimators=211, reg_alpha=0.11147821123810243, reg_lambda=0.12329052451882595, scale_pos_weight=1.0, subsample=0.8827361539032343;, score=0.684 total time=  30.9s
[CV 5/5] END colsample_bytree=0.5018151536273716, gamma=4.089150098318758, learning_rate=0.22497199586672792, max_depth=6, n_estimators=368, reg_alpha=0.27471484883541747, reg_lambda=0.31283930623462813, scale_pos_weight=2.373351281545999, subsample=0.9469190305262598;, score=0.676 total time=  57.3s
[CV 1/5] END colsample_bytree=0.8340122264119785, gamma=1.7617435688933223, learning_rate=0.01, max_depth=3, n_estimators=104, reg_alpha=0.5522711025771004, reg_lambda=0.6788028150533629, scale_pos_weight=8.125375276994726, subsample=0.9391903387458296;, score=0.657 total time=  21.7s
[CV 1/5] END colsample_bytree=0.5, gamma=2.8440305247568256, learning_rate=0.2019700481388011, max_depth=3, n_estimators=211, reg_alpha=0.11147821123810243, reg_lambda=0.12329052451882595, scale_pos_weight=1.0, subsample=0.8827361539032343;, score=0.686 total time=  32.4s
[CV 3/5] END colsample_bytree=0.5018151536273716, gamma=4.089150098318758, learning_rate=0.22497199586672792, max_depth=6, n_estimators=368, reg_alpha=0.27471484883541747, reg_lambda=0.31283930623462813, scale_pos_weight=2.373351281545999, subsample=0.9469190305262598;, score=0.672 total time= 1.1min
[CV 4/5] END colsample_bytree=0.8340122264119785, gamma=1.7617435688933223, learning_rate=0.01, max_depth=3, n_estimators=104, reg_alpha=0.5522711025771004, reg_lambda=0.6788028150533629, scale_pos_weight=8.125375276994726, subsample=0.9391903387458296;, score=0.661 total time=  24.4s
[CV 5/5] END colsample_bytree=0.5, gamma=2.8440305247568256, learning_rate=0.2019700481388011, max_depth=3, n_estimators=211, reg_alpha=0.11147821123810243, reg_lambda=0.12329052451882595, scale_pos_weight=1.0, subsample=0.8827361539032343;, score=0.688 total time=  33.9s
[CV 1/5] END colsample_bytree=0.5, gamma=5.0, learning_rate=0.01, max_depth=3, n_estimators=50, reg_alpha=0.0, reg_lambda=0.0, scale_pos_weight=1.0, subsample=1.0;, score=0.654 total time=  14.5s
[CV 5/5] END colsample_bytree=0.8340122264119785, gamma=1.7617435688933223, learning_rate=0.01, max_depth=3, n_estimators=104, reg_alpha=0.5522711025771004, reg_lambda=0.6788028150533629, scale_pos_weight=8.125375276994726, subsample=0.9391903387458296;, score=0.659 total time=  22.3s
[CV 3/5] END colsample_bytree=0.5, gamma=2.8440305247568256, learning_rate=0.2019700481388011, max_depth=3, n_estimators=211, reg_alpha=0.11147821123810243, reg_lambda=0.12329052451882595, scale_pos_weight=1.0, subsample=0.8827361539032343;, score=0.681 total time=  35.0s
[CV 4/5] END colsample_bytree=0.5018151536273716, gamma=4.089150098318758, learning_rate=0.22497199586672792, max_depth=6, n_estimators=368, reg_alpha=0.27471484883541747, reg_lambda=0.31283930623462813, scale_pos_weight=2.373351281545999, subsample=0.9469190305262598;, score=0.675 total time= 1.1min
[CV 3/5] END colsample_bytree=0.8340122264119785, gamma=1.7617435688933223, learning_rate=0.01, max_depth=3, n_estimators=104, reg_alpha=0.5522711025771004, reg_lambda=0.6788028150533629, scale_pos_weight=8.125375276994726, subsample=0.9391903387458296;, score=0.654 total time=  24.3s
[CV 4/5] END colsample_bytree=0.5, gamma=2.8440305247568256, learning_rate=0.2019700481388011, max_depth=3, n_estimators=211, reg_alpha=0.11147821123810243, reg_lambda=0.12329052451882595, scale_pos_weight=1.0, subsample=0.8827361539032343;, score=0.686 total time=  36.1s
Fitting 5 folds for each of 1 candidates, totalling 5 fits
Fitting 5 folds for each of 1 candidates, totalling 5 fits
Fitting 5 folds for each of 1 candidates, totalling 5 fits
[CV 2/5] END colsample_bytree=0.5, gamma=5.0, learning_rate=0.01, max_depth=3, n_estimators=50, reg_alpha=0.0, reg_lambda=0.0, scale_pos_weight=1.0, subsample=1.0;, score=0.657 total time=  18.1s
[CV 4/5] END colsample_bytree=0.629270109327372, gamma=5.0, learning_rate=0.12772449656427406, max_depth=6, n_estimators=578, reg_alpha=0.2548618793088069, reg_lambda=0.451867599052183, scale_pos_weight=4.239811483291875, subsample=0.5125084296993229;, score=0.668 total time= 1.9min
[CV 2/5] END colsample_bytree=0.9025152205651616, gamma=5.0, learning_rate=0.01, max_depth=15, n_estimators=266, reg_alpha=0.6196906963381816, reg_lambda=0.7013020221873176, scale_pos_weight=10.0, subsample=0.7977920451733672;, score=0.674 total time=11.6min
[CV 5/5] END colsample_bytree=0.8626395779549607, gamma=0.0, learning_rate=0.12920115038488275, max_depth=3, n_estimators=549, reg_alpha=0.78953403092232, reg_lambda=0.6820753743250292, scale_pos_weight=1.0, subsample=0.7197553659429982;, score=0.689 total time= 1.1min
[CV 4/5] END colsample_bytree=0.5, gamma=5.0, learning_rate=0.01, max_depth=3, n_estimators=50, reg_alpha=0.0, reg_lambda=0.0, scale_pos_weight=1.0, subsample=1.0;, score=0.657 total time=  16.8s
[CV 3/5] END colsample_bytree=0.629270109327372, gamma=5.0, learning_rate=0.12772449656427406, max_depth=6, n_estimators=578, reg_alpha=0.2548618793088069, reg_lambda=0.451867599052183, scale_pos_weight=4.239811483291875, subsample=0.5125084296993229;, score=0.661 total time= 1.9min
[CV 1/5] END colsample_bytree=0.9025152205651616, gamma=5.0, learning_rate=0.01, max_depth=15, n_estimators=266, reg_alpha=0.6196906963381816, reg_lambda=0.7013020221873176, scale_pos_weight=10.0, subsample=0.7977920451733672;, score=0.676 total time=11.2min
[CV 3/5] END colsample_bytree=0.8626395779549607, gamma=0.0, learning_rate=0.12920115038488275, max_depth=3, n_estimators=549, reg_alpha=0.78953403092232, reg_lambda=0.6820753743250292, scale_pos_weight=1.0, subsample=0.7197553659429982;, score=0.682 total time= 1.1min
[CV 2/5] END colsample_bytree=0.9186941777766422, gamma=4.416576386904311, learning_rate=0.09798893186641074, max_depth=14, n_estimators=525, reg_alpha=0.06231294084407148, reg_lambda=0.13830853827857517, scale_pos_weight=4.182286578655763, subsample=0.8178645509395852;, score=0.652 total time= 4.1min
[CV 5/5] END colsample_bytree=0.9061979941786817, gamma=0.8593578069828035, learning_rate=0.18343365247851712, max_depth=13, n_estimators=338, reg_alpha=0.09545503921499346, reg_lambda=0.7558005328358816, scale_pos_weight=8.853673179789478, subsample=0.9559644307534418;, score=0.632 total time= 5.0min
[CV 2/5] END colsample_bytree=0.8997767208035865, gamma=2.190145932204617, learning_rate=0.16271986876703082, max_depth=12, n_estimators=547, reg_alpha=0.717031151159837, reg_lambda=0.42417807246068207, scale_pos_weight=6.852556915729863, subsample=0.6765419227639857;, score=0.628 total time= 4.9min
[CV 2/5] END colsample_bytree=0.8670140089927842, gamma=4.6968486880138585, learning_rate=0.05744608180517957, max_depth=5, n_estimators=490, reg_alpha=0.37257977798325786, reg_lambda=0.4590245141508057, scale_pos_weight=5.812886441090221, subsample=0.8926419685712479;, score=0.685 total time= 1.5min
[CV 1/5] END colsample_bytree=0.7717015338451563, gamma=4.600046132186582, learning_rate=0.15397534404304786, max_depth=13, n_estimators=228, reg_alpha=0.05113455367705179, reg_lambda=0.5707778026788982, scale_pos_weight=1.2322097654816897, subsample=0.6928647954923324;, score=0.659 total time= 1.2min
[CV 4/5] END colsample_bytree=1.0, gamma=5.0, learning_rate=0.01, max_depth=3, n_estimators=483, reg_alpha=0.9769378122197475, reg_lambda=0.7963590797689019, scale_pos_weight=9.32495126467606, subsample=0.7286600985241344;, score=0.676 total time= 1.0min
[CV 5/5] END colsample_bytree=0.629270109327372, gamma=5.0, learning_rate=0.12772449656427406, max_depth=6, n_estimators=578, reg_alpha=0.2548618793088069, reg_lambda=0.451867599052183, scale_pos_weight=4.239811483291875, subsample=0.5125084296993229;, score=0.670 total time= 1.9min
[CV 3/5] END colsample_bytree=0.9025152205651616, gamma=5.0, learning_rate=0.01, max_depth=15, n_estimators=266, reg_alpha=0.6196906963381816, reg_lambda=0.7013020221873176, scale_pos_weight=10.0, subsample=0.7977920451733672;, score=0.669 total time=11.1min
[CV 2/5] END colsample_bytree=0.8626395779549607, gamma=0.0, learning_rate=0.12920115038488275, max_depth=3, n_estimators=549, reg_alpha=0.78953403092232, reg_lambda=0.6820753743250292, scale_pos_weight=1.0, subsample=0.7197553659429982;, score=0.683 total time= 1.1min
[CV 5/5] END colsample_bytree=0.5, gamma=5.0, learning_rate=0.01, max_depth=3, n_estimators=50, reg_alpha=0.0, reg_lambda=0.0, scale_pos_weight=1.0, subsample=1.0;, score=0.656 total time=  16.1s
[CV 1/5] END colsample_bytree=0.629270109327372, gamma=5.0, learning_rate=0.12772449656427406, max_depth=6, n_estimators=578, reg_alpha=0.2548618793088069, reg_lambda=0.451867599052183, scale_pos_weight=4.239811483291875, subsample=0.5125084296993229;, score=0.668 total time= 2.0min
[CV 4/5] END colsample_bytree=0.9025152205651616, gamma=5.0, learning_rate=0.01, max_depth=15, n_estimators=266, reg_alpha=0.6196906963381816, reg_lambda=0.7013020221873176, scale_pos_weight=10.0, subsample=0.7977920451733672;, score=0.678 total time=11.1min
[CV 1/5] END colsample_bytree=0.8626395779549607, gamma=0.0, learning_rate=0.12920115038488275, max_depth=3, n_estimators=549, reg_alpha=0.78953403092232, reg_lambda=0.6820753743250292, scale_pos_weight=1.0, subsample=0.7197553659429982;, score=0.687 total time= 1.1min
[CV 3/5] END colsample_bytree=0.5, gamma=5.0, learning_rate=0.01, max_depth=3, n_estimators=50, reg_alpha=0.0, reg_lambda=0.0, scale_pos_weight=1.0, subsample=1.0;, score=0.651 total time=  16.9s
[CV 2/5] END colsample_bytree=0.629270109327372, gamma=5.0, learning_rate=0.12772449656427406, max_depth=6, n_estimators=578, reg_alpha=0.2548618793088069, reg_lambda=0.451867599052183, scale_pos_weight=4.239811483291875, subsample=0.5125084296993229;, score=0.663 total time= 2.1min
[CV 5/5] END colsample_bytree=0.9025152205651616, gamma=5.0, learning_rate=0.01, max_depth=15, n_estimators=266, reg_alpha=0.6196906963381816, reg_lambda=0.7013020221873176, scale_pos_weight=10.0, subsample=0.7977920451733672;, score=0.676 total time=11.3min
[CV 4/5] END colsample_bytree=0.8626395779549607, gamma=0.0, learning_rate=0.12920115038488275, max_depth=3, n_estimators=549, reg_alpha=0.78953403092232, reg_lambda=0.6820753743250292, scale_pos_weight=1.0, subsample=0.7197553659429982;, score=0.687 total time= 1.1min
[CV 2/5] END colsample_bytree=0.8926367468392564, gamma=0.0, learning_rate=0.07732538253822877, max_depth=3, n_estimators=300, reg_alpha=0.624446866681433, reg_lambda=0.8998052624846022, scale_pos_weight=3.1656247549440995, subsample=0.790375130816422;, score=0.684 total time=  41.7s
[CV 1/5] END colsample_bytree=0.8926367468392564, gamma=0.0, learning_rate=0.07732538253822877, max_depth=3, n_estimators=300, reg_alpha=0.624446866681433, reg_lambda=0.8998052624846022, scale_pos_weight=3.1656247549440995, subsample=0.790375130816422;, score=0.686 total time=  43.5s
[CV 5/5] END colsample_bytree=0.8926367468392564, gamma=0.0, learning_rate=0.07732538253822877, max_depth=3, n_estimators=300, reg_alpha=0.624446866681433, reg_lambda=0.8998052624846022, scale_pos_weight=3.1656247549440995, subsample=0.790375130816422;, score=0.688 total time=  43.5s
[CV 4/5] END colsample_bytree=0.8926367468392564, gamma=0.0, learning_rate=0.07732538253822877, max_depth=3, n_estimators=300, reg_alpha=0.624446866681433, reg_lambda=0.8998052624846022, scale_pos_weight=3.1656247549440995, subsample=0.790375130816422;, score=0.686 total time=  46.1s
[CV 3/5] END colsample_bytree=0.8926367468392564, gamma=0.0, learning_rate=0.07732538253822877, max_depth=3, n_estimators=300, reg_alpha=0.624446866681433, reg_lambda=0.8998052624846022, scale_pos_weight=3.1656247549440995, subsample=0.790375130816422;, score=0.681 total time=  47.9s
[CV 5/5] END colsample_bytree=0.5064085197493734, gamma=3.401750559773537, learning_rate=0.13840630429358883, max_depth=6, n_estimators=50, reg_alpha=0.6638893308483016, reg_lambda=0.7344868313621615, scale_pos_weight=6.479959090794899, subsample=1.0;, score=0.685 total time=  16.2s
[CV 1/5] END colsample_bytree=0.5064085197493734, gamma=3.401750559773537, learning_rate=0.13840630429358883, max_depth=6, n_estimators=50, reg_alpha=0.6638893308483016, reg_lambda=0.7344868313621615, scale_pos_weight=6.479959090794899, subsample=1.0;, score=0.684 total time=  17.3s
[CV 3/5] END colsample_bytree=0.5064085197493734, gamma=3.401750559773537, learning_rate=0.13840630429358883, max_depth=6, n_estimators=50, reg_alpha=0.6638893308483016, reg_lambda=0.7344868313621615, scale_pos_weight=6.479959090794899, subsample=1.0;, score=0.679 total time=  16.7s
[CV 2/5] END colsample_bytree=0.5064085197493734, gamma=3.401750559773537, learning_rate=0.13840630429358883, max_depth=6, n_estimators=50, reg_alpha=0.6638893308483016, reg_lambda=0.7344868313621615, scale_pos_weight=6.479959090794899, subsample=1.0;, score=0.682 total time=  21.6s
[CV 4/5] END colsample_bytree=0.5064085197493734, gamma=3.401750559773537, learning_rate=0.13840630429358883, max_depth=6, n_estimators=50, reg_alpha=0.6638893308483016, reg_lambda=0.7344868313621615, scale_pos_weight=6.479959090794899, subsample=1.0;, score=0.685 total time=  22.8s
Fitting 5 folds for each of 1 candidates, totalling 5 fits
Fitting 5 folds for each of 1 candidates, totalling 5 fits
Fitting 5 folds for each of 1 candidates, totalling 5 fits
Fitting 5 folds for each of 1 candidates, totalling 5 fits
Fitting 5 folds for each of 1 candidates, totalling 5 fits
Fitting 5 folds for each of 1 candidates, totalling 5 fits
[CV 3/5] END colsample_bytree=0.984136113553228, gamma=1.31410886535973, learning_rate=0.01, max_depth=10, n_estimators=600, reg_alpha=0.6598513227524488, reg_lambda=0.5230959216737686, scale_pos_weight=1.0, subsample=0.7843563427509233;, score=0.684 total time= 6.2min
[CV 5/5] END colsample_bytree=0.5, gamma=1.492797033509574, learning_rate=0.01, max_depth=12, n_estimators=50, reg_alpha=0.0, reg_lambda=1.0, scale_pos_weight=1.0, subsample=0.5;, score=0.678 total time= 1.1min
Fitting 5 folds for each of 1 candidates, totalling 5 fits
Fitting 5 folds for each of 1 candidates, totalling 5 fits
[CV 2/5] END colsample_bytree=0.7968335114885143, gamma=0.0, learning_rate=0.22318139628415126, max_depth=3, n_estimators=600, reg_alpha=0.0682532309967339, reg_lambda=0.16854071674237875, scale_pos_weight=1.0, subsample=1.0;, score=0.682 total time=  55.7s
[CV 3/5] END colsample_bytree=0.7968335114885143, gamma=0.0, learning_rate=0.22318139628415126, max_depth=3, n_estimators=600, reg_alpha=0.0682532309967339, reg_lambda=0.16854071674237875, scale_pos_weight=1.0, subsample=1.0;, score=0.680 total time= 1.0min
[CV 1/5] END colsample_bytree=0.7968335114885143, gamma=0.0, learning_rate=0.22318139628415126, max_depth=3, n_estimators=600, reg_alpha=0.0682532309967339, reg_lambda=0.16854071674237875, scale_pos_weight=1.0, subsample=1.0;, score=0.684 total time= 1.0min
[CV 5/5] END colsample_bytree=0.7968335114885143, gamma=0.0, learning_rate=0.22318139628415126, max_depth=3, n_estimators=600, reg_alpha=0.0682532309967339, reg_lambda=0.16854071674237875, scale_pos_weight=1.0, subsample=1.0;, score=0.686 total time= 1.0min
[CV 2/5] END colsample_bytree=0.5, gamma=0.0, learning_rate=0.08481545273490586, max_depth=3, n_estimators=600, reg_alpha=0.27485457513459893, reg_lambda=0.9677442414141502, scale_pos_weight=10.0, subsample=1.0;, score=0.684 total time= 1.1min
[CV 3/5] END colsample_bytree=0.5, gamma=0.0, learning_rate=0.08481545273490586, max_depth=3, n_estimators=600, reg_alpha=0.27485457513459893, reg_lambda=0.9677442414141502, scale_pos_weight=10.0, subsample=1.0;, score=0.682 total time= 1.1min
[CV 1/5] END colsample_bytree=0.5, gamma=0.0, learning_rate=0.08481545273490586, max_depth=3, n_estimators=600, reg_alpha=0.27485457513459893, reg_lambda=0.9677442414141502, scale_pos_weight=10.0, subsample=1.0;, score=0.687 total time= 1.2min
[CV 5/5] END colsample_bytree=0.5, gamma=0.0, learning_rate=0.08481545273490586, max_depth=3, n_estimators=600, reg_alpha=0.27485457513459893, reg_lambda=0.9677442414141502, scale_pos_weight=10.0, subsample=1.0;, score=0.690 total time= 1.3min
[CV 4/5] END colsample_bytree=0.5, gamma=0.0, learning_rate=0.08481545273490586, max_depth=3, n_estimators=600, reg_alpha=0.27485457513459893, reg_lambda=0.9677442414141502, scale_pos_weight=10.0, subsample=1.0;, score=0.687 total time= 1.3min
[CV 3/5] END colsample_bytree=0.5, gamma=5.0, learning_rate=0.0579482406998746, max_depth=3, n_estimators=600, reg_alpha=0.9297737933336356, reg_lambda=0.09206501211607172, scale_pos_weight=1.0, subsample=1.0;, score=0.682 total time= 1.1min
[CV 4/5] END colsample_bytree=0.5573128130355345, gamma=2.8171054876833357, learning_rate=0.0900640011263653, max_depth=7, n_estimators=50, reg_alpha=0.480264482997821, reg_lambda=0.7175549155250676, scale_pos_weight=1.0, subsample=0.8900619428672003;, score=0.684 total time=  15.7s
[CV 5/5] END colsample_bytree=0.5, gamma=5.0, learning_rate=0.0579482406998746, max_depth=3, n_estimators=600, reg_alpha=0.9297737933336356, reg_lambda=0.09206501211607172, scale_pos_weight=1.0, subsample=1.0;, score=0.688 total time= 1.2min
[CV 4/5] END colsample_bytree=0.984136113553228, gamma=1.31410886535973, learning_rate=0.01, max_depth=10, n_estimators=600, reg_alpha=0.6598513227524488, reg_lambda=0.5230959216737686, scale_pos_weight=1.0, subsample=0.7843563427509233;, score=0.689 total time= 6.0min
[CV 2/5] END colsample_bytree=0.5, gamma=1.492797033509574, learning_rate=0.01, max_depth=12, n_estimators=50, reg_alpha=0.0, reg_lambda=1.0, scale_pos_weight=1.0, subsample=0.5;, score=0.678 total time= 1.0min
[CV 1/5] END colsample_bytree=0.5573128130355345, gamma=2.8171054876833357, learning_rate=0.0900640011263653, max_depth=7, n_estimators=50, reg_alpha=0.480264482997821, reg_lambda=0.7175549155250676, scale_pos_weight=1.0, subsample=0.8900619428672003;, score=0.684 total time=  16.8s
[CV 4/5] END colsample_bytree=0.5, gamma=5.0, learning_rate=0.0579482406998746, max_depth=3, n_estimators=600, reg_alpha=0.9297737933336356, reg_lambda=0.09206501211607172, scale_pos_weight=1.0, subsample=1.0;, score=0.686 total time= 1.2min
[CV 2/5] END colsample_bytree=0.5, gamma=5.0, learning_rate=0.0579482406998746, max_depth=3, n_estimators=600, reg_alpha=0.9297737933336356, reg_lambda=0.09206501211607172, scale_pos_weight=1.0, subsample=1.0;, score=0.684 total time= 1.2min
[CV 1/5] END colsample_bytree=0.5, gamma=5.0, learning_rate=0.0579482406998746, max_depth=3, n_estimators=600, reg_alpha=0.9297737933336356, reg_lambda=0.09206501211607172, scale_pos_weight=1.0, subsample=1.0;, score=0.686 total time= 1.2min
[CV 5/5] END colsample_bytree=0.984136113553228, gamma=1.31410886535973, learning_rate=0.01, max_depth=10, n_estimators=600, reg_alpha=0.6598513227524488, reg_lambda=0.5230959216737686, scale_pos_weight=1.0, subsample=0.7843563427509233;, score=0.691 total time= 6.1min
[CV 3/5] END colsample_bytree=0.5, gamma=1.492797033509574, learning_rate=0.01, max_depth=12, n_estimators=50, reg_alpha=0.0, reg_lambda=1.0, scale_pos_weight=1.0, subsample=0.5;, score=0.672 total time= 1.2min
[CV 5/5] END colsample_bytree=0.5573128130355345, gamma=2.8171054876833357, learning_rate=0.0900640011263653, max_depth=7, n_estimators=50, reg_alpha=0.480264482997821, reg_lambda=0.7175549155250676, scale_pos_weight=1.0, subsample=0.8900619428672003;, score=0.685 total time=  19.3s
[CV 1/5] END colsample_bytree=0.8046465367031439, gamma=5.0, learning_rate=0.0836241668643484, max_depth=15, n_estimators=50, reg_alpha=1.0, reg_lambda=0.795072806826054, scale_pos_weight=1.0, subsample=0.5;, score=0.668 total time=  54.4s
[CV 1/5] END colsample_bytree=0.5, gamma=0.0, learning_rate=0.01, max_depth=8, n_estimators=600, reg_alpha=0.031769663092559644, reg_lambda=0.2273206743003711, scale_pos_weight=10.0, subsample=1.0;, score=0.687 total time= 4.1min
[CV 1/5] END colsample_bytree=0.5813802627264266, gamma=2.0909619766124186, learning_rate=0.13311660010889986, max_depth=3, n_estimators=50, reg_alpha=0.9234336194898598, reg_lambda=0.43674301427165263, scale_pos_weight=1.0, subsample=0.5576837576983658;, score=0.678 total time=  14.5s
[CV 4/5] END colsample_bytree=0.8046465367031439, gamma=5.0, learning_rate=0.0836241668643484, max_depth=15, n_estimators=50, reg_alpha=1.0, reg_lambda=0.795072806826054, scale_pos_weight=1.0, subsample=0.5;, score=0.671 total time=  55.7s
[CV 1/5] END colsample_bytree=0.984136113553228, gamma=1.31410886535973, learning_rate=0.01, max_depth=10, n_estimators=600, reg_alpha=0.6598513227524488, reg_lambda=0.5230959216737686, scale_pos_weight=1.0, subsample=0.7843563427509233;, score=0.689 total time= 6.1min
[CV 4/5] END colsample_bytree=0.5, gamma=1.492797033509574, learning_rate=0.01, max_depth=12, n_estimators=50, reg_alpha=0.0, reg_lambda=1.0, scale_pos_weight=1.0, subsample=0.5;, score=0.676 total time= 1.1min
[CV 2/5] END colsample_bytree=0.5573128130355345, gamma=2.8171054876833357, learning_rate=0.0900640011263653, max_depth=7, n_estimators=50, reg_alpha=0.480264482997821, reg_lambda=0.7175549155250676, scale_pos_weight=1.0, subsample=0.8900619428672003;, score=0.684 total time=  20.2s
[CV 2/5] END colsample_bytree=0.8046465367031439, gamma=5.0, learning_rate=0.0836241668643484, max_depth=15, n_estimators=50, reg_alpha=1.0, reg_lambda=0.795072806826054, scale_pos_weight=1.0, subsample=0.5;, score=0.670 total time=  56.8s
[CV 2/5] END colsample_bytree=0.5, gamma=0.0, learning_rate=0.01, max_depth=8, n_estimators=600, reg_alpha=0.031769663092559644, reg_lambda=0.2273206743003711, scale_pos_weight=10.0, subsample=1.0;, score=0.684 total time= 4.3min
[CV 4/5] END colsample_bytree=0.5813802627264266, gamma=2.0909619766124186, learning_rate=0.13311660010889986, max_depth=3, n_estimators=50, reg_alpha=0.9234336194898598, reg_lambda=0.43674301427165263, scale_pos_weight=1.0, subsample=0.5576837576983658;, score=0.678 total time=  15.0s
[CV 5/5] END colsample_bytree=0.8046465367031439, gamma=5.0, learning_rate=0.0836241668643484, max_depth=15, n_estimators=50, reg_alpha=1.0, reg_lambda=0.795072806826054, scale_pos_weight=1.0, subsample=0.5;, score=0.672 total time=  57.2s
[CV 2/5] END colsample_bytree=0.984136113553228, gamma=1.31410886535973, learning_rate=0.01, max_depth=10, n_estimators=600, reg_alpha=0.6598513227524488, reg_lambda=0.5230959216737686, scale_pos_weight=1.0, subsample=0.7843563427509233;, score=0.686 total time= 5.9min
[CV 1/5] END colsample_bytree=0.5, gamma=1.492797033509574, learning_rate=0.01, max_depth=12, n_estimators=50, reg_alpha=0.0, reg_lambda=1.0, scale_pos_weight=1.0, subsample=0.5;, score=0.676 total time= 1.1min
[CV 3/5] END colsample_bytree=0.5573128130355345, gamma=2.8171054876833357, learning_rate=0.0900640011263653, max_depth=7, n_estimators=50, reg_alpha=0.480264482997821, reg_lambda=0.7175549155250676, scale_pos_weight=1.0, subsample=0.8900619428672003;, score=0.679 total time=  21.6s
[CV 3/5] END colsample_bytree=0.8046465367031439, gamma=5.0, learning_rate=0.0836241668643484, max_depth=15, n_estimators=50, reg_alpha=1.0, reg_lambda=0.795072806826054, scale_pos_weight=1.0, subsample=0.5;, score=0.665 total time=  59.4s
[CV 4/5] END colsample_bytree=0.5, gamma=0.0, learning_rate=0.01, max_depth=8, n_estimators=600, reg_alpha=0.031769663092559644, reg_lambda=0.2273206743003711, scale_pos_weight=10.0, subsample=1.0;, score=0.687 total time= 4.2min
[CV 2/5] END colsample_bytree=0.5813802627264266, gamma=2.0909619766124186, learning_rate=0.13311660010889986, max_depth=3, n_estimators=50, reg_alpha=0.9234336194898598, reg_lambda=0.43674301427165263, scale_pos_weight=1.0, subsample=0.5576837576983658;, score=0.678 total time=  16.5s
[CV 3/5] END colsample_bytree=0.5, gamma=0.0, learning_rate=0.01, max_depth=15, n_estimators=600, reg_alpha=0.0, reg_lambda=0.0, scale_pos_weight=1.0, subsample=0.5;, score=0.678 total time=16.6min
[CV 3/5] END colsample_bytree=0.5, gamma=0.0, learning_rate=0.01, max_depth=8, n_estimators=600, reg_alpha=0.031769663092559644, reg_lambda=0.2273206743003711, scale_pos_weight=10.0, subsample=1.0;, score=0.681 total time= 4.3min
[CV 5/5] END colsample_bytree=0.5813802627264266, gamma=2.0909619766124186, learning_rate=0.13311660010889986, max_depth=3, n_estimators=50, reg_alpha=0.9234336194898598, reg_lambda=0.43674301427165263, scale_pos_weight=1.0, subsample=0.5576837576983658;, score=0.680 total time=  15.5s
[CV 1/5] END colsample_bytree=0.5, gamma=0.0, learning_rate=0.01, max_depth=15, n_estimators=600, reg_alpha=0.0, reg_lambda=0.0, scale_pos_weight=1.0, subsample=0.5;, score=0.681 total time=16.6min
[CV 5/5] END colsample_bytree=0.5, gamma=0.0, learning_rate=0.01, max_depth=8, n_estimators=600, reg_alpha=0.031769663092559644, reg_lambda=0.2273206743003711, scale_pos_weight=10.0, subsample=1.0;, score=0.688 total time= 4.3min
[CV 3/5] END colsample_bytree=0.5813802627264266, gamma=2.0909619766124186, learning_rate=0.13311660010889986, max_depth=3, n_estimators=50, reg_alpha=0.9234336194898598, reg_lambda=0.43674301427165263, scale_pos_weight=1.0, subsample=0.5576837576983658;, score=0.673 total time=  16.0s
[CV 2/5] END colsample_bytree=0.5, gamma=0.0, learning_rate=0.01, max_depth=15, n_estimators=600, reg_alpha=0.0, reg_lambda=0.0, scale_pos_weight=1.0, subsample=0.5;, score=0.682 total time=17.3min
[CV 4/5] END colsample_bytree=0.7968335114885143, gamma=0.0, learning_rate=0.22318139628415126, max_depth=3, n_estimators=600, reg_alpha=0.0682532309967339, reg_lambda=0.16854071674237875, scale_pos_weight=1.0, subsample=1.0;, score=0.685 total time=  54.2s
[CV 5/5] END colsample_bytree=0.5, gamma=0.0, learning_rate=0.01, max_depth=15, n_estimators=600, reg_alpha=0.0, reg_lambda=0.0, scale_pos_weight=1.0, subsample=0.5;, score=0.684 total time=17.5min
Fitting 5 folds for each of 1 candidates, totalling 5 fits
Fitting 5 folds for each of 1 candidates, totalling 5 fits
Fitting 5 folds for each of 1 candidates, totalling 5 fits
Fitting 5 folds for each of 1 candidates, totalling 5 fits
Fitting 5 folds for each of 1 candidates, totalling 5 fits
[CV 4/5] END colsample_bytree=0.5, gamma=0.0, learning_rate=0.01, max_depth=15, n_estimators=600, reg_alpha=0.0, reg_lambda=0.0, scale_pos_weight=1.0, subsample=0.5;, score=0.682 total time=17.7min
[CV 1/5] END colsample_bytree=1.0, gamma=0.0, learning_rate=0.19837206916119768, max_depth=6, n_estimators=50, reg_alpha=1.0, reg_lambda=0.0, scale_pos_weight=1.0, subsample=0.6235673107174685;, score=0.679 total time=  16.7s
[CV 2/5] END colsample_bytree=1.0, gamma=0.0, learning_rate=0.19837206916119768, max_depth=6, n_estimators=50, reg_alpha=1.0, reg_lambda=0.0, scale_pos_weight=1.0, subsample=0.6235673107174685;, score=0.679 total time=  17.2s
[CV 3/5] END colsample_bytree=1.0, gamma=0.0, learning_rate=0.19837206916119768, max_depth=6, n_estimators=50, reg_alpha=1.0, reg_lambda=0.0, scale_pos_weight=1.0, subsample=0.6235673107174685;, score=0.677 total time=  18.1s
[CV 5/5] END colsample_bytree=1.0, gamma=0.0, learning_rate=0.19837206916119768, max_depth=6, n_estimators=50, reg_alpha=1.0, reg_lambda=0.0, scale_pos_weight=1.0, subsample=0.6235673107174685;, score=0.683 total time=  18.3s
[CV 4/5] END colsample_bytree=1.0, gamma=0.0, learning_rate=0.19837206916119768, max_depth=6, n_estimators=50, reg_alpha=1.0, reg_lambda=0.0, scale_pos_weight=1.0, subsample=0.6235673107174685;, score=0.680 total time=  22.0s
Fitting 5 folds for each of 1 candidates, totalling 5 fits
Fitting 5 folds for each of 1 candidates, totalling 5 fits
Fitting 5 folds for each of 1 candidates, totalling 5 fits
Fitting 5 folds for each of 1 candidates, totalling 5 fits
Fitting 5 folds for each of 1 candidates, totalling 5 fits
Fitting 5 folds for each of 1 candidates, totalling 5 fits
Fitting 5 folds for each of 1 candidates, totalling 5 fits
Fitting 5 folds for each of 1 candidates, totalling 5 fits
[CV 1/5] END colsample_bytree=0.9200378306496275, gamma=0.9811199092921898, learning_rate=0.03461212301048797, max_depth=11, n_estimators=403, reg_alpha=0.24772952076833726, reg_lambda=0.916687023683679, scale_pos_weight=8.40900206148131, subsample=0.979406565440541;, score=0.673 total time= 5.1min
[CV 4/5] END colsample_bytree=0.9609205764446965, gamma=0.0, learning_rate=0.01, max_depth=7, n_estimators=600, reg_alpha=0.684852742440436, reg_lambda=0.08140119814337927, scale_pos_weight=1.0, subsample=1.0;, score=0.687 total time= 3.0min
[CV 4/5] END colsample_bytree=0.9300376758937348, gamma=2.802369994112681, learning_rate=0.2086741277017683, max_depth=3, n_estimators=245, reg_alpha=0.009850961110846263, reg_lambda=0.2774227624021674, scale_pos_weight=10.0, subsample=1.0;, score=0.686 total time=  36.3s
[CV 5/5] END colsample_bytree=0.5892154043275909, gamma=1.8020362143375477, learning_rate=0.15010832878648198, max_depth=9, n_estimators=56, reg_alpha=0.45086304197014954, reg_lambda=0.1458715991132381, scale_pos_weight=2.9482065300733873, subsample=0.6885269701510259;, score=0.679 total time=  31.2s
[CV 4/5] END colsample_bytree=0.9200378306496275, gamma=0.9811199092921898, learning_rate=0.03461212301048797, max_depth=11, n_estimators=403, reg_alpha=0.24772952076833726, reg_lambda=0.916687023683679, scale_pos_weight=8.40900206148131, subsample=0.979406565440541;, score=0.672 total time= 5.1min
[CV 5/5] END colsample_bytree=0.9609205764446965, gamma=0.0, learning_rate=0.01, max_depth=7, n_estimators=600, reg_alpha=0.684852742440436, reg_lambda=0.08140119814337927, scale_pos_weight=1.0, subsample=1.0;, score=0.689 total time= 2.9min
[CV 3/5] END colsample_bytree=0.9300376758937348, gamma=2.802369994112681, learning_rate=0.2086741277017683, max_depth=3, n_estimators=245, reg_alpha=0.009850961110846263, reg_lambda=0.2774227624021674, scale_pos_weight=10.0, subsample=1.0;, score=0.681 total time=  31.0s
[CV 1/5] END colsample_bytree=0.5892154043275909, gamma=1.8020362143375477, learning_rate=0.15010832878648198, max_depth=9, n_estimators=56, reg_alpha=0.45086304197014954, reg_lambda=0.1458715991132381, scale_pos_weight=2.9482065300733873, subsample=0.6885269701510259;, score=0.676 total time=  31.7s
[CV 5/5] END colsample_bytree=0.9200378306496275, gamma=0.9811199092921898, learning_rate=0.03461212301048797, max_depth=11, n_estimators=403, reg_alpha=0.24772952076833726, reg_lambda=0.916687023683679, scale_pos_weight=8.40900206148131, subsample=0.979406565440541;, score=0.675 total time= 5.0min
[CV 3/5] END colsample_bytree=0.9609205764446965, gamma=0.0, learning_rate=0.01, max_depth=7, n_estimators=600, reg_alpha=0.684852742440436, reg_lambda=0.08140119814337927, scale_pos_weight=1.0, subsample=1.0;, score=0.682 total time= 3.0min
[CV 5/5] END colsample_bytree=0.9300376758937348, gamma=2.802369994112681, learning_rate=0.2086741277017683, max_depth=3, n_estimators=245, reg_alpha=0.009850961110846263, reg_lambda=0.2774227624021674, scale_pos_weight=10.0, subsample=1.0;, score=0.688 total time=  34.2s
[CV 4/5] END colsample_bytree=0.5892154043275909, gamma=1.8020362143375477, learning_rate=0.15010832878648198, max_depth=9, n_estimators=56, reg_alpha=0.45086304197014954, reg_lambda=0.1458715991132381, scale_pos_weight=2.9482065300733873, subsample=0.6885269701510259;, score=0.675 total time=  31.9s
[CV 2/5] END colsample_bytree=0.9200378306496275, gamma=0.9811199092921898, learning_rate=0.03461212301048797, max_depth=11, n_estimators=403, reg_alpha=0.24772952076833726, reg_lambda=0.916687023683679, scale_pos_weight=8.40900206148131, subsample=0.979406565440541;, score=0.670 total time= 5.0min
[CV 2/5] END colsample_bytree=0.9609205764446965, gamma=0.0, learning_rate=0.01, max_depth=7, n_estimators=600, reg_alpha=0.684852742440436, reg_lambda=0.08140119814337927, scale_pos_weight=1.0, subsample=1.0;, score=0.685 total time= 2.9min
[CV 1/5] END colsample_bytree=0.9300376758937348, gamma=2.802369994112681, learning_rate=0.2086741277017683, max_depth=3, n_estimators=245, reg_alpha=0.009850961110846263, reg_lambda=0.2774227624021674, scale_pos_weight=10.0, subsample=1.0;, score=0.686 total time=  34.1s
[CV 3/5] END colsample_bytree=0.5892154043275909, gamma=1.8020362143375477, learning_rate=0.15010832878648198, max_depth=9, n_estimators=56, reg_alpha=0.45086304197014954, reg_lambda=0.1458715991132381, scale_pos_weight=2.9482065300733873, subsample=0.6885269701510259;, score=0.670 total time=  34.8s
Fitting 5 folds for each of 1 candidates, totalling 5 fits
Fitting 5 folds for each of 1 candidates, totalling 5 fits
Fitting 5 folds for each of 1 candidates, totalling 5 fits
Fitting 5 folds for each of 1 candidates, totalling 5 fits
Fitting 5 folds for each of 1 candidates, totalling 5 fits
[CV 5/5] END colsample_bytree=1.0, gamma=2.079550752737629, learning_rate=0.05206678622232346, max_depth=6, n_estimators=250, reg_alpha=1.0, reg_lambda=0.0, scale_pos_weight=1.7874720286236705, subsample=0.7865085962166856;, score=0.690 total time=  56.6s
[CV 1/5] END colsample_bytree=0.6663707628002731, gamma=4.979848436740816, learning_rate=0.27563077140245557, max_depth=3, n_estimators=217, reg_alpha=0.7063888764909696, reg_lambda=0.1251369771615961, scale_pos_weight=4.918021777390711, subsample=0.9985094241183354;, score=0.684 total time=  30.4s
[CV 4/5] END colsample_bytree=1.0, gamma=2.079550752737629, learning_rate=0.05206678622232346, max_depth=6, n_estimators=250, reg_alpha=1.0, reg_lambda=0.0, scale_pos_weight=1.7874720286236705, subsample=0.7865085962166856;, score=0.688 total time=  57.2s
[CV 2/5] END colsample_bytree=0.6663707628002731, gamma=4.979848436740816, learning_rate=0.27563077140245557, max_depth=3, n_estimators=217, reg_alpha=0.7063888764909696, reg_lambda=0.1251369771615961, scale_pos_weight=4.918021777390711, subsample=0.9985094241183354;, score=0.681 total time=  30.5s
[CV 2/5] END colsample_bytree=1.0, gamma=2.079550752737629, learning_rate=0.05206678622232346, max_depth=6, n_estimators=250, reg_alpha=1.0, reg_lambda=0.0, scale_pos_weight=1.7874720286236705, subsample=0.7865085962166856;, score=0.686 total time= 1.1min
[CV 5/5] END colsample_bytree=0.6663707628002731, gamma=4.979848436740816, learning_rate=0.27563077140245557, max_depth=3, n_estimators=217, reg_alpha=0.7063888764909696, reg_lambda=0.1251369771615961, scale_pos_weight=4.918021777390711, subsample=0.9985094241183354;, score=0.688 total time=  30.5s
[CV 1/5] END colsample_bytree=1.0, gamma=2.079550752737629, learning_rate=0.05206678622232346, max_depth=6, n_estimators=250, reg_alpha=1.0, reg_lambda=0.0, scale_pos_weight=1.7874720286236705, subsample=0.7865085962166856;, score=0.689 total time= 1.1min
[CV 4/5] END colsample_bytree=0.6663707628002731, gamma=4.979848436740816, learning_rate=0.27563077140245557, max_depth=3, n_estimators=217, reg_alpha=0.7063888764909696, reg_lambda=0.1251369771615961, scale_pos_weight=4.918021777390711, subsample=0.9985094241183354;, score=0.684 total time=  31.5s
[CV 3/5] END colsample_bytree=1.0, gamma=2.079550752737629, learning_rate=0.05206678622232346, max_depth=6, n_estimators=250, reg_alpha=1.0, reg_lambda=0.0, scale_pos_weight=1.7874720286236705, subsample=0.7865085962166856;, score=0.683 total time= 1.1min
[CV 3/5] END colsample_bytree=0.6663707628002731, gamma=4.979848436740816, learning_rate=0.27563077140245557, max_depth=3, n_estimators=217, reg_alpha=0.7063888764909696, reg_lambda=0.1251369771615961, scale_pos_weight=4.918021777390711, subsample=0.9985094241183354;, score=0.680 total time=  31.6s
[CV 4/5] END colsample_bytree=0.5263431855421601, gamma=4.6499034826115135, learning_rate=0.29578578626161617, max_depth=15, n_estimators=68, reg_alpha=0.09114114161653576, reg_lambda=0.8896424145920085, scale_pos_weight=7.216946365060093, subsample=0.7191796428829851;, score=0.617 total time= 1.4min
[CV 3/5] END colsample_bytree=0.5263431855421601, gamma=4.6499034826115135, learning_rate=0.29578578626161617, max_depth=15, n_estimators=68, reg_alpha=0.09114114161653576, reg_lambda=0.8896424145920085, scale_pos_weight=7.216946365060093, subsample=0.7191796428829851;, score=0.611 total time= 1.4min
[CV 1/5] END colsample_bytree=0.5263431855421601, gamma=4.6499034826115135, learning_rate=0.29578578626161617, max_depth=15, n_estimators=68, reg_alpha=0.09114114161653576, reg_lambda=0.8896424145920085, scale_pos_weight=7.216946365060093, subsample=0.7191796428829851;, score=0.616 total time= 1.5min
[CV 3/5] END colsample_bytree=0.9200378306496275, gamma=0.9811199092921898, learning_rate=0.03461212301048797, max_depth=11, n_estimators=403, reg_alpha=0.24772952076833726, reg_lambda=0.916687023683679, scale_pos_weight=8.40900206148131, subsample=0.979406565440541;, score=0.666 total time= 4.8min
[CV 1/5] END colsample_bytree=0.9609205764446965, gamma=0.0, learning_rate=0.01, max_depth=7, n_estimators=600, reg_alpha=0.684852742440436, reg_lambda=0.08140119814337927, scale_pos_weight=1.0, subsample=1.0;, score=0.687 total time= 2.9min
[CV 2/5] END colsample_bytree=0.9300376758937348, gamma=2.802369994112681, learning_rate=0.2086741277017683, max_depth=3, n_estimators=245, reg_alpha=0.009850961110846263, reg_lambda=0.2774227624021674, scale_pos_weight=10.0, subsample=1.0;, score=0.684 total time=  31.2s
[CV 2/5] END colsample_bytree=0.5892154043275909, gamma=1.8020362143375477, learning_rate=0.15010832878648198, max_depth=9, n_estimators=56, reg_alpha=0.45086304197014954, reg_lambda=0.1458715991132381, scale_pos_weight=2.9482065300733873, subsample=0.6885269701510259;, score=0.674 total time=  28.4s
[CV 5/5] END colsample_bytree=0.5263431855421601, gamma=4.6499034826115135, learning_rate=0.29578578626161617, max_depth=15, n_estimators=68, reg_alpha=0.09114114161653576, reg_lambda=0.8896424145920085, scale_pos_weight=7.216946365060093, subsample=0.7191796428829851;, score=0.617 total time= 1.5min
[CV 2/5] END colsample_bytree=0.5263431855421601, gamma=4.6499034826115135, learning_rate=0.29578578626161617, max_depth=15, n_estimators=68, reg_alpha=0.09114114161653576, reg_lambda=0.8896424145920085, scale_pos_weight=7.216946365060093, subsample=0.7191796428829851;, score=0.609 total time= 1.5min
[CV 2/5] END colsample_bytree=1.0, gamma=5.0, learning_rate=0.01, max_depth=8, n_estimators=600, reg_alpha=1.0, reg_lambda=0.0, scale_pos_weight=1.0, subsample=0.5;, score=0.687 total time= 3.7min
[CV 4/5] END colsample_bytree=1.0, gamma=5.0, learning_rate=0.01, max_depth=8, n_estimators=329, reg_alpha=0.6319538099252919, reg_lambda=0.6599069920414223, scale_pos_weight=1.0, subsample=0.6183031190354633;, score=0.686 total time= 2.3min
[CV 3/5] END colsample_bytree=0.9804527012600384, gamma=3.7823335680834442, learning_rate=0.29523208369285375, max_depth=3, n_estimators=597, reg_alpha=0.7789455701518291, reg_lambda=0.07790975714800687, scale_pos_weight=1.8180812858811715, subsample=0.8877698371696439;, score=0.676 total time= 1.2min
[CV 2/5] END colsample_bytree=0.5165916814949449, gamma=2.040319133200488, learning_rate=0.07109971661547437, max_depth=5, n_estimators=240, reg_alpha=1.0, reg_lambda=0.0, scale_pos_weight=10.0, subsample=1.0;, score=0.684 total time=  47.9s
[CV 5/5] END colsample_bytree=1.0, gamma=5.0, learning_rate=0.01, max_depth=8, n_estimators=600, reg_alpha=1.0, reg_lambda=0.0, scale_pos_weight=1.0, subsample=0.5;, score=0.690 total time= 3.7min
[CV 2/5] END colsample_bytree=1.0, gamma=5.0, learning_rate=0.01, max_depth=8, n_estimators=329, reg_alpha=0.6319538099252919, reg_lambda=0.6599069920414223, scale_pos_weight=1.0, subsample=0.6183031190354633;, score=0.686 total time= 2.2min
[CV 2/5] END colsample_bytree=0.9804527012600384, gamma=3.7823335680834442, learning_rate=0.29523208369285375, max_depth=3, n_estimators=597, reg_alpha=0.7789455701518291, reg_lambda=0.07790975714800687, scale_pos_weight=1.8180812858811715, subsample=0.8877698371696439;, score=0.676 total time= 1.4min
[CV 5/5] END colsample_bytree=0.5165916814949449, gamma=2.040319133200488, learning_rate=0.07109971661547437, max_depth=5, n_estimators=240, reg_alpha=1.0, reg_lambda=0.0, scale_pos_weight=10.0, subsample=1.0;, score=0.689 total time=  49.5s
[CV 1/5] END colsample_bytree=1.0, gamma=5.0, learning_rate=0.01, max_depth=8, n_estimators=600, reg_alpha=1.0, reg_lambda=0.0, scale_pos_weight=1.0, subsample=0.5;, score=0.689 total time= 3.6min
[CV 1/5] END colsample_bytree=1.0, gamma=5.0, learning_rate=0.01, max_depth=8, n_estimators=329, reg_alpha=0.6319538099252919, reg_lambda=0.6599069920414223, scale_pos_weight=1.0, subsample=0.6183031190354633;, score=0.686 total time= 2.2min
[CV 1/5] END colsample_bytree=0.9804527012600384, gamma=3.7823335680834442, learning_rate=0.29523208369285375, max_depth=3, n_estimators=597, reg_alpha=0.7789455701518291, reg_lambda=0.07790975714800687, scale_pos_weight=1.8180812858811715, subsample=0.8877698371696439;, score=0.680 total time= 1.3min
[CV 3/5] END colsample_bytree=0.5165916814949449, gamma=2.040319133200488, learning_rate=0.07109971661547437, max_depth=5, n_estimators=240, reg_alpha=1.0, reg_lambda=0.0, scale_pos_weight=10.0, subsample=1.0;, score=0.681 total time=  51.1s
[CV 3/5] END colsample_bytree=1.0, gamma=5.0, learning_rate=0.01, max_depth=8, n_estimators=600, reg_alpha=1.0, reg_lambda=0.0, scale_pos_weight=1.0, subsample=0.5;, score=0.684 total time= 3.7min
[CV 5/5] END colsample_bytree=1.0, gamma=5.0, learning_rate=0.01, max_depth=8, n_estimators=329, reg_alpha=0.6319538099252919, reg_lambda=0.6599069920414223, scale_pos_weight=1.0, subsample=0.6183031190354633;, score=0.688 total time= 2.4min
[CV 4/5] END colsample_bytree=0.9804527012600384, gamma=3.7823335680834442, learning_rate=0.29523208369285375, max_depth=3, n_estimators=597, reg_alpha=0.7789455701518291, reg_lambda=0.07790975714800687, scale_pos_weight=1.8180812858811715, subsample=0.8877698371696439;, score=0.680 total time= 1.2min
[CV 1/5] END colsample_bytree=0.5165916814949449, gamma=2.040319133200488, learning_rate=0.07109971661547437, max_depth=5, n_estimators=240, reg_alpha=1.0, reg_lambda=0.0, scale_pos_weight=10.0, subsample=1.0;, score=0.686 total time=  52.8s
[CV 4/5] END colsample_bytree=1.0, gamma=5.0, learning_rate=0.01, max_depth=8, n_estimators=600, reg_alpha=1.0, reg_lambda=0.0, scale_pos_weight=1.0, subsample=0.5;, score=0.688 total time= 3.7min
[CV 3/5] END colsample_bytree=1.0, gamma=5.0, learning_rate=0.01, max_depth=8, n_estimators=329, reg_alpha=0.6319538099252919, reg_lambda=0.6599069920414223, scale_pos_weight=1.0, subsample=0.6183031190354633;, score=0.681 total time= 2.4min
[CV 5/5] END colsample_bytree=0.9804527012600384, gamma=3.7823335680834442, learning_rate=0.29523208369285375, max_depth=3, n_estimators=597, reg_alpha=0.7789455701518291, reg_lambda=0.07790975714800687, scale_pos_weight=1.8180812858811715, subsample=0.8877698371696439;, score=0.682 total time= 1.3min
[CV 4/5] END colsample_bytree=0.5165916814949449, gamma=2.040319133200488, learning_rate=0.07109971661547437, max_depth=5, n_estimators=240, reg_alpha=1.0, reg_lambda=0.0, scale_pos_weight=10.0, subsample=1.0;, score=0.686 total time=  53.0s
Fitting 5 folds for each of 1 candidates, totalling 5 fits
Fitting 5 folds for each of 1 candidates, totalling 5 fits
[CV 2/5] END colsample_bytree=0.9415628300886074, gamma=1.6286651952569913, learning_rate=0.3, max_depth=3, n_estimators=50, reg_alpha=0.7667945399082241, reg_lambda=0.7598982909433549, scale_pos_weight=8.486473822380152, subsample=0.7743093449228673;, score=0.682 total time=  14.7s
[CV 4/5] END colsample_bytree=0.5, gamma=5.0, learning_rate=0.12706776806002423, max_depth=4, n_estimators=340, reg_alpha=0.7856732127774813, reg_lambda=0.0, scale_pos_weight=1.0, subsample=1.0;, score=0.686 total time=  42.1s
[CV 3/5] END colsample_bytree=0.8101926628936289, gamma=5.0, learning_rate=0.01, max_depth=11, n_estimators=600, reg_alpha=0.0, reg_lambda=0.1854671091826896, scale_pos_weight=10.0, subsample=0.5;, score=0.671 total time= 6.4min
[CV 1/5] END colsample_bytree=0.896251955315937, gamma=0.3640785340993275, learning_rate=0.010049815770659123, max_depth=15, n_estimators=209, reg_alpha=0.5456715152029444, reg_lambda=0.2265075225483733, scale_pos_weight=1.4258615025525225, subsample=0.9117991411605239;, score=0.680 total time=10.7min
[CV 5/5] END colsample_bytree=0.9415628300886074, gamma=1.6286651952569913, learning_rate=0.3, max_depth=3, n_estimators=50, reg_alpha=0.7667945399082241, reg_lambda=0.7598982909433549, scale_pos_weight=8.486473822380152, subsample=0.7743093449228673;, score=0.685 total time=  14.2s
[CV 1/5] END colsample_bytree=0.5, gamma=5.0, learning_rate=0.12706776806002423, max_depth=4, n_estimators=340, reg_alpha=0.7856732127774813, reg_lambda=0.0, scale_pos_weight=1.0, subsample=1.0;, score=0.687 total time=  40.9s
[CV 2/5] END colsample_bytree=0.8101926628936289, gamma=5.0, learning_rate=0.01, max_depth=11, n_estimators=600, reg_alpha=0.0, reg_lambda=0.1854671091826896, scale_pos_weight=10.0, subsample=0.5;, score=0.675 total time= 6.6min
[CV 4/5] END colsample_bytree=0.896251955315937, gamma=0.3640785340993275, learning_rate=0.010049815770659123, max_depth=15, n_estimators=209, reg_alpha=0.5456715152029444, reg_lambda=0.2265075225483733, scale_pos_weight=1.4258615025525225, subsample=0.9117991411605239;, score=0.681 total time=10.7min
[CV 1/5] END colsample_bytree=0.9415628300886074, gamma=1.6286651952569913, learning_rate=0.3, max_depth=3, n_estimators=50, reg_alpha=0.7667945399082241, reg_lambda=0.7598982909433549, scale_pos_weight=8.486473822380152, subsample=0.7743093449228673;, score=0.681 total time=  15.3s
[CV 5/5] END colsample_bytree=0.5, gamma=5.0, learning_rate=0.12706776806002423, max_depth=4, n_estimators=340, reg_alpha=0.7856732127774813, reg_lambda=0.0, scale_pos_weight=1.0, subsample=1.0;, score=0.689 total time=  46.2s
[CV 5/5] END colsample_bytree=0.8101926628936289, gamma=5.0, learning_rate=0.01, max_depth=11, n_estimators=600, reg_alpha=0.0, reg_lambda=0.1854671091826896, scale_pos_weight=10.0, subsample=0.5;, score=0.677 total time= 6.6min
[CV 3/5] END colsample_bytree=0.896251955315937, gamma=0.3640785340993275, learning_rate=0.010049815770659123, max_depth=15, n_estimators=209, reg_alpha=0.5456715152029444, reg_lambda=0.2265075225483733, scale_pos_weight=1.4258615025525225, subsample=0.9117991411605239;, score=0.677 total time=10.9min
[CV 3/5] END colsample_bytree=0.9415628300886074, gamma=1.6286651952569913, learning_rate=0.3, max_depth=3, n_estimators=50, reg_alpha=0.7667945399082241, reg_lambda=0.7598982909433549, scale_pos_weight=8.486473822380152, subsample=0.7743093449228673;, score=0.677 total time=  14.2s
[CV 3/5] END colsample_bytree=0.5, gamma=5.0, learning_rate=0.12706776806002423, max_depth=4, n_estimators=340, reg_alpha=0.7856732127774813, reg_lambda=0.0, scale_pos_weight=1.0, subsample=1.0;, score=0.682 total time=  40.2s
[CV 1/5] END colsample_bytree=0.8101926628936289, gamma=5.0, learning_rate=0.01, max_depth=11, n_estimators=600, reg_alpha=0.0, reg_lambda=0.1854671091826896, scale_pos_weight=10.0, subsample=0.5;, score=0.677 total time= 6.4min
[CV 2/5] END colsample_bytree=0.896251955315937, gamma=0.3640785340993275, learning_rate=0.010049815770659123, max_depth=15, n_estimators=209, reg_alpha=0.5456715152029444, reg_lambda=0.2265075225483733, scale_pos_weight=1.4258615025525225, subsample=0.9117991411605239;, score=0.681 total time=11.0min
[CV 4/5] END colsample_bytree=0.9415628300886074, gamma=1.6286651952569913, learning_rate=0.3, max_depth=3, n_estimators=50, reg_alpha=0.7667945399082241, reg_lambda=0.7598982909433549, scale_pos_weight=8.486473822380152, subsample=0.7743093449228673;, score=0.682 total time=  14.0s
[CV 2/5] END colsample_bytree=0.5, gamma=5.0, learning_rate=0.12706776806002423, max_depth=4, n_estimators=340, reg_alpha=0.7856732127774813, reg_lambda=0.0, scale_pos_weight=1.0, subsample=1.0;, score=0.684 total time=  43.3s
[CV 4/5] END colsample_bytree=0.8101926628936289, gamma=5.0, learning_rate=0.01, max_depth=11, n_estimators=600, reg_alpha=0.0, reg_lambda=0.1854671091826896, scale_pos_weight=10.0, subsample=0.5;, score=0.676 total time= 6.8min
[CV 5/5] END colsample_bytree=0.896251955315937, gamma=0.3640785340993275, learning_rate=0.010049815770659123, max_depth=15, n_estimators=209, reg_alpha=0.5456715152029444, reg_lambda=0.2265075225483733, scale_pos_weight=1.4258615025525225, subsample=0.9117991411605239;, score=0.683 total time=11.1min
Fitting 5 folds for each of 1 candidates, totalling 5 fits
[CV 2/5] END colsample_bytree=1.0, gamma=1.9896717296986681, learning_rate=0.13451056079935478, max_depth=3, n_estimators=295, reg_alpha=0.0, reg_lambda=0.5109163660603719, scale_pos_weight=10.0, subsample=1.0;, score=0.684 total time=  37.9s
[CV 4/5] END colsample_bytree=1.0, gamma=1.9896717296986681, learning_rate=0.13451056079935478, max_depth=3, n_estimators=295, reg_alpha=0.0, reg_lambda=0.5109163660603719, scale_pos_weight=10.0, subsample=1.0;, score=0.686 total time=  40.2s
[CV 5/5] END colsample_bytree=1.0, gamma=1.9896717296986681, learning_rate=0.13451056079935478, max_depth=3, n_estimators=295, reg_alpha=0.0, reg_lambda=0.5109163660603719, scale_pos_weight=10.0, subsample=1.0;, score=0.689 total time=  41.9s
[CV 3/5] END colsample_bytree=1.0, gamma=1.9896717296986681, learning_rate=0.13451056079935478, max_depth=3, n_estimators=295, reg_alpha=0.0, reg_lambda=0.5109163660603719, scale_pos_weight=10.0, subsample=1.0;, score=0.681 total time=  44.1s
Fitting 5 folds for each of 1 candidates, totalling 5 fits
Fitting 5 folds for each of 1 candidates, totalling 5 fits
Fitting 5 folds for each of 1 candidates, totalling 5 fits
Fitting 5 folds for each of 1 candidates, totalling 5 fits
Fitting 5 folds for each of 1 candidates, totalling 5 fits
[CV 1/5] END colsample_bytree=0.8189079534200416, gamma=2.980924982264707, learning_rate=0.16269085048285328, max_depth=3, n_estimators=593, reg_alpha=0.4513764990140416, reg_lambda=0.9037561679908197, scale_pos_weight=9.433468416650218, subsample=0.9025829581735514;, score=0.685 total time= 1.3min
[CV 2/5] END colsample_bytree=0.5106960538652058, gamma=3.2714019777695476, learning_rate=0.29242862084424504, max_depth=3, n_estimators=539, reg_alpha=0.8462129060025562, reg_lambda=0.7978896247887294, scale_pos_weight=9.73822580629877, subsample=0.5860983867761138;, score=0.673 total time= 1.2min
[CV 5/5] END colsample_bytree=0.8189079534200416, gamma=2.980924982264707, learning_rate=0.16269085048285328, max_depth=3, n_estimators=593, reg_alpha=0.4513764990140416, reg_lambda=0.9037561679908197, scale_pos_weight=9.433468416650218, subsample=0.9025829581735514;, score=0.687 total time= 1.4min
[CV 5/5] END colsample_bytree=0.5106960538652058, gamma=3.2714019777695476, learning_rate=0.29242862084424504, max_depth=3, n_estimators=539, reg_alpha=0.8462129060025562, reg_lambda=0.7978896247887294, scale_pos_weight=9.73822580629877, subsample=0.5860983867761138;, score=0.676 total time= 1.2min
[CV 3/5] END colsample_bytree=0.8189079534200416, gamma=2.980924982264707, learning_rate=0.16269085048285328, max_depth=3, n_estimators=593, reg_alpha=0.4513764990140416, reg_lambda=0.9037561679908197, scale_pos_weight=9.433468416650218, subsample=0.9025829581735514;, score=0.680 total time= 1.3min
[CV 1/5] END colsample_bytree=0.5106960538652058, gamma=3.2714019777695476, learning_rate=0.29242862084424504, max_depth=3, n_estimators=539, reg_alpha=0.8462129060025562, reg_lambda=0.7978896247887294, scale_pos_weight=9.73822580629877, subsample=0.5860983867761138;, score=0.675 total time= 1.3min
[CV 2/5] END colsample_bytree=0.8189079534200416, gamma=2.980924982264707, learning_rate=0.16269085048285328, max_depth=3, n_estimators=593, reg_alpha=0.4513764990140416, reg_lambda=0.9037561679908197, scale_pos_weight=9.433468416650218, subsample=0.9025829581735514;, score=0.682 total time= 1.3min
[CV 3/5] END colsample_bytree=0.5106960538652058, gamma=3.2714019777695476, learning_rate=0.29242862084424504, max_depth=3, n_estimators=539, reg_alpha=0.8462129060025562, reg_lambda=0.7978896247887294, scale_pos_weight=9.73822580629877, subsample=0.5860983867761138;, score=0.671 total time= 1.3min
[CV 4/5] END colsample_bytree=0.8189079534200416, gamma=2.980924982264707, learning_rate=0.16269085048285328, max_depth=3, n_estimators=593, reg_alpha=0.4513764990140416, reg_lambda=0.9037561679908197, scale_pos_weight=9.433468416650218, subsample=0.9025829581735514;, score=0.685 total time= 1.4min
[CV 4/5] END colsample_bytree=0.5106960538652058, gamma=3.2714019777695476, learning_rate=0.29242862084424504, max_depth=3, n_estimators=539, reg_alpha=0.8462129060025562, reg_lambda=0.7978896247887294, scale_pos_weight=9.73822580629877, subsample=0.5860983867761138;, score=0.677 total time= 1.3min
[CV 1/5] END colsample_bytree=0.5257608184486289, gamma=2.1445109688705997, learning_rate=0.29337581225642084, max_depth=4, n_estimators=51, reg_alpha=0.5907893089904589, reg_lambda=0.8075944211002777, scale_pos_weight=1.1896283733791646, subsample=0.6877281930769147;, score=0.684 total time=  14.2s
[CV 4/5] END colsample_bytree=0.5884512832750323, gamma=4.7885157526532005, learning_rate=0.21359711742467807, max_depth=5, n_estimators=71, reg_alpha=0.12836935412366082, reg_lambda=0.2062420725028868, scale_pos_weight=8.915303748514294, subsample=0.9542811446868773;, score=0.683 total time=  19.9s
[CV 5/5] END colsample_bytree=0.5257608184486289, gamma=2.1445109688705997, learning_rate=0.29337581225642084, max_depth=4, n_estimators=51, reg_alpha=0.5907893089904589, reg_lambda=0.8075944211002777, scale_pos_weight=1.1896283733791646, subsample=0.6877281930769147;, score=0.685 total time=  14.8s
[CV 5/5] END colsample_bytree=0.5884512832750323, gamma=4.7885157526532005, learning_rate=0.21359711742467807, max_depth=5, n_estimators=71, reg_alpha=0.12836935412366082, reg_lambda=0.2062420725028868, scale_pos_weight=8.915303748514294, subsample=0.9542811446868773;, score=0.685 total time=  21.2s
[CV 2/5] END colsample_bytree=0.5257608184486289, gamma=2.1445109688705997, learning_rate=0.29337581225642084, max_depth=4, n_estimators=51, reg_alpha=0.5907893089904589, reg_lambda=0.8075944211002777, scale_pos_weight=1.1896283733791646, subsample=0.6877281930769147;, score=0.682 total time=  12.1s
[CV 1/5] END colsample_bytree=0.5884512832750323, gamma=4.7885157526532005, learning_rate=0.21359711742467807, max_depth=5, n_estimators=71, reg_alpha=0.12836935412366082, reg_lambda=0.2062420725028868, scale_pos_weight=8.915303748514294, subsample=0.9542811446868773;, score=0.683 total time=  21.9s
[CV 4/5] END colsample_bytree=0.5257608184486289, gamma=2.1445109688705997, learning_rate=0.29337581225642084, max_depth=4, n_estimators=51, reg_alpha=0.5907893089904589, reg_lambda=0.8075944211002777, scale_pos_weight=1.1896283733791646, subsample=0.6877281930769147;, score=0.683 total time=  12.2s
[CV 2/5] END colsample_bytree=0.5884512832750323, gamma=4.7885157526532005, learning_rate=0.21359711742467807, max_depth=5, n_estimators=71, reg_alpha=0.12836935412366082, reg_lambda=0.2062420725028868, scale_pos_weight=8.915303748514294, subsample=0.9542811446868773;, score=0.682 total time=  22.5s
[CV 3/5] END colsample_bytree=0.5257608184486289, gamma=2.1445109688705997, learning_rate=0.29337581225642084, max_depth=4, n_estimators=51, reg_alpha=0.5907893089904589, reg_lambda=0.8075944211002777, scale_pos_weight=1.1896283733791646, subsample=0.6877281930769147;, score=0.679 total time=  12.5s
[CV 3/5] END colsample_bytree=0.5884512832750323, gamma=4.7885157526532005, learning_rate=0.21359711742467807, max_depth=5, n_estimators=71, reg_alpha=0.12836935412366082, reg_lambda=0.2062420725028868, scale_pos_weight=8.915303748514294, subsample=0.9542811446868773;, score=0.678 total time=  23.9s
[CV 1/5] END colsample_bytree=1.0, gamma=0.8539115694805475, learning_rate=0.3, max_depth=3, n_estimators=50, reg_alpha=0.0, reg_lambda=1.0, scale_pos_weight=1.0, subsample=1.0;, score=0.682 total time=  12.4s
[CV 4/5] END colsample_bytree=0.9719972989032999, gamma=4.4163305087637035, learning_rate=0.014962219318603927, max_depth=6, n_estimators=424, reg_alpha=0.9180245956743397, reg_lambda=0.7978146195542987, scale_pos_weight=9.875830043881306, subsample=0.8491810814145093;, score=0.687 total time= 1.7min
[CV 3/5] END colsample_bytree=1.0, gamma=0.8539115694805475, learning_rate=0.3, max_depth=3, n_estimators=50, reg_alpha=0.0, reg_lambda=1.0, scale_pos_weight=1.0, subsample=1.0;, score=0.677 total time=  11.7s
[CV 3/5] END colsample_bytree=0.9719972989032999, gamma=4.4163305087637035, learning_rate=0.014962219318603927, max_depth=6, n_estimators=424, reg_alpha=0.9180245956743397, reg_lambda=0.7978146195542987, scale_pos_weight=9.875830043881306, subsample=0.8491810814145093;, score=0.680 total time= 1.8min
[CV 4/5] END colsample_bytree=1.0, gamma=0.8539115694805475, learning_rate=0.3, max_depth=3, n_estimators=50, reg_alpha=0.0, reg_lambda=1.0, scale_pos_weight=1.0, subsample=1.0;, score=0.683 total time=  12.7s
[CV 5/5] END colsample_bytree=0.9719972989032999, gamma=4.4163305087637035, learning_rate=0.014962219318603927, max_depth=6, n_estimators=424, reg_alpha=0.9180245956743397, reg_lambda=0.7978146195542987, scale_pos_weight=9.875830043881306, subsample=0.8491810814145093;, score=0.688 total time= 1.8min
[CV 5/5] END colsample_bytree=1.0, gamma=0.8539115694805475, learning_rate=0.3, max_depth=3, n_estimators=50, reg_alpha=0.0, reg_lambda=1.0, scale_pos_weight=1.0, subsample=1.0;, score=0.684 total time=  10.7s
[CV 1/5] END colsample_bytree=0.9719972989032999, gamma=4.4163305087637035, learning_rate=0.014962219318603927, max_depth=6, n_estimators=424, reg_alpha=0.9180245956743397, reg_lambda=0.7978146195542987, scale_pos_weight=9.875830043881306, subsample=0.8491810814145093;, score=0.687 total time= 1.8min
[CV 2/5] END colsample_bytree=1.0, gamma=0.8539115694805475, learning_rate=0.3, max_depth=3, n_estimators=50, reg_alpha=0.0, reg_lambda=1.0, scale_pos_weight=1.0, subsample=1.0;, score=0.680 total time=  11.7s
[CV 2/5] END colsample_bytree=0.9719972989032999, gamma=4.4163305087637035, learning_rate=0.014962219318603927, max_depth=6, n_estimators=424, reg_alpha=0.9180245956743397, reg_lambda=0.7978146195542987, scale_pos_weight=9.875830043881306, subsample=0.8491810814145093;, score=0.685 total time= 1.9min
Fitting 5 folds for each of 1 candidates, totalling 5 fits
Fitting 5 folds for each of 1 candidates, totalling 5 fits
Fitting 5 folds for each of 1 candidates, totalling 5 fits
Fitting 5 folds for each of 1 candidates, totalling 5 fits
[CV 3/5] END colsample_bytree=0.5153742584133574, gamma=2.5313887592983293, learning_rate=0.059477916311084116, max_depth=8, n_estimators=355, reg_alpha=0.8193931327372086, reg_lambda=0.7962896137848289, scale_pos_weight=1.8175336131112205, subsample=0.7876459503284299;, score=0.679 total time= 1.8min
[CV 3/5] END colsample_bytree=0.5920711109426681, gamma=0.2533826307989068, learning_rate=0.014032321392840871, max_depth=13, n_estimators=505, reg_alpha=0.16834681706664958, reg_lambda=0.5359194580773646, scale_pos_weight=1.565221459483583, subsample=0.612448724384732;, score=0.680 total time=10.3min
[CV 3/5] END colsample_bytree=0.5364648503934045, gamma=1.2281123933557416, learning_rate=0.24301570102582354, max_depth=3, n_estimators=58, reg_alpha=0.06746774306723348, reg_lambda=0.37082078114099964, scale_pos_weight=8.2390984569176, subsample=0.8436689004222566;, score=0.677 total time=  11.7s
[CV 1/5] END colsample_bytree=1.0, gamma=1.9896717296986681, learning_rate=0.13451056079935478, max_depth=3, n_estimators=295, reg_alpha=0.0, reg_lambda=0.5109163660603719, scale_pos_weight=10.0, subsample=1.0;, score=0.686 total time=  36.8s
[CV 5/5] END colsample_bytree=0.5153742584133574, gamma=2.5313887592983293, learning_rate=0.059477916311084116, max_depth=8, n_estimators=355, reg_alpha=0.8193931327372086, reg_lambda=0.7962896137848289, scale_pos_weight=1.8175336131112205, subsample=0.7876459503284299;, score=0.687 total time= 2.0min
[CV 5/5] END colsample_bytree=0.5920711109426681, gamma=0.2533826307989068, learning_rate=0.014032321392840871, max_depth=13, n_estimators=505, reg_alpha=0.16834681706664958, reg_lambda=0.5359194580773646, scale_pos_weight=1.565221459483583, subsample=0.612448724384732;, score=0.687 total time= 9.8min
[CV 1/5] END colsample_bytree=0.5364648503934045, gamma=1.2281123933557416, learning_rate=0.24301570102582354, max_depth=3, n_estimators=58, reg_alpha=0.06746774306723348, reg_lambda=0.37082078114099964, scale_pos_weight=8.2390984569176, subsample=0.8436689004222566;, score=0.681 total time=  13.1s
[CV 2/5] END colsample_bytree=0.5153742584133574, gamma=2.5313887592983293, learning_rate=0.059477916311084116, max_depth=8, n_estimators=355, reg_alpha=0.8193931327372086, reg_lambda=0.7962896137848289, scale_pos_weight=1.8175336131112205, subsample=0.7876459503284299;, score=0.682 total time= 1.8min
[CV 1/5] END colsample_bytree=0.5920711109426681, gamma=0.2533826307989068, learning_rate=0.014032321392840871, max_depth=13, n_estimators=505, reg_alpha=0.16834681706664958, reg_lambda=0.5359194580773646, scale_pos_weight=1.565221459483583, subsample=0.612448724384732;, score=0.684 total time= 9.8min
[CV 2/5] END colsample_bytree=0.5364648503934045, gamma=1.2281123933557416, learning_rate=0.24301570102582354, max_depth=3, n_estimators=58, reg_alpha=0.06746774306723348, reg_lambda=0.37082078114099964, scale_pos_weight=8.2390984569176, subsample=0.8436689004222566;, score=0.681 total time=  13.1s
[CV 1/5] END colsample_bytree=0.5153742584133574, gamma=2.5313887592983293, learning_rate=0.059477916311084116, max_depth=8, n_estimators=355, reg_alpha=0.8193931327372086, reg_lambda=0.7962896137848289, scale_pos_weight=1.8175336131112205, subsample=0.7876459503284299;, score=0.684 total time= 1.9min
[CV 4/5] END colsample_bytree=0.5920711109426681, gamma=0.2533826307989068, learning_rate=0.014032321392840871, max_depth=13, n_estimators=505, reg_alpha=0.16834681706664958, reg_lambda=0.5359194580773646, scale_pos_weight=1.565221459483583, subsample=0.612448724384732;, score=0.685 total time=10.4min
[CV 4/5] END colsample_bytree=0.5364648503934045, gamma=1.2281123933557416, learning_rate=0.24301570102582354, max_depth=3, n_estimators=58, reg_alpha=0.06746774306723348, reg_lambda=0.37082078114099964, scale_pos_weight=8.2390984569176, subsample=0.8436689004222566;, score=0.681 total time=  13.1s
[CV 4/5] END colsample_bytree=0.5153742584133574, gamma=2.5313887592983293, learning_rate=0.059477916311084116, max_depth=8, n_estimators=355, reg_alpha=0.8193931327372086, reg_lambda=0.7962896137848289, scale_pos_weight=1.8175336131112205, subsample=0.7876459503284299;, score=0.684 total time= 1.8min
[CV 2/5] END colsample_bytree=0.5920711109426681, gamma=0.2533826307989068, learning_rate=0.014032321392840871, max_depth=13, n_estimators=505, reg_alpha=0.16834681706664958, reg_lambda=0.5359194580773646, scale_pos_weight=1.565221459483583, subsample=0.612448724384732;, score=0.683 total time=10.6min
[CV 5/5] END colsample_bytree=0.5364648503934045, gamma=1.2281123933557416, learning_rate=0.24301570102582354, max_depth=3, n_estimators=58, reg_alpha=0.06746774306723348, reg_lambda=0.37082078114099964, scale_pos_weight=8.2390984569176, subsample=0.8436689004222566;, score=0.684 total time=  14.5s
[CV 1/5] END colsample_bytree=0.5, gamma=1.9299197096746608, learning_rate=0.2195164032332726, max_depth=4, n_estimators=267, reg_alpha=0.5719341182266026, reg_lambda=1.0, scale_pos_weight=1.0, subsample=1.0;, score=0.686 total time=  35.6s
[CV 3/5] END colsample_bytree=0.5, gamma=1.9299197096746608, learning_rate=0.2195164032332726, max_depth=4, n_estimators=267, reg_alpha=0.5719341182266026, reg_lambda=1.0, scale_pos_weight=1.0, subsample=1.0;, score=0.682 total time=  35.6s
[CV 4/5] END colsample_bytree=0.5, gamma=1.9299197096746608, learning_rate=0.2195164032332726, max_depth=4, n_estimators=267, reg_alpha=0.5719341182266026, reg_lambda=1.0, scale_pos_weight=1.0, subsample=1.0;, score=0.685 total time=  37.4s
Fitting 5 folds for each of 1 candidates, totalling 5 fits
Fitting 5 folds for each of 1 candidates, totalling 5 fits
Fitting 5 folds for each of 1 candidates, totalling 5 fits
Fitting 5 folds for each of 1 candidates, totalling 5 fits
/home/mclab/miniconda3/envs/ydl/lib/python3.10/site-packages/joblib/externals/loky/process_executor.py:752: UserWarning: A worker stopped while some jobs were given to the executor. This can be caused by a too short worker timeout or by a memory leak.
  warnings.warn(
[CV 2/5] END colsample_bytree=0.5, gamma=1.9299197096746608, learning_rate=0.2195164032332726, max_depth=4, n_estimators=267, reg_alpha=0.5719341182266026, reg_lambda=1.0, scale_pos_weight=1.0, subsample=1.0;, score=0.683 total time=  38.5s
[CV 2/5] END colsample_bytree=0.9385042151453604, gamma=0.3811392299424771, learning_rate=0.06504683694612338, max_depth=10, n_estimators=56, reg_alpha=0.7437590869852472, reg_lambda=0.28048619359176225, scale_pos_weight=2.0737896170840995, subsample=0.5691046926139226;, score=0.680 total time=  42.2s
Fitting 5 folds for each of 1 candidates, totalling 5 fits
Fitting 5 folds for each of 1 candidates, totalling 5 fits
Fitting 5 folds for each of 1 candidates, totalling 5 fits
Fitting 5 folds for each of 1 candidates, totalling 5 fits
Fitting 5 folds for each of 1 candidates, totalling 5 fits
[CV 3/5] END colsample_bytree=0.5563963999331759, gamma=0.9265934440026858, learning_rate=0.015101117557865388, max_depth=8, n_estimators=64, reg_alpha=0.2995810281426548, reg_lambda=0.3160373313935188, scale_pos_weight=2.8350554628185285, subsample=0.9341197624390041;, score=0.672 total time=  30.1s
[CV 1/5] END colsample_bytree=0.5563963999331759, gamma=0.9265934440026858, learning_rate=0.015101117557865388, max_depth=8, n_estimators=64, reg_alpha=0.2995810281426548, reg_lambda=0.3160373313935188, scale_pos_weight=2.8350554628185285, subsample=0.9341197624390041;, score=0.677 total time=  31.9s
[CV 4/5] END colsample_bytree=0.5563963999331759, gamma=0.9265934440026858, learning_rate=0.015101117557865388, max_depth=8, n_estimators=64, reg_alpha=0.2995810281426548, reg_lambda=0.3160373313935188, scale_pos_weight=2.8350554628185285, subsample=0.9341197624390041;, score=0.679 total time=  31.3s
[CV 2/5] END colsample_bytree=0.5563963999331759, gamma=0.9265934440026858, learning_rate=0.015101117557865388, max_depth=8, n_estimators=64, reg_alpha=0.2995810281426548, reg_lambda=0.3160373313935188, scale_pos_weight=2.8350554628185285, subsample=0.9341197624390041;, score=0.679 total time=  31.9s
[CV 5/5] END colsample_bytree=0.5563963999331759, gamma=0.9265934440026858, learning_rate=0.015101117557865388, max_depth=8, n_estimators=64, reg_alpha=0.2995810281426548, reg_lambda=0.3160373313935188, scale_pos_weight=2.8350554628185285, subsample=0.9341197624390041;, score=0.679 total time=  33.3s
Fitting 5 folds for each of 1 candidates, totalling 5 fits
Fitting 5 folds for each of 1 candidates, totalling 5 fits
[CV 3/5] END colsample_bytree=0.6263059764402229, gamma=4.73524270214896, learning_rate=0.016365244737914245, max_depth=10, n_estimators=329, reg_alpha=0.6386445435399415, reg_lambda=0.09765852555702062, scale_pos_weight=1.2886420200599638, subsample=0.5280161778428814;, score=0.683 total time= 2.8min
[CV 1/5] END colsample_bytree=1.0, gamma=5.0, learning_rate=0.06590228763967616, max_depth=3, n_estimators=600, reg_alpha=0.20253744999388112, reg_lambda=0.0, scale_pos_weight=10.0, subsample=0.5;, score=0.686 total time= 1.3min
[CV 2/5] END colsample_bytree=0.7339450974716968, gamma=2.255499157856894, learning_rate=0.018718883523227488, max_depth=5, n_estimators=588, reg_alpha=0.9159507671557421, reg_lambda=0.22241695204469275, scale_pos_weight=9.192939597947294, subsample=0.9694816023063325;, score=0.685 total time= 2.0min
[CV 4/5] END colsample_bytree=0.9255799463674057, gamma=0.49506286043932757, learning_rate=0.05899588815612583, max_depth=6, n_estimators=50, reg_alpha=0.0, reg_lambda=0.8870484929726012, scale_pos_weight=10.0, subsample=0.5;, score=0.680 total time=   7.2s
[CV 3/5] END colsample_bytree=0.9065420258258131, gamma=3.38990322491788, learning_rate=0.014239037117162755, max_depth=11, n_estimators=93, reg_alpha=0.5459197057115581, reg_lambda=0.4022780920914345, scale_pos_weight=9.43024781839165, subsample=0.6358286950499116;, score=0.673 total time=  22.6s
[CV 5/5] END colsample_bytree=0.6263059764402229, gamma=4.73524270214896, learning_rate=0.016365244737914245, max_depth=10, n_estimators=329, reg_alpha=0.6386445435399415, reg_lambda=0.09765852555702062, scale_pos_weight=1.2886420200599638, subsample=0.5280161778428814;, score=0.688 total time= 3.0min
[CV 2/5] END colsample_bytree=1.0, gamma=5.0, learning_rate=0.06590228763967616, max_depth=3, n_estimators=600, reg_alpha=0.20253744999388112, reg_lambda=0.0, scale_pos_weight=10.0, subsample=0.5;, score=0.683 total time= 1.2min
[CV 1/5] END colsample_bytree=0.7339450974716968, gamma=2.255499157856894, learning_rate=0.018718883523227488, max_depth=5, n_estimators=588, reg_alpha=0.9159507671557421, reg_lambda=0.22241695204469275, scale_pos_weight=9.192939597947294, subsample=0.9694816023063325;, score=0.687 total time= 2.0min
[CV 5/5] END colsample_bytree=0.9255799463674057, gamma=0.49506286043932757, learning_rate=0.05899588815612583, max_depth=6, n_estimators=50, reg_alpha=0.0, reg_lambda=0.8870484929726012, scale_pos_weight=10.0, subsample=0.5;, score=0.682 total time=   7.1s
[CV 1/5] END colsample_bytree=0.9065420258258131, gamma=3.38990322491788, learning_rate=0.014239037117162755, max_depth=11, n_estimators=93, reg_alpha=0.5459197057115581, reg_lambda=0.4022780920914345, scale_pos_weight=9.43024781839165, subsample=0.6358286950499116;, score=0.678 total time=  22.8s
[CV 4/5] END colsample_bytree=0.6263059764402229, gamma=4.73524270214896, learning_rate=0.016365244737914245, max_depth=10, n_estimators=329, reg_alpha=0.6386445435399415, reg_lambda=0.09765852555702062, scale_pos_weight=1.2886420200599638, subsample=0.5280161778428814;, score=0.686 total time= 3.0min
[CV 3/5] END colsample_bytree=1.0, gamma=5.0, learning_rate=0.06590228763967616, max_depth=3, n_estimators=600, reg_alpha=0.20253744999388112, reg_lambda=0.0, scale_pos_weight=10.0, subsample=0.5;, score=0.682 total time= 1.4min
[CV 3/5] END colsample_bytree=0.7339450974716968, gamma=2.255499157856894, learning_rate=0.018718883523227488, max_depth=5, n_estimators=588, reg_alpha=0.9159507671557421, reg_lambda=0.22241695204469275, scale_pos_weight=9.192939597947294, subsample=0.9694816023063325;, score=0.681 total time= 2.0min
[CV 2/5] END colsample_bytree=0.9255799463674057, gamma=0.49506286043932757, learning_rate=0.05899588815612583, max_depth=6, n_estimators=50, reg_alpha=0.0, reg_lambda=0.8870484929726012, scale_pos_weight=10.0, subsample=0.5;, score=0.679 total time=   7.1s
[CV 2/5] END colsample_bytree=0.9065420258258131, gamma=3.38990322491788, learning_rate=0.014239037117162755, max_depth=11, n_estimators=93, reg_alpha=0.5459197057115581, reg_lambda=0.4022780920914345, scale_pos_weight=9.43024781839165, subsample=0.6358286950499116;, score=0.679 total time=  22.8s
[CV 1/5] END colsample_bytree=0.6263059764402229, gamma=4.73524270214896, learning_rate=0.016365244737914245, max_depth=10, n_estimators=329, reg_alpha=0.6386445435399415, reg_lambda=0.09765852555702062, scale_pos_weight=1.2886420200599638, subsample=0.5280161778428814;, score=0.687 total time= 3.1min
[CV 4/5] END colsample_bytree=1.0, gamma=5.0, learning_rate=0.06590228763967616, max_depth=3, n_estimators=600, reg_alpha=0.20253744999388112, reg_lambda=0.0, scale_pos_weight=10.0, subsample=0.5;, score=0.687 total time= 1.5min
[CV 5/5] END colsample_bytree=0.7339450974716968, gamma=2.255499157856894, learning_rate=0.018718883523227488, max_depth=5, n_estimators=588, reg_alpha=0.9159507671557421, reg_lambda=0.22241695204469275, scale_pos_weight=9.192939597947294, subsample=0.9694816023063325;, score=0.689 total time= 2.1min
[CV 1/5] END colsample_bytree=0.9452835294868993, gamma=3.1122145433315316, learning_rate=0.2936801572508768, max_depth=15, n_estimators=585, reg_alpha=0.3433425331193973, reg_lambda=0.7366176034580539, scale_pos_weight=2.5867932914734935, subsample=0.8044792436732333;, score=0.633 total time=  40.8s
[CV 5/5] END colsample_bytree=0.9065420258258131, gamma=3.38990322491788, learning_rate=0.014239037117162755, max_depth=11, n_estimators=93, reg_alpha=0.5459197057115581, reg_lambda=0.4022780920914345, scale_pos_weight=9.43024781839165, subsample=0.6358286950499116;, score=0.680 total time=  22.9s
[CV 4/5] END colsample_bytree=0.9385042151453604, gamma=0.3811392299424771, learning_rate=0.06504683694612338, max_depth=10, n_estimators=56, reg_alpha=0.7437590869852472, reg_lambda=0.28048619359176225, scale_pos_weight=2.0737896170840995, subsample=0.5691046926139226;, score=0.681 total time=  47.7s
[CV 5/5] END colsample_bytree=0.5, gamma=5.0, learning_rate=0.09750723513114527, max_depth=3, n_estimators=445, reg_alpha=1.0, reg_lambda=0.0, scale_pos_weight=5.548147245586589, subsample=1.0;, score=0.689 total time= 1.0min
[CV 2/5] END colsample_bytree=0.7870650140579284, gamma=5.0, learning_rate=0.06963329223061582, max_depth=5, n_estimators=361, reg_alpha=0.0, reg_lambda=0.0, scale_pos_weight=1.0, subsample=1.0;, score=0.685 total time=  55.9s
[CV 2/5] END colsample_bytree=0.5822697722000064, gamma=4.418788675370548, learning_rate=0.1863322583136175, max_depth=5, n_estimators=324, reg_alpha=0.15420171516144335, reg_lambda=0.04122546715056164, scale_pos_weight=8.59049852889921, subsample=0.7948661501413129;, score=0.673 total time=  18.7s
[CV 1/5] END colsample_bytree=0.5, gamma=0.0, learning_rate=0.04123560848556283, max_depth=6, n_estimators=360, reg_alpha=0.0, reg_lambda=0.0, scale_pos_weight=6.002903683563117, subsample=1.0;, score=0.688 total time=  20.6s
[CV 1/5] END colsample_bytree=0.8693299045557418, gamma=3.4097734787030287, learning_rate=0.012329165468364028, max_depth=15, n_estimators=498, reg_alpha=0.33329953358835357, reg_lambda=0.8453279311327371, scale_pos_weight=4.27345977897369, subsample=0.9884990483593981;, score=0.679 total time= 4.2min
[CV 5/5] END colsample_bytree=0.5, gamma=1.9299197096746608, learning_rate=0.2195164032332726, max_depth=4, n_estimators=267, reg_alpha=0.5719341182266026, reg_lambda=1.0, scale_pos_weight=1.0, subsample=1.0;, score=0.687 total time=  38.3s
[CV 1/5] END colsample_bytree=0.5, gamma=5.0, learning_rate=0.09750723513114527, max_depth=3, n_estimators=445, reg_alpha=1.0, reg_lambda=0.0, scale_pos_weight=5.548147245586589, subsample=1.0;, score=0.687 total time= 1.1min
[CV 3/5] END colsample_bytree=0.7870650140579284, gamma=5.0, learning_rate=0.06963329223061582, max_depth=5, n_estimators=361, reg_alpha=0.0, reg_lambda=0.0, scale_pos_weight=1.0, subsample=1.0;, score=0.681 total time=  57.7s
[CV 3/5] END colsample_bytree=0.5822697722000064, gamma=4.418788675370548, learning_rate=0.1863322583136175, max_depth=5, n_estimators=324, reg_alpha=0.15420171516144335, reg_lambda=0.04122546715056164, scale_pos_weight=8.59049852889921, subsample=0.7948661501413129;, score=0.672 total time=  18.8s
[CV 4/5] END colsample_bytree=0.5, gamma=0.0, learning_rate=0.04123560848556283, max_depth=6, n_estimators=360, reg_alpha=0.0, reg_lambda=0.0, scale_pos_weight=6.002903683563117, subsample=1.0;, score=0.688 total time=  20.7s
[CV 2/5] END colsample_bytree=0.8693299045557418, gamma=3.4097734787030287, learning_rate=0.012329165468364028, max_depth=15, n_estimators=498, reg_alpha=0.33329953358835357, reg_lambda=0.8453279311327371, scale_pos_weight=4.27345977897369, subsample=0.9884990483593981;, score=0.678 total time= 4.2min
[CV 3/5] END colsample_bytree=0.9385042151453604, gamma=0.3811392299424771, learning_rate=0.06504683694612338, max_depth=10, n_estimators=56, reg_alpha=0.7437590869852472, reg_lambda=0.28048619359176225, scale_pos_weight=2.0737896170840995, subsample=0.5691046926139226;, score=0.675 total time=  47.5s
[CV 3/5] END colsample_bytree=0.5, gamma=5.0, learning_rate=0.09750723513114527, max_depth=3, n_estimators=445, reg_alpha=1.0, reg_lambda=0.0, scale_pos_weight=5.548147245586589, subsample=1.0;, score=0.683 total time= 1.0min
[CV 4/5] END colsample_bytree=0.7870650140579284, gamma=5.0, learning_rate=0.06963329223061582, max_depth=5, n_estimators=361, reg_alpha=0.0, reg_lambda=0.0, scale_pos_weight=1.0, subsample=1.0;, score=0.687 total time=  57.9s
[CV 5/5] END colsample_bytree=0.5822697722000064, gamma=4.418788675370548, learning_rate=0.1863322583136175, max_depth=5, n_estimators=324, reg_alpha=0.15420171516144335, reg_lambda=0.04122546715056164, scale_pos_weight=8.59049852889921, subsample=0.7948661501413129;, score=0.678 total time=  18.6s
[CV 2/5] END colsample_bytree=0.5, gamma=0.0, learning_rate=0.04123560848556283, max_depth=6, n_estimators=360, reg_alpha=0.0, reg_lambda=0.0, scale_pos_weight=6.002903683563117, subsample=1.0;, score=0.685 total time=  20.8s
[CV 3/5] END colsample_bytree=0.8693299045557418, gamma=3.4097734787030287, learning_rate=0.012329165468364028, max_depth=15, n_estimators=498, reg_alpha=0.33329953358835357, reg_lambda=0.8453279311327371, scale_pos_weight=4.27345977897369, subsample=0.9884990483593981;, score=0.673 total time= 4.2min
[CV 1/5] END colsample_bytree=0.9255799463674057, gamma=0.49506286043932757, learning_rate=0.05899588815612583, max_depth=6, n_estimators=50, reg_alpha=0.0, reg_lambda=0.8870484929726012, scale_pos_weight=10.0, subsample=0.5;, score=0.679 total time=   7.1s
[CV 4/5] END colsample_bytree=0.9065420258258131, gamma=3.38990322491788, learning_rate=0.014239037117162755, max_depth=11, n_estimators=93, reg_alpha=0.5459197057115581, reg_lambda=0.4022780920914345, scale_pos_weight=9.43024781839165, subsample=0.6358286950499116;, score=0.681 total time=  22.5s
[CV 5/5] END colsample_bytree=0.8693299045557418, gamma=3.4097734787030287, learning_rate=0.012329165468364028, max_depth=15, n_estimators=498, reg_alpha=0.33329953358835357, reg_lambda=0.8453279311327371, scale_pos_weight=4.27345977897369, subsample=0.9884990483593981;, score=0.681 total time= 4.2min
[CV 2/5] END colsample_bytree=0.6263059764402229, gamma=4.73524270214896, learning_rate=0.016365244737914245, max_depth=10, n_estimators=329, reg_alpha=0.6386445435399415, reg_lambda=0.09765852555702062, scale_pos_weight=1.2886420200599638, subsample=0.5280161778428814;, score=0.685 total time= 3.2min
[CV 5/5] END colsample_bytree=1.0, gamma=5.0, learning_rate=0.06590228763967616, max_depth=3, n_estimators=600, reg_alpha=0.20253744999388112, reg_lambda=0.0, scale_pos_weight=10.0, subsample=0.5;, score=0.689 total time= 1.4min
[CV 4/5] END colsample_bytree=0.7339450974716968, gamma=2.255499157856894, learning_rate=0.018718883523227488, max_depth=5, n_estimators=588, reg_alpha=0.9159507671557421, reg_lambda=0.22241695204469275, scale_pos_weight=9.192939597947294, subsample=0.9694816023063325;, score=0.688 total time= 2.0min
[CV 3/5] END colsample_bytree=0.9255799463674057, gamma=0.49506286043932757, learning_rate=0.05899588815612583, max_depth=6, n_estimators=50, reg_alpha=0.0, reg_lambda=0.8870484929726012, scale_pos_weight=10.0, subsample=0.5;, score=0.674 total time=   7.1s
[CV 5/5] END colsample_bytree=0.5, gamma=0.0, learning_rate=0.04123560848556283, max_depth=6, n_estimators=360, reg_alpha=0.0, reg_lambda=0.0, scale_pos_weight=6.002903683563117, subsample=1.0;, score=0.690 total time=  20.9s
[CV 4/5] END colsample_bytree=0.8693299045557418, gamma=3.4097734787030287, learning_rate=0.012329165468364028, max_depth=15, n_estimators=498, reg_alpha=0.33329953358835357, reg_lambda=0.8453279311327371, scale_pos_weight=4.27345977897369, subsample=0.9884990483593981;, score=0.680 total time= 4.2min
Fitting 5 folds for each of 1 candidates, totalling 5 fits
Fitting 5 folds for each of 1 candidates, totalling 5 fits
Fitting 5 folds for each of 1 candidates, totalling 5 fits
Fitting 5 folds for each of 1 candidates, totalling 5 fits
Fitting 5 folds for each of 1 candidates, totalling 5 fits
Fitting 5 folds for each of 1 candidates, totalling 5 fits
Fitting 5 folds for each of 1 candidates, totalling 5 fits
Fitting 5 folds for each of 1 candidates, totalling 5 fits
Fitting 5 folds for each of 1 candidates, totalling 5 fits
Fitting 5 folds for each of 1 candidates, totalling 5 fits
Fitting 5 folds for each of 1 candidates, totalling 5 fits
[CV 4/5] END colsample_bytree=0.5686291835954265, gamma=2.4718821602155816, learning_rate=0.09456183823044179, max_depth=8, n_estimators=73, reg_alpha=0.8694978134979403, reg_lambda=0.1654927052876263, scale_pos_weight=9.782601042779005, subsample=0.8012511697986207;, score=0.682 total time=  39.3s
[CV 5/5] END colsample_bytree=0.5, gamma=3.523813173788425, learning_rate=0.01, max_depth=8, n_estimators=600, reg_alpha=0.19187762910170963, reg_lambda=0.0, scale_pos_weight=1.0, subsample=0.7630614204642167;, score=0.690 total time= 1.3min
[CV 5/5] END colsample_bytree=0.7864223168914963, gamma=5.0, learning_rate=0.01, max_depth=9, n_estimators=494, reg_alpha=0.9831411113172739, reg_lambda=0.0, scale_pos_weight=1.0, subsample=1.0;, score=0.691 total time= 1.1min
[CV 3/5] END colsample_bytree=0.8192436597855124, gamma=0.3981405844511055, learning_rate=0.1566497446737801, max_depth=3, n_estimators=70, reg_alpha=0.4858984976322518, reg_lambda=0.5021742800815204, scale_pos_weight=9.616747953882873, subsample=0.7158819905905424;, score=0.677 total time=   5.0s
[CV 1/5] END colsample_bytree=0.7864223168914963, gamma=5.0, learning_rate=0.01, max_depth=9, n_estimators=494, reg_alpha=0.9831411113172739, reg_lambda=0.0, scale_pos_weight=1.0, subsample=1.0;, score=0.688 total time= 1.1min
[CV 1/5] END colsample_bytree=0.8192436597855124, gamma=0.3981405844511055, learning_rate=0.1566497446737801, max_depth=3, n_estimators=70, reg_alpha=0.4858984976322518, reg_lambda=0.5021742800815204, scale_pos_weight=9.616747953882873, subsample=0.7158819905905424;, score=0.681 total time=   5.2s
[CV 3/5] END colsample_bytree=0.5686291835954265, gamma=2.4718821602155816, learning_rate=0.09456183823044179, max_depth=8, n_estimators=73, reg_alpha=0.8694978134979403, reg_lambda=0.1654927052876263, scale_pos_weight=9.782601042779005, subsample=0.8012511697986207;, score=0.676 total time=  37.7s
[CV 3/5] END colsample_bytree=0.5, gamma=3.523813173788425, learning_rate=0.01, max_depth=8, n_estimators=600, reg_alpha=0.19187762910170963, reg_lambda=0.0, scale_pos_weight=1.0, subsample=0.7630614204642167;, score=0.684 total time= 1.3min
[CV 1/5] END colsample_bytree=0.5983348171862279, gamma=2.599043792046351, learning_rate=0.01, max_depth=7, n_estimators=600, reg_alpha=1.0, reg_lambda=0.27908240393950884, scale_pos_weight=8.22629764672864, subsample=0.5;, score=0.687 total time=  51.5s
[CV 5/5] END colsample_bytree=0.8192436597855124, gamma=0.3981405844511055, learning_rate=0.1566497446737801, max_depth=3, n_estimators=70, reg_alpha=0.4858984976322518, reg_lambda=0.5021742800815204, scale_pos_weight=9.616747953882873, subsample=0.7158819905905424;, score=0.683 total time=   5.2s
[CV 5/5] END colsample_bytree=0.5686291835954265, gamma=2.4718821602155816, learning_rate=0.09456183823044179, max_depth=8, n_estimators=73, reg_alpha=0.8694978134979403, reg_lambda=0.1654927052876263, scale_pos_weight=9.782601042779005, subsample=0.8012511697986207;, score=0.681 total time=  32.8s
[CV 1/5] END colsample_bytree=0.5, gamma=3.523813173788425, learning_rate=0.01, max_depth=8, n_estimators=600, reg_alpha=0.19187762910170963, reg_lambda=0.0, scale_pos_weight=1.0, subsample=0.7630614204642167;, score=0.688 total time= 1.3min
[CV 4/5] END colsample_bytree=0.7864223168914963, gamma=5.0, learning_rate=0.01, max_depth=9, n_estimators=494, reg_alpha=0.9831411113172739, reg_lambda=0.0, scale_pos_weight=1.0, subsample=1.0;, score=0.688 total time= 1.1min
[CV 2/5] END colsample_bytree=0.8192436597855124, gamma=0.3981405844511055, learning_rate=0.1566497446737801, max_depth=3, n_estimators=70, reg_alpha=0.4858984976322518, reg_lambda=0.5021742800815204, scale_pos_weight=9.616747953882873, subsample=0.7158819905905424;, score=0.681 total time=   5.3s
[CV 2/5] END colsample_bytree=0.5686291835954265, gamma=2.4718821602155816, learning_rate=0.09456183823044179, max_depth=8, n_estimators=73, reg_alpha=0.8694978134979403, reg_lambda=0.1654927052876263, scale_pos_weight=9.782601042779005, subsample=0.8012511697986207;, score=0.680 total time=  37.5s
[CV 2/5] END colsample_bytree=0.5, gamma=3.523813173788425, learning_rate=0.01, max_depth=8, n_estimators=600, reg_alpha=0.19187762910170963, reg_lambda=0.0, scale_pos_weight=1.0, subsample=0.7630614204642167;, score=0.687 total time= 1.2min
[CV 2/5] END colsample_bytree=0.7864223168914963, gamma=5.0, learning_rate=0.01, max_depth=9, n_estimators=494, reg_alpha=0.9831411113172739, reg_lambda=0.0, scale_pos_weight=1.0, subsample=1.0;, score=0.686 total time= 1.1min
[CV 4/5] END colsample_bytree=0.8192436597855124, gamma=0.3981405844511055, learning_rate=0.1566497446737801, max_depth=3, n_estimators=70, reg_alpha=0.4858984976322518, reg_lambda=0.5021742800815204, scale_pos_weight=9.616747953882873, subsample=0.7158819905905424;, score=0.681 total time=   5.3s
Fitting 5 folds for each of 1 candidates, totalling 5 fits
[CV 5/5] END colsample_bytree=0.9385042151453604, gamma=0.3811392299424771, learning_rate=0.06504683694612338, max_depth=10, n_estimators=56, reg_alpha=0.7437590869852472, reg_lambda=0.28048619359176225, scale_pos_weight=2.0737896170840995, subsample=0.5691046926139226;, score=0.684 total time=  45.8s
[CV 2/5] END colsample_bytree=0.5, gamma=5.0, learning_rate=0.09750723513114527, max_depth=3, n_estimators=445, reg_alpha=1.0, reg_lambda=0.0, scale_pos_weight=5.548147245586589, subsample=1.0;, score=0.685 total time= 1.0min
[CV 1/5] END colsample_bytree=0.7870650140579284, gamma=5.0, learning_rate=0.06963329223061582, max_depth=5, n_estimators=361, reg_alpha=0.0, reg_lambda=0.0, scale_pos_weight=1.0, subsample=1.0;, score=0.687 total time=  58.0s
[CV 4/5] END colsample_bytree=0.5822697722000064, gamma=4.418788675370548, learning_rate=0.1863322583136175, max_depth=5, n_estimators=324, reg_alpha=0.15420171516144335, reg_lambda=0.04122546715056164, scale_pos_weight=8.59049852889921, subsample=0.7948661501413129;, score=0.676 total time=  18.7s
[CV 3/5] END colsample_bytree=0.5, gamma=0.0, learning_rate=0.04123560848556283, max_depth=6, n_estimators=360, reg_alpha=0.0, reg_lambda=0.0, scale_pos_weight=6.002903683563117, subsample=1.0;, score=0.682 total time=  20.6s
[CV 5/5] END colsample_bytree=0.8521988988477819, gamma=4.616363744675555, learning_rate=0.11556855209956547, max_depth=7, n_estimators=207, reg_alpha=0.26893015025781947, reg_lambda=0.9889220572707549, scale_pos_weight=1.056360025040639, subsample=0.961621423894991;, score=0.688 total time=  12.2s
[CV 5/5] END colsample_bytree=0.678179522139714, gamma=0.0, learning_rate=0.09856386891086477, max_depth=5, n_estimators=190, reg_alpha=1.0, reg_lambda=0.5889110238576457, scale_pos_weight=1.0, subsample=1.0;, score=0.690 total time=  10.8s
[CV 3/5] END colsample_bytree=0.6076374325755216, gamma=2.5841319492239583, learning_rate=0.29048509295382896, max_depth=6, n_estimators=50, reg_alpha=0.45474577398856464, reg_lambda=0.7071239910920258, scale_pos_weight=8.79221483894404, subsample=0.9859774302321153;, score=0.674 total time=   5.2s
[CV 5/5] END colsample_bytree=0.7363504828512701, gamma=4.702479097742339, learning_rate=0.04970707443035448, max_depth=13, n_estimators=52, reg_alpha=0.05085366422578165, reg_lambda=0.0036557134523518284, scale_pos_weight=1.1199891697919364, subsample=0.9740456166420055;, score=0.680 total time=  16.7s
[CV 1/5] END colsample_bytree=0.7760659401149603, gamma=0.0, learning_rate=0.06736589922366819, max_depth=7, n_estimators=224, reg_alpha=1.0, reg_lambda=0.0, scale_pos_weight=1.0, subsample=1.0;, score=0.686 total time=  15.9s
[CV 3/5] END colsample_bytree=1.0, gamma=0.0, learning_rate=0.01, max_depth=6, n_estimators=600, reg_alpha=0.4824580554059964, reg_lambda=0.0, scale_pos_weight=1.0, subsample=0.5;, score=0.682 total time=  39.3s
[CV 5/5] END colsample_bytree=0.8920595008286891, gamma=0.8561371134594954, learning_rate=0.18973208528117577, max_depth=15, n_estimators=74, reg_alpha=0.6052717710886845, reg_lambda=0.9539782603835636, scale_pos_weight=1.6369754750837688, subsample=0.916573219752614;, score=0.657 total time=  32.7s
[CV 1/5] END colsample_bytree=0.5, gamma=5.0, learning_rate=0.03814347791592763, max_depth=5, n_estimators=600, reg_alpha=1.0, reg_lambda=1.0, scale_pos_weight=1.0, subsample=1.0;, score=0.688 total time=  23.1s
[CV 1/5] END colsample_bytree=0.5, gamma=0.0, learning_rate=0.036408403910439154, max_depth=5, n_estimators=600, reg_alpha=0.12575165877193717, reg_lambda=0.9068871400583315, scale_pos_weight=3.899331355027762, subsample=0.7882586122148901;, score=0.689 total time=  29.7s
[CV 3/5] END colsample_bytree=0.540342961447624, gamma=1.248254015805992, learning_rate=0.06401168123820596, max_depth=9, n_estimators=589, reg_alpha=0.617560303190598, reg_lambda=0.5621279602103079, scale_pos_weight=1.5269545201786143, subsample=0.8751707166166196;, score=0.670 total time=  49.2s
[CV 1/5] END colsample_bytree=0.7606821713619214, gamma=0.6055015662823117, learning_rate=0.09298766639732195, max_depth=12, n_estimators=81, reg_alpha=0.18291793042899754, reg_lambda=0.6185285942018434, scale_pos_weight=9.668918540050095, subsample=0.594740945117871;, score=0.656 total time=  18.3s
[CV 3/5] END colsample_bytree=0.5408085070096298, gamma=2.7586707737457115, learning_rate=0.29865249234129854, max_depth=4, n_estimators=246, reg_alpha=0.8108706676160262, reg_lambda=0.15227227602857, scale_pos_weight=9.937193879983532, subsample=0.9575911103041765;, score=0.675 total time=  10.7s
[CV 1/5] END colsample_bytree=1.0, gamma=5.0, learning_rate=0.03549721192514799, max_depth=6, n_estimators=559, reg_alpha=1.0, reg_lambda=1.0, scale_pos_weight=1.0, subsample=0.7327742321725259;, score=0.690 total time=  30.5s
[CV 5/5] END colsample_bytree=0.7539289130249214, gamma=0.3284898083428273, learning_rate=0.018094598154592627, max_depth=9, n_estimators=52, reg_alpha=0.5756479096587142, reg_lambda=0.30354440835757585, scale_pos_weight=9.448026391750568, subsample=0.5304269581394923;, score=0.680 total time=   9.1s
[CV 2/5] END colsample_bytree=0.5820774792485242, gamma=3.4186545656651623, learning_rate=0.2050739752734744, max_depth=9, n_estimators=592, reg_alpha=0.18013014930063367, reg_lambda=0.1996791920062287, scale_pos_weight=1.0710392526845183, subsample=0.9420433580594053;, score=0.665 total time=  20.4s
[CV 1/5] END colsample_bytree=0.5, gamma=5.0, learning_rate=0.02937055022522013, max_depth=7, n_estimators=411, reg_alpha=1.0, reg_lambda=1.0, scale_pos_weight=1.0, subsample=0.8074026012349513;, score=0.690 total time=  27.1s
[CV 1/5] END colsample_bytree=0.8178798998260169, gamma=5.0, learning_rate=0.0258798084557839, max_depth=7, n_estimators=533, reg_alpha=1.0, reg_lambda=0.0002010545888841862, scale_pos_weight=1.0, subsample=0.7672739084913661;, score=0.690 total time=  34.3s
[CV 2/5] END colsample_bytree=0.5423552155980201, gamma=5.0, learning_rate=0.16496264435446037, max_depth=3, n_estimators=600, reg_alpha=0.8002847865905249, reg_lambda=1.0, scale_pos_weight=1.0, subsample=1.0;, score=0.683 total time=  16.6s
[CV 2/5] END colsample_bytree=0.5094779502092588, gamma=0.7498646841321412, learning_rate=0.02277722734594289, max_depth=7, n_estimators=600, reg_alpha=1.0, reg_lambda=1.0, scale_pos_weight=1.0, subsample=0.700684471810815;, score=0.687 total time=  39.7s
[CV 2/5] END colsample_bytree=0.5, gamma=4.434523161279565, learning_rate=0.023456325155787053, max_depth=7, n_estimators=600, reg_alpha=1.0, reg_lambda=1.0, scale_pos_weight=1.0, subsample=0.8065552378727924;, score=0.687 total time=  37.6s
[CV 5/5] END colsample_bytree=0.8921422989637227, gamma=5.0, learning_rate=0.02351145821765569, max_depth=7, n_estimators=600, reg_alpha=1.0, reg_lambda=1.0, scale_pos_weight=1.0, subsample=0.7372541521157021;, score=0.691 total time=  39.1s
[CV 3/5] END colsample_bytree=0.9983434156801658, gamma=3.548008473354746, learning_rate=0.0672228957949483, max_depth=4, n_estimators=77, reg_alpha=0.7806806417423658, reg_lambda=0.5197086602938711, scale_pos_weight=2.0360895358852127, subsample=0.5089171079324647;, score=0.675 total time=   6.1s
[CV 5/5] END colsample_bytree=0.5, gamma=5.0, learning_rate=0.02218425019003871, max_depth=7, n_estimators=509, reg_alpha=1.0, reg_lambda=0.6701497608970879, scale_pos_weight=1.0, subsample=0.8157914552517294;, score=0.692 total time=  33.8s
[CV 1/5] END colsample_bytree=0.9867938425499357, gamma=3.985711548718622, learning_rate=0.18092923797248606, max_depth=3, n_estimators=597, reg_alpha=0.8082437895641964, reg_lambda=0.3824637770899221, scale_pos_weight=6.004478490713605, subsample=0.5876751941539731;, score=0.681 total time=  21.2s
[CV 1/5] END colsample_bytree=0.65375398671407, gamma=1.6595341047884895, learning_rate=0.27374060822894797, max_depth=3, n_estimators=373, reg_alpha=0.9309090091390603, reg_lambda=0.5854690233177103, scale_pos_weight=1.3469590063337766, subsample=0.9748096395617034;, score=0.684 total time=  13.1s
[CV 1/5] END colsample_bytree=0.9385042151453604, gamma=0.3811392299424771, learning_rate=0.06504683694612338, max_depth=10, n_estimators=56, reg_alpha=0.7437590869852472, reg_lambda=0.28048619359176225, scale_pos_weight=2.0737896170840995, subsample=0.5691046926139226;, score=0.680 total time=  48.6s
[CV 4/5] END colsample_bytree=0.5, gamma=5.0, learning_rate=0.09750723513114527, max_depth=3, n_estimators=445, reg_alpha=1.0, reg_lambda=0.0, scale_pos_weight=5.548147245586589, subsample=1.0;, score=0.687 total time= 1.0min
[CV 5/5] END colsample_bytree=0.7870650140579284, gamma=5.0, learning_rate=0.06963329223061582, max_depth=5, n_estimators=361, reg_alpha=0.0, reg_lambda=0.0, scale_pos_weight=1.0, subsample=1.0;, score=0.688 total time=  55.3s
[CV 1/5] END colsample_bytree=0.5822697722000064, gamma=4.418788675370548, learning_rate=0.1863322583136175, max_depth=5, n_estimators=324, reg_alpha=0.15420171516144335, reg_lambda=0.04122546715056164, scale_pos_weight=8.59049852889921, subsample=0.7948661501413129;, score=0.675 total time=  18.6s
[CV 5/5] END colsample_bytree=0.5983348171862279, gamma=2.599043792046351, learning_rate=0.01, max_depth=7, n_estimators=600, reg_alpha=1.0, reg_lambda=0.27908240393950884, scale_pos_weight=8.22629764672864, subsample=0.5;, score=0.689 total time=  51.8s
[CV 2/5] END colsample_bytree=0.8521988988477819, gamma=4.616363744675555, learning_rate=0.11556855209956547, max_depth=7, n_estimators=207, reg_alpha=0.26893015025781947, reg_lambda=0.9889220572707549, scale_pos_weight=1.056360025040639, subsample=0.961621423894991;, score=0.683 total time=  11.5s
[CV 2/5] END colsample_bytree=0.678179522139714, gamma=0.0, learning_rate=0.09856386891086477, max_depth=5, n_estimators=190, reg_alpha=1.0, reg_lambda=0.5889110238576457, scale_pos_weight=1.0, subsample=1.0;, score=0.685 total time=  10.6s
[CV 5/5] END colsample_bytree=0.9684951638887911, gamma=4.091626872287399, learning_rate=0.010404611842957165, max_depth=12, n_estimators=278, reg_alpha=0.8836604756789972, reg_lambda=0.15414951507421162, scale_pos_weight=1.4630381845911158, subsample=0.5469399540707952;, score=0.687 total time= 1.2min
[CV 2/5] END colsample_bytree=0.7363504828512701, gamma=4.702479097742339, learning_rate=0.04970707443035448, max_depth=13, n_estimators=52, reg_alpha=0.05085366422578165, reg_lambda=0.0036557134523518284, scale_pos_weight=1.1199891697919364, subsample=0.9740456166420055;, score=0.678 total time=  16.9s
[CV 4/5] END colsample_bytree=0.7760659401149603, gamma=0.0, learning_rate=0.06736589922366819, max_depth=7, n_estimators=224, reg_alpha=1.0, reg_lambda=0.0, scale_pos_weight=1.0, subsample=1.0;, score=0.687 total time=  15.7s
[CV 2/5] END colsample_bytree=1.0, gamma=0.0, learning_rate=0.01, max_depth=6, n_estimators=600, reg_alpha=0.4824580554059964, reg_lambda=0.0, scale_pos_weight=1.0, subsample=0.5;, score=0.685 total time=  39.6s
[CV 1/5] END colsample_bytree=0.8680272259835786, gamma=2.618534095181748, learning_rate=0.01, max_depth=7, n_estimators=600, reg_alpha=1.0, reg_lambda=0.09360050262340544, scale_pos_weight=10.0, subsample=1.0;, score=0.686 total time=  45.3s
[CV 1/5] END colsample_bytree=0.7235672113129498, gamma=0.0, learning_rate=0.03769350706670016, max_depth=6, n_estimators=511, reg_alpha=1.0, reg_lambda=1.0, scale_pos_weight=2.974537172026368, subsample=0.7785604039212844;, score=0.689 total time=  28.8s
[CV 1/5] END colsample_bytree=0.5287928892135739, gamma=0.0, learning_rate=0.03846639161833951, max_depth=5, n_estimators=518, reg_alpha=1.0, reg_lambda=0.0, scale_pos_weight=3.4118573288219887, subsample=0.8094492183937319;, score=0.689 total time=  25.5s
[CV 2/5] END colsample_bytree=0.5, gamma=5.0, learning_rate=0.03878308479318517, max_depth=6, n_estimators=534, reg_alpha=0.0, reg_lambda=0.0, scale_pos_weight=1.0, subsample=0.7696733682964835;, score=0.686 total time=  27.9s
[CV 4/5] END colsample_bytree=1.0, gamma=0.0, learning_rate=0.03576570904149307, max_depth=6, n_estimators=498, reg_alpha=1.0, reg_lambda=0.4542515393837499, scale_pos_weight=1.0, subsample=0.8245943562794529;, score=0.689 total time=  30.0s
[CV 4/5] END colsample_bytree=0.7017686946740362, gamma=5.0, learning_rate=0.01, max_depth=8, n_estimators=519, reg_alpha=1.0, reg_lambda=0.14200588919408277, scale_pos_weight=4.782132019944289, subsample=0.7767531464126787;, score=0.689 total time=  48.4s
[CV 4/5] END colsample_bytree=0.5635384129917501, gamma=4.30320867344925, learning_rate=0.17080747360882675, max_depth=5, n_estimators=598, reg_alpha=0.45003309411260806, reg_lambda=0.8977916894321485, scale_pos_weight=1.151871727422216, subsample=0.9136937655309443;, score=0.686 total time=  19.0s
[CV 1/5] END colsample_bytree=0.5, gamma=5.0, learning_rate=0.023883336835856216, max_depth=7, n_estimators=536, reg_alpha=1.0, reg_lambda=1.0, scale_pos_weight=1.0, subsample=0.6943278310186757;, score=0.690 total time=  34.7s
[CV 1/5] END colsample_bytree=0.5487907161242441, gamma=2.4299927705266393, learning_rate=0.20774207478601936, max_depth=3, n_estimators=271, reg_alpha=0.3809213290914262, reg_lambda=0.03534472589885907, scale_pos_weight=8.735433879443361, subsample=0.5307173939670179;, score=0.683 total time=  11.5s
[CV 3/5] END colsample_bytree=0.5, gamma=5.0, learning_rate=0.021984852184891573, max_depth=7, n_estimators=600, reg_alpha=1.0, reg_lambda=0.7163240997549738, scale_pos_weight=1.0, subsample=0.7292084155247218;, score=0.685 total time=  37.6s
[CV 5/5] END colsample_bytree=0.5194723414047057, gamma=5.0, learning_rate=0.021554325907233773, max_depth=7, n_estimators=600, reg_alpha=1.0, reg_lambda=1.0, scale_pos_weight=1.0, subsample=0.7301594634907302;, score=0.692 total time=  39.4s
[CV 1/5] END colsample_bytree=0.5245602689697538, gamma=5.0, learning_rate=0.028581617984048215, max_depth=8, n_estimators=327, reg_alpha=1.0, reg_lambda=1.0, scale_pos_weight=1.0, subsample=0.8584643096743538;, score=0.690 total time=  25.3s
[CV 5/5] END colsample_bytree=0.5094779502092588, gamma=0.7498646841321412, learning_rate=0.02277722734594289, max_depth=7, n_estimators=600, reg_alpha=1.0, reg_lambda=1.0, scale_pos_weight=1.0, subsample=0.700684471810815;, score=0.692 total time=  39.6s
[CV 1/5] END colsample_bytree=0.5, gamma=4.434523161279565, learning_rate=0.023456325155787053, max_depth=7, n_estimators=600, reg_alpha=1.0, reg_lambda=1.0, scale_pos_weight=1.0, subsample=0.8065552378727924;, score=0.690 total time=  37.6s
[CV 1/5] END colsample_bytree=0.5, gamma=5.0, learning_rate=0.020094448342793437, max_depth=7, n_estimators=515, reg_alpha=1.0, reg_lambda=1.0, scale_pos_weight=1.0, subsample=0.7248449899586076;, score=0.690 total time=  34.9s
[CV 1/5] END colsample_bytree=0.5, gamma=5.0, learning_rate=0.023486865275603272, max_depth=7, n_estimators=490, reg_alpha=1.0, reg_lambda=0.5570016055668544, scale_pos_weight=1.0, subsample=0.8664085780898524;, score=0.690 total time=  32.1s
[CV 1/5] END colsample_bytree=0.5269128050365464, gamma=4.94193239364443, learning_rate=0.026620064981908394, max_depth=7, n_estimators=487, reg_alpha=1.0, reg_lambda=1.0, scale_pos_weight=1.0, subsample=0.8599101150260361;, score=0.689 total time=  30.7s
[CV 2/5] END colsample_bytree=0.9950790646825194, gamma=0.7714150086049594, learning_rate=0.020343723052079495, max_depth=8, n_estimators=139, reg_alpha=0.20715132464133673, reg_lambda=0.9406834989860715, scale_pos_weight=9.968901549132118, subsample=0.9975252290463107;, score=0.681 total time=  16.1s
[CV 5/5] END colsample_bytree=0.5, gamma=5.0, learning_rate=0.02109615904193636, max_depth=7, n_estimators=533, reg_alpha=1.0, reg_lambda=1.0, scale_pos_weight=1.0, subsample=0.8117796214860373;, score=0.692 total time=  36.4s
[CV 4/5] END colsample_bytree=0.5, gamma=5.0, learning_rate=0.025179401587726066, max_depth=8, n_estimators=441, reg_alpha=1.0, reg_lambda=1.0, scale_pos_weight=1.0, subsample=0.9690928342134989;, score=0.689 total time=  31.2s
[CV 3/5] END colsample_bytree=0.5, gamma=2.758099101761555, learning_rate=0.020845884366460246, max_depth=7, n_estimators=520, reg_alpha=1.0, reg_lambda=1.0, scale_pos_weight=1.0, subsample=0.7928477994520547;, score=0.684 total time=  35.0s
[CV 5/5] END colsample_bytree=0.9452835294868993, gamma=3.1122145433315316, learning_rate=0.2936801572508768, max_depth=15, n_estimators=585, reg_alpha=0.3433425331193973, reg_lambda=0.7366176034580539, scale_pos_weight=2.5867932914734935, subsample=0.8044792436732333;, score=0.632 total time=  41.4s
[CV 4/5] END colsample_bytree=0.5462642978720665, gamma=2.1638488061578665, learning_rate=0.04004263974136054, max_depth=5, n_estimators=590, reg_alpha=0.6204781114240714, reg_lambda=0.6116905042901314, scale_pos_weight=1.1448164506950016, subsample=0.5202725796333513;, score=0.688 total time=  29.2s
[CV 4/5] END colsample_bytree=0.8656939096595792, gamma=1.7179949728281163, learning_rate=0.01, max_depth=8, n_estimators=400, reg_alpha=1.0, reg_lambda=0.06396956119918615, scale_pos_weight=10.0, subsample=0.5;, score=0.687 total time=  37.8s
[CV 5/5] END colsample_bytree=0.5861053453405902, gamma=2.288647332681438, learning_rate=0.10125342026992666, max_depth=5, n_estimators=276, reg_alpha=0.8116420460131888, reg_lambda=0.014604883489965251, scale_pos_weight=1.1945054153693373, subsample=0.5104647862172301;, score=0.687 total time=  14.7s
[CV 5/5] END colsample_bytree=1.0, gamma=5.0, learning_rate=0.05398608613666459, max_depth=4, n_estimators=600, reg_alpha=0.6448669564074435, reg_lambda=1.0, scale_pos_weight=5.876507874039996, subsample=1.0;, score=0.690 total time=  23.4s
[CV 5/5] END colsample_bytree=0.5788126681447514, gamma=4.149925145775637, learning_rate=0.09438538065571071, max_depth=11, n_estimators=63, reg_alpha=0.9373188814705946, reg_lambda=0.5554371783117286, scale_pos_weight=1.1270485010254856, subsample=0.9838535212057752;, score=0.681 total time=  11.7s
[CV 2/5] END colsample_bytree=0.5590334860799085, gamma=2.0975857728425824, learning_rate=0.22647687991832696, max_depth=3, n_estimators=535, reg_alpha=0.046972823727298066, reg_lambda=0.4623235130796085, scale_pos_weight=1.591233880703379, subsample=0.5337182326460659;, score=0.677 total time=  19.4s
[CV 2/5] END colsample_bytree=0.643456397233197, gamma=0.44746148919215856, learning_rate=0.042757507392686016, max_depth=5, n_estimators=600, reg_alpha=1.0, reg_lambda=0.0, scale_pos_weight=8.237545097608125, subsample=0.7050245680417263;, score=0.685 total time=  28.6s
[CV 2/5] END colsample_bytree=0.5, gamma=4.502891055954389, learning_rate=0.01, max_depth=10, n_estimators=600, reg_alpha=1.0, reg_lambda=1.0, scale_pos_weight=1.0, subsample=0.5;, score=0.687 total time= 1.1min
[CV 2/5] END colsample_bytree=0.5498882085434738, gamma=5.0, learning_rate=0.04952306415736234, max_depth=6, n_estimators=353, reg_alpha=1.0, reg_lambda=1.0, scale_pos_weight=4.846245662157891, subsample=0.7650434389639775;, score=0.686 total time=  21.0s
[CV 4/5] END colsample_bytree=0.9392345347986221, gamma=3.475685422789752, learning_rate=0.1811188351109418, max_depth=3, n_estimators=424, reg_alpha=1.0, reg_lambda=0.016339972867413233, scale_pos_weight=1.0, subsample=1.0;, score=0.686 total time=  13.0s
[CV 5/5] END colsample_bytree=0.5, gamma=5.0, learning_rate=0.03878308479318517, max_depth=6, n_estimators=534, reg_alpha=0.0, reg_lambda=0.0, scale_pos_weight=1.0, subsample=0.7696733682964835;, score=0.691 total time=  26.8s
[CV 5/5] END colsample_bytree=0.7606821713619214, gamma=0.6055015662823117, learning_rate=0.09298766639732195, max_depth=12, n_estimators=81, reg_alpha=0.18291793042899754, reg_lambda=0.6185285942018434, scale_pos_weight=9.668918540050095, subsample=0.594740945117871;, score=0.658 total time=  18.2s
[CV 2/5] END colsample_bytree=0.5408085070096298, gamma=2.7586707737457115, learning_rate=0.29865249234129854, max_depth=4, n_estimators=246, reg_alpha=0.8108706676160262, reg_lambda=0.15227227602857, scale_pos_weight=9.937193879983532, subsample=0.9575911103041765;, score=0.677 total time=  10.6s
[CV 5/5] END colsample_bytree=0.5, gamma=5.0, learning_rate=0.03309056513528459, max_depth=6, n_estimators=600, reg_alpha=1.0, reg_lambda=0.017656797604303134, scale_pos_weight=1.0, subsample=0.7065998347903221;, score=0.691 total time=  32.6s
[CV 3/5] END colsample_bytree=0.7539289130249214, gamma=0.3284898083428273, learning_rate=0.018094598154592627, max_depth=9, n_estimators=52, reg_alpha=0.5756479096587142, reg_lambda=0.30354440835757585, scale_pos_weight=9.448026391750568, subsample=0.5304269581394923;, score=0.673 total time=   8.9s
[CV 5/5] END colsample_bytree=0.7892698277388533, gamma=4.622153006138772, learning_rate=0.15512192325078686, max_depth=15, n_estimators=584, reg_alpha=0.2302665761212776, reg_lambda=0.6527473823741613, scale_pos_weight=1.7020482739374012, subsample=0.990220494756256;, score=0.664 total time=  27.3s
[CV 5/5] END colsample_bytree=0.7201840077877019, gamma=4.594757428324505, learning_rate=0.04326305521551854, max_depth=15, n_estimators=377, reg_alpha=0.14887989636614177, reg_lambda=0.4695388312377018, scale_pos_weight=1.0217898686072442, subsample=0.9774881699198419;, score=0.684 total time=  40.7s
[CV 2/5] END colsample_bytree=0.5, gamma=1.330867000417568, learning_rate=0.02321722889201098, max_depth=7, n_estimators=600, reg_alpha=1.0, reg_lambda=1.0, scale_pos_weight=1.0, subsample=0.6879066864346783;, score=0.687 total time=  40.2s
[CV 3/5] END colsample_bytree=0.5, gamma=5.0, learning_rate=0.02264671292553938, max_depth=6, n_estimators=535, reg_alpha=1.0, reg_lambda=1.0, scale_pos_weight=2.6571866211721784, subsample=0.7681184596222812;, score=0.684 total time=  31.5s
[CV 5/5] END colsample_bytree=0.941312496653196, gamma=5.0, learning_rate=0.022215534458184624, max_depth=8, n_estimators=456, reg_alpha=1.0, reg_lambda=1.0, scale_pos_weight=1.0, subsample=0.7397309814361468;, score=0.692 total time=  37.3s
[CV 1/5] END colsample_bytree=0.908323457739031, gamma=5.0, learning_rate=0.02130794301891601, max_depth=7, n_estimators=600, reg_alpha=0.9893615389689467, reg_lambda=1.0, scale_pos_weight=1.0, subsample=0.6882895212617376;, score=0.690 total time=  41.0s
[CV 4/5] END colsample_bytree=0.5, gamma=5.0, learning_rate=0.02361295861590619, max_depth=7, n_estimators=600, reg_alpha=1.0, reg_lambda=0.8023344684901698, scale_pos_weight=1.0, subsample=0.6702218454790367;, score=0.690 total time=  38.6s
[CV 4/5] END colsample_bytree=0.5, gamma=3.846515039894298, learning_rate=0.017976637642179546, max_depth=8, n_estimators=551, reg_alpha=1.0, reg_lambda=0.9846681737819548, scale_pos_weight=1.0, subsample=0.7672053505456035;, score=0.690 total time=  43.4s
[CV 2/5] END colsample_bytree=0.6022654951613113, gamma=2.094297507296572, learning_rate=0.12480612586637654, max_depth=3, n_estimators=591, reg_alpha=0.3013509370881999, reg_lambda=0.019409288616237478, scale_pos_weight=9.102175558313, subsample=0.6001403358161602;, score=0.681 total time=  21.4s
[CV 1/5] END colsample_bytree=0.6108934388186184, gamma=4.498924681775933, learning_rate=0.17677712546244848, max_depth=7, n_estimators=378, reg_alpha=0.9652003149591718, reg_lambda=0.10933640911649736, scale_pos_weight=1.2193843862485287, subsample=0.9444704396477386;, score=0.681 total time=  15.1s
[CV 4/5] END colsample_bytree=0.5, gamma=5.0, learning_rate=0.02261335857220676, max_depth=8, n_estimators=476, reg_alpha=1.0, reg_lambda=0.4422769002653807, scale_pos_weight=1.0, subsample=0.7994508448818676;, score=0.689 total time=  34.9s
[CV 5/5] END colsample_bytree=0.5312834450451076, gamma=5.0, learning_rate=0.0247829927626569, max_depth=7, n_estimators=515, reg_alpha=1.0, reg_lambda=0.975828215154544, scale_pos_weight=1.0, subsample=0.8481330292232276;, score=0.692 total time=  32.3s
[CV 1/5] END colsample_bytree=0.610411458444249, gamma=4.217542219370354, learning_rate=0.020392316933398116, max_depth=8, n_estimators=524, reg_alpha=1.0, reg_lambda=1.0, scale_pos_weight=1.0, subsample=0.7940402568539184;, score=0.690 total time=  40.9s
[CV 2/5] END colsample_bytree=0.5534924596885321, gamma=1.862184203221887, learning_rate=0.01980120996178548, max_depth=8, n_estimators=600, reg_alpha=1.0, reg_lambda=1.0, scale_pos_weight=1.0, subsample=0.7606879045719699;, score=0.687 total time=  46.6s
[CV 4/5] END colsample_bytree=0.9452835294868993, gamma=3.1122145433315316, learning_rate=0.2936801572508768, max_depth=15, n_estimators=585, reg_alpha=0.3433425331193973, reg_lambda=0.7366176034580539, scale_pos_weight=2.5867932914734935, subsample=0.8044792436732333;, score=0.629 total time=  41.0s
[CV 2/5] END colsample_bytree=0.5462642978720665, gamma=2.1638488061578665, learning_rate=0.04004263974136054, max_depth=5, n_estimators=590, reg_alpha=0.6204781114240714, reg_lambda=0.6116905042901314, scale_pos_weight=1.1448164506950016, subsample=0.5202725796333513;, score=0.686 total time=  29.3s
[CV 5/5] END colsample_bytree=0.8656939096595792, gamma=1.7179949728281163, learning_rate=0.01, max_depth=8, n_estimators=400, reg_alpha=1.0, reg_lambda=0.06396956119918615, scale_pos_weight=10.0, subsample=0.5;, score=0.687 total time=  38.3s
[CV 3/5] END colsample_bytree=0.6207269714787875, gamma=4.432737133781999, learning_rate=0.29591159190035193, max_depth=3, n_estimators=221, reg_alpha=0.7592993595389681, reg_lambda=0.9765655000187199, scale_pos_weight=2.4446726480150787, subsample=0.5139360386252497;, score=0.676 total time=  10.1s
[CV 3/5] END colsample_bytree=1.0, gamma=0.0, learning_rate=0.06921896482845093, max_depth=3, n_estimators=600, reg_alpha=1.0, reg_lambda=0.18245067406834908, scale_pos_weight=1.0, subsample=0.5;, score=0.683 total time=  23.0s
[CV 3/5] END colsample_bytree=0.8685082010060508, gamma=3.9595352570233135, learning_rate=0.23473625708032234, max_depth=6, n_estimators=57, reg_alpha=0.9051005105718967, reg_lambda=0.38023327708186494, scale_pos_weight=1.046652928696726, subsample=0.9930728704674436;, score=0.679 total time=   5.6s
[CV 2/5] END colsample_bytree=0.9455642057894658, gamma=3.3263193756303466, learning_rate=0.011485538161494108, max_depth=11, n_estimators=80, reg_alpha=0.7246531940288461, reg_lambda=0.08173351370052064, scale_pos_weight=3.313417936967042, subsample=0.978954456830742;, score=0.678 total time=  22.2s
[CV 3/5] END colsample_bytree=0.8920595008286891, gamma=0.8561371134594954, learning_rate=0.18973208528117577, max_depth=15, n_estimators=74, reg_alpha=0.6052717710886845, reg_lambda=0.9539782603835636, scale_pos_weight=1.6369754750837688, subsample=0.916573219752614;, score=0.646 total time=  33.2s
[CV 3/5] END colsample_bytree=0.5, gamma=5.0, learning_rate=0.03814347791592763, max_depth=5, n_estimators=600, reg_alpha=1.0, reg_lambda=1.0, scale_pos_weight=1.0, subsample=1.0;, score=0.683 total time=  23.8s
[CV 4/5] END colsample_bytree=0.5, gamma=0.0, learning_rate=0.036408403910439154, max_depth=5, n_estimators=600, reg_alpha=0.12575165877193717, reg_lambda=0.9068871400583315, scale_pos_weight=3.899331355027762, subsample=0.7882586122148901;, score=0.689 total time=  28.8s
[CV 1/5] END colsample_bytree=0.540342961447624, gamma=1.248254015805992, learning_rate=0.06401168123820596, max_depth=9, n_estimators=589, reg_alpha=0.617560303190598, reg_lambda=0.5621279602103079, scale_pos_weight=1.5269545201786143, subsample=0.8751707166166196;, score=0.676 total time=  49.3s
[CV 2/5] END colsample_bytree=0.7606821713619214, gamma=0.6055015662823117, learning_rate=0.09298766639732195, max_depth=12, n_estimators=81, reg_alpha=0.18291793042899754, reg_lambda=0.6185285942018434, scale_pos_weight=9.668918540050095, subsample=0.594740945117871;, score=0.654 total time=  17.9s
[CV 1/5] END colsample_bytree=0.5408085070096298, gamma=2.7586707737457115, learning_rate=0.29865249234129854, max_depth=4, n_estimators=246, reg_alpha=0.8108706676160262, reg_lambda=0.15227227602857, scale_pos_weight=9.937193879983532, subsample=0.9575911103041765;, score=0.678 total time=  11.2s
[CV 3/5] END colsample_bytree=1.0, gamma=5.0, learning_rate=0.03549721192514799, max_depth=6, n_estimators=559, reg_alpha=1.0, reg_lambda=1.0, scale_pos_weight=1.0, subsample=0.7327742321725259;, score=0.684 total time=  31.3s
[CV 1/5] END colsample_bytree=0.6526467034803547, gamma=5.0, learning_rate=0.024026998174418376, max_depth=7, n_estimators=496, reg_alpha=1.0, reg_lambda=1.0, scale_pos_weight=1.0, subsample=0.7185043932622879;, score=0.689 total time=  33.7s
[CV 2/5] END colsample_bytree=0.5, gamma=4.0926153438347574, learning_rate=0.07598186833763665, max_depth=3, n_estimators=600, reg_alpha=1.0, reg_lambda=1.0, scale_pos_weight=5.251231867562786, subsample=0.7142662594824825;, score=0.685 total time=  21.6s
[CV 5/5] END colsample_bytree=0.5, gamma=5.0, learning_rate=0.02937055022522013, max_depth=7, n_estimators=411, reg_alpha=1.0, reg_lambda=1.0, scale_pos_weight=1.0, subsample=0.8074026012349513;, score=0.691 total time=  27.3s
[CV 2/5] END colsample_bytree=0.8178798998260169, gamma=5.0, learning_rate=0.0258798084557839, max_depth=7, n_estimators=533, reg_alpha=1.0, reg_lambda=0.0002010545888841862, scale_pos_weight=1.0, subsample=0.7672739084913661;, score=0.687 total time=  35.2s
[CV 4/5] END colsample_bytree=0.5423552155980201, gamma=5.0, learning_rate=0.16496264435446037, max_depth=3, n_estimators=600, reg_alpha=0.8002847865905249, reg_lambda=1.0, scale_pos_weight=1.0, subsample=1.0;, score=0.685 total time=  16.4s
[CV 5/5] END colsample_bytree=0.5, gamma=2.0086707376052724, learning_rate=0.024920716129340235, max_depth=7, n_estimators=375, reg_alpha=1.0, reg_lambda=0.8899917008869201, scale_pos_weight=4.053949800005075, subsample=0.8071371897586459;, score=0.691 total time=  27.0s
[CV 2/5] END colsample_bytree=0.5, gamma=5.0, learning_rate=0.02489798049169572, max_depth=7, n_estimators=600, reg_alpha=1.0, reg_lambda=0.6938612927212906, scale_pos_weight=1.0, subsample=0.8047104123557144;, score=0.687 total time=  37.0s
[CV 3/5] END colsample_bytree=0.8921422989637227, gamma=5.0, learning_rate=0.02351145821765569, max_depth=7, n_estimators=600, reg_alpha=1.0, reg_lambda=1.0, scale_pos_weight=1.0, subsample=0.7372541521157021;, score=0.684 total time=  38.2s
[CV 5/5] END colsample_bytree=0.5, gamma=4.239669230586858, learning_rate=0.01, max_depth=11, n_estimators=600, reg_alpha=1.0, reg_lambda=1.0, scale_pos_weight=1.0, subsample=0.7949380341210157;, score=0.691 total time= 1.3min
[CV 5/5] END colsample_bytree=0.6022654951613113, gamma=2.094297507296572, learning_rate=0.12480612586637654, max_depth=3, n_estimators=591, reg_alpha=0.3013509370881999, reg_lambda=0.019409288616237478, scale_pos_weight=9.102175558313, subsample=0.6001403358161602;, score=0.688 total time=  22.0s
[CV 4/5] END colsample_bytree=0.6108934388186184, gamma=4.498924681775933, learning_rate=0.17677712546244848, max_depth=7, n_estimators=378, reg_alpha=0.9652003149591718, reg_lambda=0.10933640911649736, scale_pos_weight=1.2193843862485287, subsample=0.9444704396477386;, score=0.680 total time=  14.5s
[CV 3/5] END colsample_bytree=0.5, gamma=5.0, learning_rate=0.02261335857220676, max_depth=8, n_estimators=476, reg_alpha=1.0, reg_lambda=0.4422769002653807, scale_pos_weight=1.0, subsample=0.7994508448818676;, score=0.684 total time=  35.5s
[CV 2/5] END colsample_bytree=0.5436138205936777, gamma=4.8483602957086065, learning_rate=0.020750575933920302, max_depth=8, n_estimators=473, reg_alpha=1.0, reg_lambda=1.0, scale_pos_weight=1.0, subsample=0.89185831573085;, score=0.688 total time=  36.3s
[CV 3/5] END colsample_bytree=0.5, gamma=2.387145472454069, learning_rate=0.020953975305548024, max_depth=8, n_estimators=507, reg_alpha=1.0, reg_lambda=0.819310347048619, scale_pos_weight=1.0, subsample=0.7762800056200321;, score=0.685 total time=  40.1s
[CV 5/5] END colsample_bytree=0.5534924596885321, gamma=1.862184203221887, learning_rate=0.01980120996178548, max_depth=8, n_estimators=600, reg_alpha=1.0, reg_lambda=1.0, scale_pos_weight=1.0, subsample=0.7606879045719699;, score=0.691 total time=  47.0s
[CV 3/5] END colsample_bytree=0.9621932856628781, gamma=5.0, learning_rate=0.020649134931145154, max_depth=8, n_estimators=564, reg_alpha=1.0, reg_lambda=1.0, scale_pos_weight=1.0, subsample=0.7593140208743773;, score=0.684 total time=  43.5s
[CV 3/5] END colsample_bytree=0.5861053453405902, gamma=2.288647332681438, learning_rate=0.10125342026992666, max_depth=5, n_estimators=276, reg_alpha=0.8116420460131888, reg_lambda=0.014604883489965251, scale_pos_weight=1.1945054153693373, subsample=0.5104647862172301;, score=0.680 total time=  14.7s
[CV 2/5] END colsample_bytree=1.0, gamma=5.0, learning_rate=0.1183578083520879, max_depth=3, n_estimators=300, reg_alpha=1.0, reg_lambda=1.0, scale_pos_weight=1.0, subsample=1.0;, score=0.684 total time=  12.3s
[CV 4/5] END colsample_bytree=0.9501093027273526, gamma=5.0, learning_rate=0.01, max_depth=9, n_estimators=600, reg_alpha=0.44605362585775493, reg_lambda=1.0, scale_pos_weight=1.0, subsample=1.0;, score=0.689 total time= 1.0min
[CV 3/5] END colsample_bytree=1.0, gamma=5.0, learning_rate=0.03413144827701884, max_depth=6, n_estimators=600, reg_alpha=1.0, reg_lambda=0.0, scale_pos_weight=4.432454653932323, subsample=0.7872113381661768;, score=0.683 total time=  33.1s
[CV 2/5] END colsample_bytree=0.9130814542285184, gamma=5.0, learning_rate=0.01, max_depth=11, n_estimators=600, reg_alpha=1.0, reg_lambda=1.0, scale_pos_weight=1.0, subsample=0.5;, score=0.687 total time= 1.4min
[CV 3/5] END colsample_bytree=1.0, gamma=5.0, learning_rate=0.11152142452065156, max_depth=3, n_estimators=600, reg_alpha=0.058302665689890516, reg_lambda=0.0, scale_pos_weight=1.0, subsample=1.0;, score=0.681 total time=  17.4s
[CV 1/5] END colsample_bytree=0.5700799668224491, gamma=0.19868625186739988, learning_rate=0.23822529653248234, max_depth=3, n_estimators=554, reg_alpha=0.773418664040578, reg_lambda=0.8515114674068966, scale_pos_weight=9.72723048429305, subsample=0.9949546347356526;, score=0.682 total time=  17.8s
[CV 5/5] END colsample_bytree=0.5, gamma=0.0, learning_rate=0.03949574296202537, max_depth=6, n_estimators=600, reg_alpha=1.0, reg_lambda=0.49789058684462284, scale_pos_weight=1.0, subsample=0.8279411452331398;, score=0.691 total time=  32.4s
[CV 3/5] END colsample_bytree=0.8815954072376182, gamma=3.7331901417873237, learning_rate=0.17645747985650953, max_depth=8, n_estimators=57, reg_alpha=0.49190136880777, reg_lambda=0.3598663461619562, scale_pos_weight=1.1357037324275359, subsample=0.9990469806567073;, score=0.675 total time=   7.0s
[CV 5/5] END colsample_bytree=0.5, gamma=1.5058571492770394, learning_rate=0.03103975941791933, max_depth=6, n_estimators=600, reg_alpha=1.0, reg_lambda=1.0, scale_pos_weight=1.0, subsample=0.741537993667173;, score=0.691 total time=  33.9s
[CV 1/5] END colsample_bytree=0.8030528889555234, gamma=1.6962053480715786, learning_rate=0.2948495261392528, max_depth=11, n_estimators=95, reg_alpha=0.9163462307510882, reg_lambda=0.01834807849770082, scale_pos_weight=1.7906213382163045, subsample=0.9905911875460491;, score=0.645 total time=  14.5s
[CV 3/5] END colsample_bytree=0.8567871800400322, gamma=0.0, learning_rate=0.06836513342503678, max_depth=3, n_estimators=427, reg_alpha=1.0, reg_lambda=1.0, scale_pos_weight=10.0, subsample=1.0;, score=0.680 total time=  15.7s
[CV 5/5] END colsample_bytree=0.5, gamma=5.0, learning_rate=0.023883336835856216, max_depth=7, n_estimators=536, reg_alpha=1.0, reg_lambda=1.0, scale_pos_weight=1.0, subsample=0.6943278310186757;, score=0.692 total time=  35.7s
[CV 4/5] END colsample_bytree=0.5487907161242441, gamma=2.4299927705266393, learning_rate=0.20774207478601936, max_depth=3, n_estimators=271, reg_alpha=0.3809213290914262, reg_lambda=0.03534472589885907, scale_pos_weight=8.735433879443361, subsample=0.5307173939670179;, score=0.684 total time=  11.6s
[CV 4/5] END colsample_bytree=0.5, gamma=5.0, learning_rate=0.021984852184891573, max_depth=7, n_estimators=600, reg_alpha=1.0, reg_lambda=0.7163240997549738, scale_pos_weight=1.0, subsample=0.7292084155247218;, score=0.690 total time=  38.6s
[CV 4/5] END colsample_bytree=0.842209396364974, gamma=2.807354585644929, learning_rate=0.14271086575897254, max_depth=9, n_estimators=325, reg_alpha=0.8345015107555586, reg_lambda=0.5622585057608217, scale_pos_weight=1.095046263716131, subsample=0.9662758917391439;, score=0.677 total time=  16.9s
[CV 1/5] END colsample_bytree=0.941312496653196, gamma=5.0, learning_rate=0.022215534458184624, max_depth=8, n_estimators=456, reg_alpha=1.0, reg_lambda=1.0, scale_pos_weight=1.0, subsample=0.7397309814361468;, score=0.689 total time=  37.6s
[CV 3/5] END colsample_bytree=0.908323457739031, gamma=5.0, learning_rate=0.02130794301891601, max_depth=7, n_estimators=600, reg_alpha=0.9893615389689467, reg_lambda=1.0, scale_pos_weight=1.0, subsample=0.6882895212617376;, score=0.685 total time=  40.3s
[CV 5/5] END colsample_bytree=0.5, gamma=5.0, learning_rate=0.023237234542055042, max_depth=7, n_estimators=600, reg_alpha=1.0, reg_lambda=0.6140944428937168, scale_pos_weight=1.0, subsample=0.7220563273646629;, score=0.692 total time=  38.3s
[CV 2/5] END colsample_bytree=0.5, gamma=5.0, learning_rate=0.02029247125747996, max_depth=8, n_estimators=523, reg_alpha=1.0, reg_lambda=1.0, scale_pos_weight=1.0, subsample=0.7927198680433546;, score=0.687 total time=  39.1s
[CV 3/5] END colsample_bytree=0.5085234916446445, gamma=2.9953880229755643, learning_rate=0.023368126886416755, max_depth=8, n_estimators=460, reg_alpha=1.0, reg_lambda=0.8583851837662115, scale_pos_weight=1.0, subsample=0.9213720367341587;, score=0.685 total time=  37.0s
[CV 4/5] END colsample_bytree=0.6047777517135251, gamma=4.480776993434683, learning_rate=0.15764640918575157, max_depth=8, n_estimators=55, reg_alpha=0.8263173649425674, reg_lambda=0.9271528340785251, scale_pos_weight=9.478804996148941, subsample=0.9722567232624212;, score=0.679 total time=   6.9s
[CV 2/5] END colsample_bytree=0.5, gamma=3.700853612990331, learning_rate=0.02100262218815767, max_depth=7, n_estimators=530, reg_alpha=1.0, reg_lambda=1.0, scale_pos_weight=1.0, subsample=0.7968698129017382;, score=0.687 total time=  36.4s
[CV 2/5] END colsample_bytree=0.5312834450451076, gamma=5.0, learning_rate=0.0247829927626569, max_depth=7, n_estimators=515, reg_alpha=1.0, reg_lambda=0.975828215154544, scale_pos_weight=1.0, subsample=0.8481330292232276;, score=0.688 total time=  33.7s
[CV 4/5] END colsample_bytree=0.610411458444249, gamma=4.217542219370354, learning_rate=0.020392316933398116, max_depth=8, n_estimators=524, reg_alpha=1.0, reg_lambda=1.0, scale_pos_weight=1.0, subsample=0.7940402568539184;, score=0.690 total time=  40.9s
[CV 3/5] END colsample_bytree=0.5534924596885321, gamma=1.862184203221887, learning_rate=0.01980120996178548, max_depth=8, n_estimators=600, reg_alpha=1.0, reg_lambda=1.0, scale_pos_weight=1.0, subsample=0.7606879045719699;, score=0.684 total time=  47.0s
[CV 2/5] END colsample_bytree=0.9621932856628781, gamma=5.0, learning_rate=0.020649134931145154, max_depth=8, n_estimators=564, reg_alpha=1.0, reg_lambda=1.0, scale_pos_weight=1.0, subsample=0.7593140208743773;, score=0.688 total time=  43.8s
[CV 2/5] END colsample_bytree=0.5861053453405902, gamma=2.288647332681438, learning_rate=0.10125342026992666, max_depth=5, n_estimators=276, reg_alpha=0.8116420460131888, reg_lambda=0.014604883489965251, scale_pos_weight=1.1945054153693373, subsample=0.5104647862172301;, score=0.681 total time=  14.8s
[CV 3/5] END colsample_bytree=1.0, gamma=5.0, learning_rate=0.1183578083520879, max_depth=3, n_estimators=300, reg_alpha=1.0, reg_lambda=1.0, scale_pos_weight=1.0, subsample=1.0;, score=0.681 total time=  11.1s
[CV 5/5] END colsample_bytree=1.0, gamma=0.47402151289088584, learning_rate=0.036937398112080085, max_depth=6, n_estimators=412, reg_alpha=1.0, reg_lambda=0.0, scale_pos_weight=1.0, subsample=0.5;, score=0.689 total time=  25.1s
[CV 2/5] END colsample_bytree=0.8432088379117817, gamma=2.998015416808077, learning_rate=0.2990717168068073, max_depth=5, n_estimators=330, reg_alpha=0.09433641826548858, reg_lambda=0.8723900458433111, scale_pos_weight=1.2855245914434235, subsample=0.9884883743082308;, score=0.678 total time=  11.8s
[CV 2/5] END colsample_bytree=1.0, gamma=1.4842575287571471, learning_rate=0.04873117672494348, max_depth=5, n_estimators=600, reg_alpha=1.0, reg_lambda=0.0, scale_pos_weight=1.0, subsample=0.7874997741855831;, score=0.686 total time=  28.3s
[CV 5/5] END colsample_bytree=0.5, gamma=4.502891055954389, learning_rate=0.01, max_depth=10, n_estimators=600, reg_alpha=1.0, reg_lambda=1.0, scale_pos_weight=1.0, subsample=0.5;, score=0.690 total time= 1.1min
[CV 4/5] END colsample_bytree=0.5498882085434738, gamma=5.0, learning_rate=0.04952306415736234, max_depth=6, n_estimators=353, reg_alpha=1.0, reg_lambda=1.0, scale_pos_weight=4.846245662157891, subsample=0.7650434389639775;, score=0.687 total time=  20.9s
[CV 3/5] END colsample_bytree=0.9392345347986221, gamma=3.475685422789752, learning_rate=0.1811188351109418, max_depth=3, n_estimators=424, reg_alpha=1.0, reg_lambda=0.016339972867413233, scale_pos_weight=1.0, subsample=1.0;, score=0.681 total time=  13.1s
[CV 1/5] END colsample_bytree=0.8628708396430886, gamma=4.925052768494098, learning_rate=0.021521566257745515, max_depth=13, n_estimators=585, reg_alpha=0.5925685852938442, reg_lambda=0.8491569570917004, scale_pos_weight=1.5734683604268118, subsample=0.993482383081822;, score=0.685 total time= 1.2min
[CV 5/5] END colsample_bytree=1.0, gamma=0.0, learning_rate=0.03576570904149307, max_depth=6, n_estimators=498, reg_alpha=1.0, reg_lambda=0.4542515393837499, scale_pos_weight=1.0, subsample=0.8245943562794529;, score=0.690 total time=  28.9s
[CV 3/5] END colsample_bytree=0.7017686946740362, gamma=5.0, learning_rate=0.01, max_depth=8, n_estimators=519, reg_alpha=1.0, reg_lambda=0.14200588919408277, scale_pos_weight=4.782132019944289, subsample=0.7767531464126787;, score=0.682 total time=  47.7s
[CV 5/5] END colsample_bytree=1.0, gamma=5.0, learning_rate=0.03549721192514799, max_depth=6, n_estimators=559, reg_alpha=1.0, reg_lambda=1.0, scale_pos_weight=1.0, subsample=0.7327742321725259;, score=0.691 total time=  31.3s
[CV 2/5] END colsample_bytree=0.6526467034803547, gamma=5.0, learning_rate=0.024026998174418376, max_depth=7, n_estimators=496, reg_alpha=1.0, reg_lambda=1.0, scale_pos_weight=1.0, subsample=0.7185043932622879;, score=0.687 total time=  32.9s
[CV 5/5] END colsample_bytree=0.5820774792485242, gamma=3.4186545656651623, learning_rate=0.2050739752734744, max_depth=9, n_estimators=592, reg_alpha=0.18013014930063367, reg_lambda=0.1996791920062287, scale_pos_weight=1.0710392526845183, subsample=0.9420433580594053;, score=0.672 total time=  20.4s
[CV 5/5] END colsample_bytree=0.866859135356947, gamma=4.199298828596511, learning_rate=0.10800252510388458, max_depth=15, n_estimators=52, reg_alpha=0.37934319110141823, reg_lambda=0.552227188468888, scale_pos_weight=1.0543244402496832, subsample=0.9839390044824438;, score=0.673 total time=  17.9s
[CV 1/5] END colsample_bytree=0.8608289547597171, gamma=0.5347748766297185, learning_rate=0.25311228275035025, max_depth=5, n_estimators=594, reg_alpha=0.512900765831494, reg_lambda=0.5738239263774132, scale_pos_weight=2.5061777356442665, subsample=0.9993942220105829;, score=0.664 total time=  25.0s
[CV 2/5] END colsample_bytree=0.7205643409385794, gamma=3.964654992550867, learning_rate=0.1584604511572586, max_depth=5, n_estimators=165, reg_alpha=0.8239706394364096, reg_lambda=0.28114632124680167, scale_pos_weight=1.430509470993718, subsample=0.9625847678795718;, score=0.683 total time=   9.3s
[CV 5/5] END colsample_bytree=0.9458184412270458, gamma=1.0293813404406296, learning_rate=0.10996034556483299, max_depth=5, n_estimators=66, reg_alpha=0.7722865903550836, reg_lambda=0.2324325032170676, scale_pos_weight=9.895209638117146, subsample=0.5805750221949131;, score=0.686 total time=   6.3s
[CV 3/5] END colsample_bytree=0.5, gamma=5.0, learning_rate=0.0369862762826837, max_depth=5, n_estimators=521, reg_alpha=1.0, reg_lambda=1.0, scale_pos_weight=6.839471921526831, subsample=0.9023912591228385;, score=0.683 total time=  24.8s
[CV 5/5] END colsample_bytree=0.5, gamma=5.0, learning_rate=0.02361295861590619, max_depth=7, n_estimators=600, reg_alpha=1.0, reg_lambda=0.8023344684901698, scale_pos_weight=1.0, subsample=0.6702218454790367;, score=0.692 total time=  37.8s
[CV 2/5] END colsample_bytree=0.5, gamma=3.846515039894298, learning_rate=0.017976637642179546, max_depth=8, n_estimators=551, reg_alpha=1.0, reg_lambda=0.9846681737819548, scale_pos_weight=1.0, subsample=0.7672053505456035;, score=0.687 total time=  44.2s
[CV 4/5] END colsample_bytree=0.6022654951613113, gamma=2.094297507296572, learning_rate=0.12480612586637654, max_depth=3, n_estimators=591, reg_alpha=0.3013509370881999, reg_lambda=0.019409288616237478, scale_pos_weight=9.102175558313, subsample=0.6001403358161602;, score=0.685 total time=  21.9s
[CV 3/5] END colsample_bytree=0.6108934388186184, gamma=4.498924681775933, learning_rate=0.17677712546244848, max_depth=7, n_estimators=378, reg_alpha=0.9652003149591718, reg_lambda=0.10933640911649736, scale_pos_weight=1.2193843862485287, subsample=0.9444704396477386;, score=0.676 total time=  14.3s
[CV 1/5] END colsample_bytree=0.5, gamma=5.0, learning_rate=0.02261335857220676, max_depth=8, n_estimators=476, reg_alpha=1.0, reg_lambda=0.4422769002653807, scale_pos_weight=1.0, subsample=0.7994508448818676;, score=0.690 total time=  35.5s
[CV 3/5] END colsample_bytree=0.5436138205936777, gamma=4.8483602957086065, learning_rate=0.020750575933920302, max_depth=8, n_estimators=473, reg_alpha=1.0, reg_lambda=1.0, scale_pos_weight=1.0, subsample=0.89185831573085;, score=0.685 total time=  35.5s
[CV 5/5] END colsample_bytree=0.610411458444249, gamma=4.217542219370354, learning_rate=0.020392316933398116, max_depth=8, n_estimators=524, reg_alpha=1.0, reg_lambda=1.0, scale_pos_weight=1.0, subsample=0.7940402568539184;, score=0.692 total time=  40.6s
[CV 1/5] END colsample_bytree=0.5534924596885321, gamma=1.862184203221887, learning_rate=0.01980120996178548, max_depth=8, n_estimators=600, reg_alpha=1.0, reg_lambda=1.0, scale_pos_weight=1.0, subsample=0.7606879045719699;, score=0.690 total time=  47.0s
[CV 1/5] END colsample_bytree=0.9621932856628781, gamma=5.0, learning_rate=0.020649134931145154, max_depth=8, n_estimators=564, reg_alpha=1.0, reg_lambda=1.0, scale_pos_weight=1.0, subsample=0.7593140208743773;, score=0.689 total time=  44.0s
[CV 1/5] END colsample_bytree=0.9684951638887911, gamma=4.091626872287399, learning_rate=0.010404611842957165, max_depth=12, n_estimators=278, reg_alpha=0.8836604756789972, reg_lambda=0.15414951507421162, scale_pos_weight=1.4630381845911158, subsample=0.5469399540707952;, score=0.685 total time= 1.1min
[CV 5/5] END colsample_bytree=1.0, gamma=0.0, learning_rate=0.06921896482845093, max_depth=3, n_estimators=600, reg_alpha=1.0, reg_lambda=0.18245067406834908, scale_pos_weight=1.0, subsample=0.5;, score=0.690 total time=  23.1s
[CV 4/5] END colsample_bytree=0.8685082010060508, gamma=3.9595352570233135, learning_rate=0.23473625708032234, max_depth=6, n_estimators=57, reg_alpha=0.9051005105718967, reg_lambda=0.38023327708186494, scale_pos_weight=1.046652928696726, subsample=0.9930728704674436;, score=0.682 total time=   5.8s
[CV 3/5] END colsample_bytree=0.9455642057894658, gamma=3.3263193756303466, learning_rate=0.011485538161494108, max_depth=11, n_estimators=80, reg_alpha=0.7246531940288461, reg_lambda=0.08173351370052064, scale_pos_weight=3.313417936967042, subsample=0.978954456830742;, score=0.673 total time=  22.0s
[CV 2/5] END colsample_bytree=0.8920595008286891, gamma=0.8561371134594954, learning_rate=0.18973208528117577, max_depth=15, n_estimators=74, reg_alpha=0.6052717710886845, reg_lambda=0.9539782603835636, scale_pos_weight=1.6369754750837688, subsample=0.916573219752614;, score=0.651 total time=  33.1s
[CV 2/5] END colsample_bytree=0.5, gamma=5.0, learning_rate=0.03814347791592763, max_depth=5, n_estimators=600, reg_alpha=1.0, reg_lambda=1.0, scale_pos_weight=1.0, subsample=1.0;, score=0.686 total time=  23.1s
[CV 5/5] END colsample_bytree=0.5700799668224491, gamma=0.19868625186739988, learning_rate=0.23822529653248234, max_depth=3, n_estimators=554, reg_alpha=0.773418664040578, reg_lambda=0.8515114674068966, scale_pos_weight=9.72723048429305, subsample=0.9949546347356526;, score=0.684 total time=  18.4s
[CV 2/5] END colsample_bytree=0.5, gamma=3.098828962374887, learning_rate=0.03500020140056003, max_depth=6, n_estimators=522, reg_alpha=1.0, reg_lambda=0.0, scale_pos_weight=1.0, subsample=0.767270410095453;, score=0.687 total time=  28.9s
[CV 1/5] END colsample_bytree=0.5, gamma=0.11515900052219073, learning_rate=0.034160377488432425, max_depth=6, n_estimators=545, reg_alpha=1.0, reg_lambda=0.0, scale_pos_weight=3.2519415221049663, subsample=0.7940241902274103;, score=0.689 total time=  30.7s
[CV 3/5] END colsample_bytree=0.940530216668657, gamma=5.0, learning_rate=0.03281867889913162, max_depth=6, n_estimators=600, reg_alpha=1.0, reg_lambda=0.9365135008099204, scale_pos_weight=1.0, subsample=0.6950585811840896;, score=0.685 total time=  33.1s
[CV 5/5] END colsample_bytree=0.6125578845249876, gamma=4.318470813595151, learning_rate=0.022643453678911324, max_depth=15, n_estimators=64, reg_alpha=0.5875564112701809, reg_lambda=0.6412769205955247, scale_pos_weight=1.260389931854488, subsample=0.5744760440323162;, score=0.680 total time=  25.7s
[CV 2/5] END colsample_bytree=0.5, gamma=5.0, learning_rate=0.02124469867822979, max_depth=7, n_estimators=600, reg_alpha=1.0, reg_lambda=1.0, scale_pos_weight=1.0, subsample=0.5976923957028866;, score=0.687 total time=  39.7s
[CV 4/5] END colsample_bytree=0.7892698277388533, gamma=4.622153006138772, learning_rate=0.15512192325078686, max_depth=15, n_estimators=584, reg_alpha=0.2302665761212776, reg_lambda=0.6527473823741613, scale_pos_weight=1.7020482739374012, subsample=0.990220494756256;, score=0.661 total time=  27.9s
[CV 3/5] END colsample_bytree=0.866859135356947, gamma=4.199298828596511, learning_rate=0.10800252510388458, max_depth=15, n_estimators=52, reg_alpha=0.37934319110141823, reg_lambda=0.552227188468888, scale_pos_weight=1.0543244402496832, subsample=0.9839390044824438;, score=0.666 total time=  18.1s
[CV 2/5] END colsample_bytree=0.8608289547597171, gamma=0.5347748766297185, learning_rate=0.25311228275035025, max_depth=5, n_estimators=594, reg_alpha=0.512900765831494, reg_lambda=0.5738239263774132, scale_pos_weight=2.5061777356442665, subsample=0.9993942220105829;, score=0.661 total time=  24.1s
[CV 5/5] END colsample_bytree=0.5, gamma=5.0, learning_rate=0.02264671292553938, max_depth=6, n_estimators=535, reg_alpha=1.0, reg_lambda=1.0, scale_pos_weight=2.6571866211721784, subsample=0.7681184596222812;, score=0.691 total time=  32.3s
[CV 2/5] END colsample_bytree=0.9458184412270458, gamma=1.0293813404406296, learning_rate=0.10996034556483299, max_depth=5, n_estimators=66, reg_alpha=0.7722865903550836, reg_lambda=0.2324325032170676, scale_pos_weight=9.895209638117146, subsample=0.5805750221949131;, score=0.682 total time=   5.9s
[CV 5/5] END colsample_bytree=0.908323457739031, gamma=5.0, learning_rate=0.02130794301891601, max_depth=7, n_estimators=600, reg_alpha=0.9893615389689467, reg_lambda=1.0, scale_pos_weight=1.0, subsample=0.6882895212617376;, score=0.692 total time=  40.3s
[CV 2/5] END colsample_bytree=0.5, gamma=5.0, learning_rate=0.02361295861590619, max_depth=7, n_estimators=600, reg_alpha=1.0, reg_lambda=0.8023344684901698, scale_pos_weight=1.0, subsample=0.6702218454790367;, score=0.687 total time=  38.6s
[CV 3/5] END colsample_bytree=0.5, gamma=3.846515039894298, learning_rate=0.017976637642179546, max_depth=8, n_estimators=551, reg_alpha=1.0, reg_lambda=0.9846681737819548, scale_pos_weight=1.0, subsample=0.7672053505456035;, score=0.685 total time=  43.3s
[CV 1/5] END colsample_bytree=0.6022654951613113, gamma=2.094297507296572, learning_rate=0.12480612586637654, max_depth=3, n_estimators=591, reg_alpha=0.3013509370881999, reg_lambda=0.019409288616237478, scale_pos_weight=9.102175558313, subsample=0.6001403358161602;, score=0.684 total time=  21.8s
[CV 2/5] END colsample_bytree=0.6108934388186184, gamma=4.498924681775933, learning_rate=0.17677712546244848, max_depth=7, n_estimators=378, reg_alpha=0.9652003149591718, reg_lambda=0.10933640911649736, scale_pos_weight=1.2193843862485287, subsample=0.9444704396477386;, score=0.679 total time=  14.2s
[CV 5/5] END colsample_bytree=0.5, gamma=3.700853612990331, learning_rate=0.02100262218815767, max_depth=7, n_estimators=530, reg_alpha=1.0, reg_lambda=1.0, scale_pos_weight=1.0, subsample=0.7968698129017382;, score=0.692 total time=  37.1s
[CV 4/5] END colsample_bytree=0.5312834450451076, gamma=5.0, learning_rate=0.0247829927626569, max_depth=7, n_estimators=515, reg_alpha=1.0, reg_lambda=0.975828215154544, scale_pos_weight=1.0, subsample=0.8481330292232276;, score=0.689 total time=  32.4s
[CV 2/5] END colsample_bytree=0.610411458444249, gamma=4.217542219370354, learning_rate=0.020392316933398116, max_depth=8, n_estimators=524, reg_alpha=1.0, reg_lambda=1.0, scale_pos_weight=1.0, subsample=0.7940402568539184;, score=0.687 total time=  41.3s
[CV 4/5] END colsample_bytree=0.5534924596885321, gamma=1.862184203221887, learning_rate=0.01980120996178548, max_depth=8, n_estimators=600, reg_alpha=1.0, reg_lambda=1.0, scale_pos_weight=1.0, subsample=0.7606879045719699;, score=0.690 total time=  47.5s
[CV 4/5] END colsample_bytree=0.9621932856628781, gamma=5.0, learning_rate=0.020649134931145154, max_depth=8, n_estimators=564, reg_alpha=1.0, reg_lambda=1.0, scale_pos_weight=1.0, subsample=0.7593140208743773;, score=0.691 total time=  46.0s
[CV 3/5] END colsample_bytree=0.9684951638887911, gamma=4.091626872287399, learning_rate=0.010404611842957165, max_depth=12, n_estimators=278, reg_alpha=0.8836604756789972, reg_lambda=0.15414951507421162, scale_pos_weight=1.4630381845911158, subsample=0.5469399540707952;, score=0.680 total time= 1.1min
[CV 1/5] END colsample_bytree=0.7363504828512701, gamma=4.702479097742339, learning_rate=0.04970707443035448, max_depth=13, n_estimators=52, reg_alpha=0.05085366422578165, reg_lambda=0.0036557134523518284, scale_pos_weight=1.1199891697919364, subsample=0.9740456166420055;, score=0.677 total time=  16.7s
[CV 5/5] END colsample_bytree=0.8685082010060508, gamma=3.9595352570233135, learning_rate=0.23473625708032234, max_depth=6, n_estimators=57, reg_alpha=0.9051005105718967, reg_lambda=0.38023327708186494, scale_pos_weight=1.046652928696726, subsample=0.9930728704674436;, score=0.687 total time=   6.0s
[CV 4/5] END colsample_bytree=0.9455642057894658, gamma=3.3263193756303466, learning_rate=0.011485538161494108, max_depth=11, n_estimators=80, reg_alpha=0.7246531940288461, reg_lambda=0.08173351370052064, scale_pos_weight=3.313417936967042, subsample=0.978954456830742;, score=0.679 total time=  22.3s
[CV 4/5] END colsample_bytree=0.8920595008286891, gamma=0.8561371134594954, learning_rate=0.18973208528117577, max_depth=15, n_estimators=74, reg_alpha=0.6052717710886845, reg_lambda=0.9539782603835636, scale_pos_weight=1.6369754750837688, subsample=0.916573219752614;, score=0.653 total time=  33.5s
[CV 4/5] END colsample_bytree=0.5, gamma=5.0, learning_rate=0.03814347791592763, max_depth=5, n_estimators=600, reg_alpha=1.0, reg_lambda=1.0, scale_pos_weight=1.0, subsample=1.0;, score=0.688 total time=  23.5s
[CV 3/5] END colsample_bytree=0.5, gamma=0.0, learning_rate=0.036408403910439154, max_depth=5, n_estimators=600, reg_alpha=0.12575165877193717, reg_lambda=0.9068871400583315, scale_pos_weight=3.899331355027762, subsample=0.7882586122148901;, score=0.684 total time=  29.9s
[CV 4/5] END colsample_bytree=0.540342961447624, gamma=1.248254015805992, learning_rate=0.06401168123820596, max_depth=9, n_estimators=589, reg_alpha=0.617560303190598, reg_lambda=0.5621279602103079, scale_pos_weight=1.5269545201786143, subsample=0.8751707166166196;, score=0.675 total time=  49.6s
[CV 3/5] END colsample_bytree=0.7606821713619214, gamma=0.6055015662823117, learning_rate=0.09298766639732195, max_depth=12, n_estimators=81, reg_alpha=0.18291793042899754, reg_lambda=0.6185285942018434, scale_pos_weight=9.668918540050095, subsample=0.594740945117871;, score=0.652 total time=  17.6s
[CV 5/5] END colsample_bytree=0.940530216668657, gamma=5.0, learning_rate=0.03281867889913162, max_depth=6, n_estimators=600, reg_alpha=1.0, reg_lambda=0.9365135008099204, scale_pos_weight=1.0, subsample=0.6950585811840896;, score=0.691 total time=  33.5s
[CV 3/5] END colsample_bytree=0.5, gamma=5.0, learning_rate=0.03309056513528459, max_depth=6, n_estimators=600, reg_alpha=1.0, reg_lambda=0.017656797604303134, scale_pos_weight=1.0, subsample=0.7065998347903221;, score=0.684 total time=  31.9s
[CV 5/5] END colsample_bytree=0.5, gamma=5.0, learning_rate=0.02124469867822979, max_depth=7, n_estimators=600, reg_alpha=1.0, reg_lambda=1.0, scale_pos_weight=1.0, subsample=0.5976923957028866;, score=0.691 total time=  39.6s
[CV 3/5] END colsample_bytree=0.7892698277388533, gamma=4.622153006138772, learning_rate=0.15512192325078686, max_depth=15, n_estimators=584, reg_alpha=0.2302665761212776, reg_lambda=0.6527473823741613, scale_pos_weight=1.7020482739374012, subsample=0.990220494756256;, score=0.660 total time=  27.6s
[CV 2/5] END colsample_bytree=0.866859135356947, gamma=4.199298828596511, learning_rate=0.10800252510388458, max_depth=15, n_estimators=52, reg_alpha=0.37934319110141823, reg_lambda=0.552227188468888, scale_pos_weight=1.0543244402496832, subsample=0.9839390044824438;, score=0.669 total time=  18.4s
[CV 4/5] END colsample_bytree=0.8608289547597171, gamma=0.5347748766297185, learning_rate=0.25311228275035025, max_depth=5, n_estimators=594, reg_alpha=0.512900765831494, reg_lambda=0.5738239263774132, scale_pos_weight=2.5061777356442665, subsample=0.9993942220105829;, score=0.667 total time=  25.1s
[CV 4/5] END colsample_bytree=0.7205643409385794, gamma=3.964654992550867, learning_rate=0.1584604511572586, max_depth=5, n_estimators=165, reg_alpha=0.8239706394364096, reg_lambda=0.28114632124680167, scale_pos_weight=1.430509470993718, subsample=0.9625847678795718;, score=0.686 total time=   9.6s
[CV 3/5] END colsample_bytree=0.5, gamma=2.0086707376052724, learning_rate=0.024920716129340235, max_depth=7, n_estimators=375, reg_alpha=1.0, reg_lambda=0.8899917008869201, scale_pos_weight=4.053949800005075, subsample=0.8071371897586459;, score=0.684 total time=  27.6s
[CV 4/5] END colsample_bytree=0.5, gamma=5.0, learning_rate=0.02489798049169572, max_depth=7, n_estimators=600, reg_alpha=1.0, reg_lambda=0.6938612927212906, scale_pos_weight=1.0, subsample=0.8047104123557144;, score=0.690 total time=  35.9s
[CV 5/5] END colsample_bytree=0.5, gamma=1.374372646139703, learning_rate=0.024189876915652147, max_depth=7, n_estimators=600, reg_alpha=1.0, reg_lambda=1.0, scale_pos_weight=1.0, subsample=0.7386057324088116;, score=0.692 total time=  40.5s
[CV 4/5] END colsample_bytree=0.5, gamma=4.239669230586858, learning_rate=0.01, max_depth=11, n_estimators=600, reg_alpha=1.0, reg_lambda=1.0, scale_pos_weight=1.0, subsample=0.7949380341210157;, score=0.689 total time= 1.3min
[CV 3/5] END colsample_bytree=0.5, gamma=5.0, learning_rate=0.02218425019003871, max_depth=7, n_estimators=509, reg_alpha=1.0, reg_lambda=0.6701497608970879, scale_pos_weight=1.0, subsample=0.8157914552517294;, score=0.685 total time=  32.8s
[CV 5/5] END colsample_bytree=0.6108934388186184, gamma=4.498924681775933, learning_rate=0.17677712546244848, max_depth=7, n_estimators=378, reg_alpha=0.9652003149591718, reg_lambda=0.10933640911649736, scale_pos_weight=1.2193843862485287, subsample=0.9444704396477386;, score=0.683 total time=  14.4s
[CV 2/5] END colsample_bytree=0.5, gamma=5.0, learning_rate=0.02261335857220676, max_depth=8, n_estimators=476, reg_alpha=1.0, reg_lambda=0.4422769002653807, scale_pos_weight=1.0, subsample=0.7994508448818676;, score=0.686 total time=  35.8s
[CV 4/5] END colsample_bytree=0.5436138205936777, gamma=4.8483602957086065, learning_rate=0.020750575933920302, max_depth=8, n_estimators=473, reg_alpha=1.0, reg_lambda=1.0, scale_pos_weight=1.0, subsample=0.89185831573085;, score=0.689 total time=  36.2s
[CV 2/5] END colsample_bytree=0.5, gamma=2.387145472454069, learning_rate=0.020953975305548024, max_depth=8, n_estimators=507, reg_alpha=1.0, reg_lambda=0.819310347048619, scale_pos_weight=1.0, subsample=0.7762800056200321;, score=0.687 total time=  41.4s
[CV 4/5] END colsample_bytree=0.9996642745440847, gamma=0.9068220673044526, learning_rate=0.08856340910492612, max_depth=3, n_estimators=56, reg_alpha=0.5378043445365149, reg_lambda=0.20765496475015582, scale_pos_weight=9.87506835792858, subsample=0.9397794629347194;, score=0.676 total time=   4.7s
[CV 1/5] END colsample_bytree=0.5, gamma=4.572483256832638, learning_rate=0.021731383029683415, max_depth=8, n_estimators=538, reg_alpha=1.0, reg_lambda=0.5204253985494963, scale_pos_weight=1.0, subsample=0.8969582320713737;, score=0.690 total time=  37.7s
[CV 5/5] END colsample_bytree=0.5436138205936777, gamma=4.8483602957086065, learning_rate=0.020750575933920302, max_depth=8, n_estimators=473, reg_alpha=1.0, reg_lambda=1.0, scale_pos_weight=1.0, subsample=0.89185831573085;, score=0.692 total time=  36.4s
[CV 4/5] END colsample_bytree=0.5, gamma=2.387145472454069, learning_rate=0.020953975305548024, max_depth=8, n_estimators=507, reg_alpha=1.0, reg_lambda=0.819310347048619, scale_pos_weight=1.0, subsample=0.7762800056200321;, score=0.689 total time=  40.4s
[CV 1/5] END colsample_bytree=0.9996642745440847, gamma=0.9068220673044526, learning_rate=0.08856340910492612, max_depth=3, n_estimators=56, reg_alpha=0.5378043445365149, reg_lambda=0.20765496475015582, scale_pos_weight=9.87506835792858, subsample=0.9397794629347194;, score=0.675 total time=   5.0s
[CV 4/5] END colsample_bytree=0.5, gamma=4.572483256832638, learning_rate=0.021731383029683415, max_depth=8, n_estimators=538, reg_alpha=1.0, reg_lambda=0.5204253985494963, scale_pos_weight=1.0, subsample=0.8969582320713737;, score=0.689 total time=  38.3s
[CV 4/5] END colsample_bytree=0.6616972926602381, gamma=3.229729592658486, learning_rate=0.030872348176868132, max_depth=15, n_estimators=55, reg_alpha=0.09378381425676743, reg_lambda=0.12246424956259341, scale_pos_weight=9.620374657790638, subsample=0.8090483518805256;, score=0.672 total time=  32.5s
[CV 5/5] END colsample_bytree=0.6076374325755216, gamma=2.5841319492239583, learning_rate=0.29048509295382896, max_depth=6, n_estimators=50, reg_alpha=0.45474577398856464, reg_lambda=0.7071239910920258, scale_pos_weight=8.79221483894404, subsample=0.9859774302321153;, score=0.681 total time=   5.2s
[CV 3/5] END colsample_bytree=0.5788126681447514, gamma=4.149925145775637, learning_rate=0.09438538065571071, max_depth=11, n_estimators=63, reg_alpha=0.9373188814705946, reg_lambda=0.5554371783117286, scale_pos_weight=1.1270485010254856, subsample=0.9838535212057752;, score=0.676 total time=  11.8s
[CV 3/5] END colsample_bytree=0.5590334860799085, gamma=2.0975857728425824, learning_rate=0.22647687991832696, max_depth=3, n_estimators=535, reg_alpha=0.046972823727298066, reg_lambda=0.4623235130796085, scale_pos_weight=1.591233880703379, subsample=0.5337182326460659;, score=0.676 total time=  19.1s
[CV 5/5] END colsample_bytree=1.0, gamma=0.0, learning_rate=0.01, max_depth=6, n_estimators=600, reg_alpha=0.4824580554059964, reg_lambda=0.0, scale_pos_weight=1.0, subsample=0.5;, score=0.688 total time=  39.8s
[CV 2/5] END colsample_bytree=0.8680272259835786, gamma=2.618534095181748, learning_rate=0.01, max_depth=7, n_estimators=600, reg_alpha=1.0, reg_lambda=0.09360050262340544, scale_pos_weight=10.0, subsample=1.0;, score=0.684 total time=  44.6s
[CV 5/5] END colsample_bytree=0.5, gamma=5.0, learning_rate=0.03814347791592763, max_depth=5, n_estimators=600, reg_alpha=1.0, reg_lambda=1.0, scale_pos_weight=1.0, subsample=1.0;, score=0.690 total time=  23.1s
[CV 2/5] END colsample_bytree=0.5, gamma=0.0, learning_rate=0.036408403910439154, max_depth=5, n_estimators=600, reg_alpha=0.12575165877193717, reg_lambda=0.9068871400583315, scale_pos_weight=3.899331355027762, subsample=0.7882586122148901;, score=0.686 total time=  28.2s
[CV 5/5] END colsample_bytree=0.5, gamma=3.098828962374887, learning_rate=0.03500020140056003, max_depth=6, n_estimators=522, reg_alpha=1.0, reg_lambda=0.0, scale_pos_weight=1.0, subsample=0.767270410095453;, score=0.692 total time=  29.8s
[CV 4/5] END colsample_bytree=0.5, gamma=0.11515900052219073, learning_rate=0.034160377488432425, max_depth=6, n_estimators=545, reg_alpha=1.0, reg_lambda=0.0, scale_pos_weight=3.2519415221049663, subsample=0.7940241902274103;, score=0.689 total time=  30.5s
[CV 2/5] END colsample_bytree=0.940530216668657, gamma=5.0, learning_rate=0.03281867889913162, max_depth=6, n_estimators=600, reg_alpha=1.0, reg_lambda=0.9365135008099204, scale_pos_weight=1.0, subsample=0.6950585811840896;, score=0.687 total time=  33.5s
[CV 2/5] END colsample_bytree=0.5, gamma=5.0, learning_rate=0.03309056513528459, max_depth=6, n_estimators=600, reg_alpha=1.0, reg_lambda=0.017656797604303134, scale_pos_weight=1.0, subsample=0.7065998347903221;, score=0.686 total time=  32.0s
[CV 1/5] END colsample_bytree=0.7539289130249214, gamma=0.3284898083428273, learning_rate=0.018094598154592627, max_depth=9, n_estimators=52, reg_alpha=0.5756479096587142, reg_lambda=0.30354440835757585, scale_pos_weight=9.448026391750568, subsample=0.5304269581394923;, score=0.677 total time=   9.0s
[CV 1/5] END colsample_bytree=0.5820774792485242, gamma=3.4186545656651623, learning_rate=0.2050739752734744, max_depth=9, n_estimators=592, reg_alpha=0.18013014930063367, reg_lambda=0.1996791920062287, scale_pos_weight=1.0710392526845183, subsample=0.9420433580594053;, score=0.668 total time=  20.8s
[CV 2/5] END colsample_bytree=0.5, gamma=5.0, learning_rate=0.02937055022522013, max_depth=7, n_estimators=411, reg_alpha=1.0, reg_lambda=1.0, scale_pos_weight=1.0, subsample=0.8074026012349513;, score=0.687 total time=  27.5s
[CV 3/5] END colsample_bytree=0.8178798998260169, gamma=5.0, learning_rate=0.0258798084557839, max_depth=7, n_estimators=533, reg_alpha=1.0, reg_lambda=0.0002010545888841862, scale_pos_weight=1.0, subsample=0.7672739084913661;, score=0.685 total time=  34.2s
[CV 5/5] END colsample_bytree=0.7205643409385794, gamma=3.964654992550867, learning_rate=0.1584604511572586, max_depth=5, n_estimators=165, reg_alpha=0.8239706394364096, reg_lambda=0.28114632124680167, scale_pos_weight=1.430509470993718, subsample=0.9625847678795718;, score=0.688 total time=  10.2s
[CV 4/5] END colsample_bytree=0.5, gamma=2.0086707376052724, learning_rate=0.024920716129340235, max_depth=7, n_estimators=375, reg_alpha=1.0, reg_lambda=0.8899917008869201, scale_pos_weight=4.053949800005075, subsample=0.8071371897586459;, score=0.689 total time=  27.0s
[CV 1/5] END colsample_bytree=0.5, gamma=5.0, learning_rate=0.02489798049169572, max_depth=7, n_estimators=600, reg_alpha=1.0, reg_lambda=0.6938612927212906, scale_pos_weight=1.0, subsample=0.8047104123557144;, score=0.691 total time=  37.1s
[CV 4/5] END colsample_bytree=0.8921422989637227, gamma=5.0, learning_rate=0.02351145821765569, max_depth=7, n_estimators=600, reg_alpha=1.0, reg_lambda=1.0, scale_pos_weight=1.0, subsample=0.7372541521157021;, score=0.690 total time=  39.7s
[CV 4/5] END colsample_bytree=0.9983434156801658, gamma=3.548008473354746, learning_rate=0.0672228957949483, max_depth=4, n_estimators=77, reg_alpha=0.7806806417423658, reg_lambda=0.5197086602938711, scale_pos_weight=2.0360895358852127, subsample=0.5089171079324647;, score=0.681 total time=   6.8s
[CV 4/5] END colsample_bytree=0.5, gamma=2.14846349404376, learning_rate=0.02377179718471455, max_depth=7, n_estimators=468, reg_alpha=1.0, reg_lambda=1.0, scale_pos_weight=1.0, subsample=0.9538759085080019;, score=0.689 total time=  31.2s
[CV 5/5] END colsample_bytree=0.9867938425499357, gamma=3.985711548718622, learning_rate=0.18092923797248606, max_depth=3, n_estimators=597, reg_alpha=0.8082437895641964, reg_lambda=0.3824637770899221, scale_pos_weight=6.004478490713605, subsample=0.5876751941539731;, score=0.684 total time=  21.2s
[CV 5/5] END colsample_bytree=0.5, gamma=5.0, learning_rate=0.02261335857220676, max_depth=8, n_estimators=476, reg_alpha=1.0, reg_lambda=0.4422769002653807, scale_pos_weight=1.0, subsample=0.7994508448818676;, score=0.692 total time=  35.4s
[CV 1/5] END colsample_bytree=0.5436138205936777, gamma=4.8483602957086065, learning_rate=0.020750575933920302, max_depth=8, n_estimators=473, reg_alpha=1.0, reg_lambda=1.0, scale_pos_weight=1.0, subsample=0.89185831573085;, score=0.690 total time=  36.1s
[CV 1/5] END colsample_bytree=0.5, gamma=2.387145472454069, learning_rate=0.020953975305548024, max_depth=8, n_estimators=507, reg_alpha=1.0, reg_lambda=0.819310347048619, scale_pos_weight=1.0, subsample=0.7762800056200321;, score=0.689 total time=  40.7s
[CV 3/5] END colsample_bytree=0.9996642745440847, gamma=0.9068220673044526, learning_rate=0.08856340910492612, max_depth=3, n_estimators=56, reg_alpha=0.5378043445365149, reg_lambda=0.20765496475015582, scale_pos_weight=9.87506835792858, subsample=0.9397794629347194;, score=0.671 total time=   4.9s
[CV 3/5] END colsample_bytree=0.5, gamma=4.572483256832638, learning_rate=0.021731383029683415, max_depth=8, n_estimators=538, reg_alpha=1.0, reg_lambda=0.5204253985494963, scale_pos_weight=1.0, subsample=0.8969582320713737;, score=0.685 total time=  38.3s
[CV 5/5] END colsample_bytree=0.6207269714787875, gamma=4.432737133781999, learning_rate=0.29591159190035193, max_depth=3, n_estimators=221, reg_alpha=0.7592993595389681, reg_lambda=0.9765655000187199, scale_pos_weight=2.4446726480150787, subsample=0.5139360386252497;, score=0.683 total time=   9.8s
[CV 4/5] END colsample_bytree=1.0, gamma=0.0, learning_rate=0.06921896482845093, max_depth=3, n_estimators=600, reg_alpha=1.0, reg_lambda=0.18245067406834908, scale_pos_weight=1.0, subsample=0.5;, score=0.687 total time=  22.3s
[CV 5/5] END colsample_bytree=0.9501093027273526, gamma=5.0, learning_rate=0.01, max_depth=9, n_estimators=600, reg_alpha=0.44605362585775493, reg_lambda=1.0, scale_pos_weight=1.0, subsample=1.0;, score=0.690 total time= 1.0min
[CV 2/5] END colsample_bytree=1.0, gamma=5.0, learning_rate=0.03413144827701884, max_depth=6, n_estimators=600, reg_alpha=1.0, reg_lambda=0.0, scale_pos_weight=4.432454653932323, subsample=0.7872113381661768;, score=0.686 total time=  33.0s
[CV 1/5] END colsample_bytree=0.9130814542285184, gamma=5.0, learning_rate=0.01, max_depth=11, n_estimators=600, reg_alpha=1.0, reg_lambda=1.0, scale_pos_weight=1.0, subsample=0.5;, score=0.689 total time= 1.4min
[CV 1/5] END colsample_bytree=1.0, gamma=5.0, learning_rate=0.11152142452065156, max_depth=3, n_estimators=600, reg_alpha=0.058302665689890516, reg_lambda=0.0, scale_pos_weight=1.0, subsample=1.0;, score=0.685 total time=  18.1s
[CV 3/5] END colsample_bytree=0.5700799668224491, gamma=0.19868625186739988, learning_rate=0.23822529653248234, max_depth=3, n_estimators=554, reg_alpha=0.773418664040578, reg_lambda=0.8515114674068966, scale_pos_weight=9.72723048429305, subsample=0.9949546347356526;, score=0.678 total time=  18.7s
[CV 3/5] END colsample_bytree=0.5, gamma=3.098828962374887, learning_rate=0.03500020140056003, max_depth=6, n_estimators=522, reg_alpha=1.0, reg_lambda=0.0, scale_pos_weight=1.0, subsample=0.767270410095453;, score=0.684 total time=  28.2s
[CV 5/5] END colsample_bytree=0.8815954072376182, gamma=3.7331901417873237, learning_rate=0.17645747985650953, max_depth=8, n_estimators=57, reg_alpha=0.49190136880777, reg_lambda=0.3598663461619562, scale_pos_weight=1.1357037324275359, subsample=0.9990469806567073;, score=0.683 total time=   7.0s
[CV 1/5] END colsample_bytree=0.5, gamma=5.0, learning_rate=0.01, max_depth=12, n_estimators=600, reg_alpha=1.0, reg_lambda=0.7306684235025069, scale_pos_weight=1.0, subsample=1.0;, score=0.689 total time= 1.4min
[CV 2/5] END colsample_bytree=0.6125578845249876, gamma=4.318470813595151, learning_rate=0.022643453678911324, max_depth=15, n_estimators=64, reg_alpha=0.5875564112701809, reg_lambda=0.6412769205955247, scale_pos_weight=1.260389931854488, subsample=0.5744760440323162;, score=0.676 total time=  25.5s
[CV 5/5] END colsample_bytree=0.8567871800400322, gamma=0.0, learning_rate=0.06836513342503678, max_depth=3, n_estimators=427, reg_alpha=1.0, reg_lambda=1.0, scale_pos_weight=10.0, subsample=1.0;, score=0.688 total time=  16.1s
[CV 3/5] END colsample_bytree=0.5307823673389264, gamma=5.0, learning_rate=0.02284511255118858, max_depth=7, n_estimators=539, reg_alpha=1.0, reg_lambda=1.0, scale_pos_weight=1.0, subsample=0.6958484544907348;, score=0.686 total time=  34.7s
[CV 5/5] END colsample_bytree=0.5487907161242441, gamma=2.4299927705266393, learning_rate=0.20774207478601936, max_depth=3, n_estimators=271, reg_alpha=0.3809213290914262, reg_lambda=0.03534472589885907, scale_pos_weight=8.735433879443361, subsample=0.5307173939670179;, score=0.685 total time=  11.3s
[CV 2/5] END colsample_bytree=0.5, gamma=5.0, learning_rate=0.021984852184891573, max_depth=7, n_estimators=600, reg_alpha=1.0, reg_lambda=0.7163240997549738, scale_pos_weight=1.0, subsample=0.7292084155247218;, score=0.688 total time=  37.8s
[CV 2/5] END colsample_bytree=0.842209396364974, gamma=2.807354585644929, learning_rate=0.14271086575897254, max_depth=9, n_estimators=325, reg_alpha=0.8345015107555586, reg_lambda=0.5622585057608217, scale_pos_weight=1.095046263716131, subsample=0.9662758917391439;, score=0.672 total time=  16.5s
[CV 5/5] END colsample_bytree=0.5245602689697538, gamma=5.0, learning_rate=0.028581617984048215, max_depth=8, n_estimators=327, reg_alpha=1.0, reg_lambda=1.0, scale_pos_weight=1.0, subsample=0.8584643096743538;, score=0.691 total time=  26.3s
[CV 1/5] END colsample_bytree=0.620793817858354, gamma=4.388872400811004, learning_rate=0.20798000609007017, max_depth=15, n_estimators=589, reg_alpha=0.7324428787608308, reg_lambda=0.3858584691248623, scale_pos_weight=1.5414684352216113, subsample=0.9699718898910483;, score=0.658 total time=  24.3s
[CV 5/5] END colsample_bytree=0.5, gamma=4.434523161279565, learning_rate=0.023456325155787053, max_depth=7, n_estimators=600, reg_alpha=1.0, reg_lambda=1.0, scale_pos_weight=1.0, subsample=0.8065552378727924;, score=0.692 total time=  37.8s
[CV 3/5] END colsample_bytree=0.5, gamma=5.0, learning_rate=0.020094448342793437, max_depth=7, n_estimators=515, reg_alpha=1.0, reg_lambda=1.0, scale_pos_weight=1.0, subsample=0.7248449899586076;, score=0.685 total time=  34.4s
[CV 5/5] END colsample_bytree=0.9983434156801658, gamma=3.548008473354746, learning_rate=0.0672228957949483, max_depth=4, n_estimators=77, reg_alpha=0.7806806417423658, reg_lambda=0.5197086602938711, scale_pos_weight=2.0360895358852127, subsample=0.5089171079324647;, score=0.682 total time=   6.5s
[CV 3/5] END colsample_bytree=0.5, gamma=2.14846349404376, learning_rate=0.02377179718471455, max_depth=7, n_estimators=468, reg_alpha=1.0, reg_lambda=1.0, scale_pos_weight=1.0, subsample=0.9538759085080019;, score=0.685 total time=  32.2s
[CV 3/5] END colsample_bytree=0.9667250896712352, gamma=1.7135329768757992, learning_rate=0.19752986105108558, max_depth=3, n_estimators=81, reg_alpha=0.6830272557676595, reg_lambda=0.3156340423577379, scale_pos_weight=2.0052385912089203, subsample=0.5679161555115346;, score=0.679 total time=   5.5s
[CV 2/5] END colsample_bytree=0.5, gamma=5.0, learning_rate=0.02109615904193636, max_depth=7, n_estimators=533, reg_alpha=1.0, reg_lambda=1.0, scale_pos_weight=1.0, subsample=0.8117796214860373;, score=0.688 total time=  35.0s
[CV 5/5] END colsample_bytree=0.5, gamma=5.0, learning_rate=0.02056588692511421, max_depth=7, n_estimators=528, reg_alpha=1.0, reg_lambda=0.8334522140288775, scale_pos_weight=1.0, subsample=0.7490446646786061;, score=0.691 total time=  36.8s
[CV 4/5] END colsample_bytree=0.5, gamma=1.0196969910259175, learning_rate=0.021045366875234665, max_depth=7, n_estimators=518, reg_alpha=1.0, reg_lambda=1.0, scale_pos_weight=1.0, subsample=0.7785550521917212;, score=0.689 total time=  36.4s
[CV 4/5] END colsample_bytree=0.5081014341378599, gamma=5.0, learning_rate=0.02282192262135815, max_depth=8, n_estimators=521, reg_alpha=1.0, reg_lambda=1.0, scale_pos_weight=1.1041165310354097, subsample=0.8200272226674528;, score=0.689 total time=  38.8s
[CV 5/5] END colsample_bytree=0.5, gamma=4.572483256832638, learning_rate=0.021731383029683415, max_depth=8, n_estimators=538, reg_alpha=1.0, reg_lambda=0.5204253985494963, scale_pos_weight=1.0, subsample=0.8969582320713737;, score=0.692 total time=  38.6s
[CV 3/5] END colsample_bytree=0.6616972926602381, gamma=3.229729592658486, learning_rate=0.030872348176868132, max_depth=15, n_estimators=55, reg_alpha=0.09378381425676743, reg_lambda=0.12246424956259341, scale_pos_weight=9.620374657790638, subsample=0.8090483518805256;, score=0.663 total time=  32.9s
[CV 1/5] END colsample_bytree=1.0, gamma=5.0, learning_rate=0.05398608613666459, max_depth=4, n_estimators=600, reg_alpha=0.6448669564074435, reg_lambda=1.0, scale_pos_weight=5.876507874039996, subsample=1.0;, score=0.688 total time=  24.3s
[CV 3/5] END colsample_bytree=1.0, gamma=0.47402151289088584, learning_rate=0.036937398112080085, max_depth=6, n_estimators=412, reg_alpha=1.0, reg_lambda=0.0, scale_pos_weight=1.0, subsample=0.5;, score=0.683 total time=  24.9s
[CV 1/5] END colsample_bytree=0.8432088379117817, gamma=2.998015416808077, learning_rate=0.2990717168068073, max_depth=5, n_estimators=330, reg_alpha=0.09433641826548858, reg_lambda=0.8723900458433111, scale_pos_weight=1.2855245914434235, subsample=0.9884883743082308;, score=0.679 total time=  11.8s
[CV 1/5] END colsample_bytree=1.0, gamma=1.4842575287571471, learning_rate=0.04873117672494348, max_depth=5, n_estimators=600, reg_alpha=1.0, reg_lambda=0.0, scale_pos_weight=1.0, subsample=0.7874997741855831;, score=0.689 total time=  28.6s
[CV 2/5] END colsample_bytree=1.0, gamma=0.0, learning_rate=0.01, max_depth=11, n_estimators=484, reg_alpha=0.9003376143887243, reg_lambda=0.0, scale_pos_weight=1.0, subsample=0.5;, score=0.685 total time= 1.5min
[CV 3/5] END colsample_bytree=0.5884310773285962, gamma=3.956273745095808, learning_rate=0.09433400294057596, max_depth=3, n_estimators=358, reg_alpha=0.9518132814942697, reg_lambda=0.3809750135114901, scale_pos_weight=9.06134743219249, subsample=0.507592106358912;, score=0.681 total time=  15.4s
[CV 4/5] END colsample_bytree=0.5, gamma=0.0, learning_rate=0.03949574296202537, max_depth=6, n_estimators=600, reg_alpha=1.0, reg_lambda=0.49789058684462284, scale_pos_weight=1.0, subsample=0.8279411452331398;, score=0.689 total time=  32.5s
[CV 4/5] END colsample_bytree=0.8815954072376182, gamma=3.7331901417873237, learning_rate=0.17645747985650953, max_depth=8, n_estimators=57, reg_alpha=0.49190136880777, reg_lambda=0.3598663461619562, scale_pos_weight=1.1357037324275359, subsample=0.9990469806567073;, score=0.680 total time=   7.0s
[CV 2/5] END colsample_bytree=0.5, gamma=5.0, learning_rate=0.01, max_depth=12, n_estimators=600, reg_alpha=1.0, reg_lambda=0.7306684235025069, scale_pos_weight=1.0, subsample=1.0;, score=0.687 total time= 1.4min
[CV 4/5] END colsample_bytree=0.6125578845249876, gamma=4.318470813595151, learning_rate=0.022643453678911324, max_depth=15, n_estimators=64, reg_alpha=0.5875564112701809, reg_lambda=0.6412769205955247, scale_pos_weight=1.260389931854488, subsample=0.5744760440323162;, score=0.677 total time=  25.7s
[CV 4/5] END colsample_bytree=0.5, gamma=5.0, learning_rate=0.02124469867822979, max_depth=7, n_estimators=600, reg_alpha=1.0, reg_lambda=1.0, scale_pos_weight=1.0, subsample=0.5976923957028866;, score=0.690 total time=  39.2s
[CV 1/5] END colsample_bytree=0.7892698277388533, gamma=4.622153006138772, learning_rate=0.15512192325078686, max_depth=15, n_estimators=584, reg_alpha=0.2302665761212776, reg_lambda=0.6527473823741613, scale_pos_weight=1.7020482739374012, subsample=0.990220494756256;, score=0.662 total time=  27.4s
[CV 1/5] END colsample_bytree=0.866859135356947, gamma=4.199298828596511, learning_rate=0.10800252510388458, max_depth=15, n_estimators=52, reg_alpha=0.37934319110141823, reg_lambda=0.552227188468888, scale_pos_weight=1.0543244402496832, subsample=0.9839390044824438;, score=0.671 total time=  17.6s
[CV 5/5] END colsample_bytree=0.5, gamma=1.330867000417568, learning_rate=0.02321722889201098, max_depth=7, n_estimators=600, reg_alpha=1.0, reg_lambda=1.0, scale_pos_weight=1.0, subsample=0.6879066864346783;, score=0.692 total time=  40.7s
[CV 4/5] END colsample_bytree=0.5, gamma=5.0, learning_rate=0.02264671292553938, max_depth=6, n_estimators=535, reg_alpha=1.0, reg_lambda=1.0, scale_pos_weight=2.6571866211721784, subsample=0.7681184596222812;, score=0.689 total time=  32.3s
[CV 3/5] END colsample_bytree=0.9458184412270458, gamma=1.0293813404406296, learning_rate=0.10996034556483299, max_depth=5, n_estimators=66, reg_alpha=0.7722865903550836, reg_lambda=0.2324325032170676, scale_pos_weight=9.895209638117146, subsample=0.5805750221949131;, score=0.678 total time=   6.4s
[CV 4/5] END colsample_bytree=0.5, gamma=5.0, learning_rate=0.0369862762826837, max_depth=5, n_estimators=521, reg_alpha=1.0, reg_lambda=1.0, scale_pos_weight=6.839471921526831, subsample=0.9023912591228385;, score=0.689 total time=  25.9s
[CV 4/5] END colsample_bytree=0.5, gamma=1.374372646139703, learning_rate=0.024189876915652147, max_depth=7, n_estimators=600, reg_alpha=1.0, reg_lambda=1.0, scale_pos_weight=1.0, subsample=0.7386057324088116;, score=0.690 total time=  40.0s
[CV 2/5] END colsample_bytree=0.5, gamma=4.239669230586858, learning_rate=0.01, max_depth=11, n_estimators=600, reg_alpha=1.0, reg_lambda=1.0, scale_pos_weight=1.0, subsample=0.7949380341210157;, score=0.687 total time= 1.3min
[CV 4/5] END colsample_bytree=0.5, gamma=5.0, learning_rate=0.02218425019003871, max_depth=7, n_estimators=509, reg_alpha=1.0, reg_lambda=0.6701497608970879, scale_pos_weight=1.0, subsample=0.8157914552517294;, score=0.689 total time=  33.9s
[CV 3/5] END colsample_bytree=0.9867938425499357, gamma=3.985711548718622, learning_rate=0.18092923797248606, max_depth=3, n_estimators=597, reg_alpha=0.8082437895641964, reg_lambda=0.3824637770899221, scale_pos_weight=6.004478490713605, subsample=0.5876751941539731;, score=0.678 total time=  21.9s
[CV 4/5] END colsample_bytree=0.65375398671407, gamma=1.6595341047884895, learning_rate=0.27374060822894797, max_depth=3, n_estimators=373, reg_alpha=0.9309090091390603, reg_lambda=0.5854690233177103, scale_pos_weight=1.3469590063337766, subsample=0.9748096395617034;, score=0.684 total time=  14.0s
[CV 4/5] END colsample_bytree=0.5, gamma=5.0, learning_rate=0.02056588692511421, max_depth=7, n_estimators=528, reg_alpha=1.0, reg_lambda=0.8334522140288775, scale_pos_weight=1.0, subsample=0.7490446646786061;, score=0.690 total time=  35.1s
[CV 5/5] END colsample_bytree=0.5, gamma=2.387145472454069, learning_rate=0.020953975305548024, max_depth=8, n_estimators=507, reg_alpha=1.0, reg_lambda=0.819310347048619, scale_pos_weight=1.0, subsample=0.7762800056200321;, score=0.692 total time=  40.5s
[CV 2/5] END colsample_bytree=0.9996642745440847, gamma=0.9068220673044526, learning_rate=0.08856340910492612, max_depth=3, n_estimators=56, reg_alpha=0.5378043445365149, reg_lambda=0.20765496475015582, scale_pos_weight=9.87506835792858, subsample=0.9397794629347194;, score=0.676 total time=   4.8s
[CV 2/5] END colsample_bytree=0.5, gamma=4.572483256832638, learning_rate=0.021731383029683415, max_depth=8, n_estimators=538, reg_alpha=1.0, reg_lambda=0.5204253985494963, scale_pos_weight=1.0, subsample=0.8969582320713737;, score=0.688 total time=  39.1s
[CV 5/5] END colsample_bytree=0.5081014341378599, gamma=5.0, learning_rate=0.02282192262135815, max_depth=8, n_estimators=521, reg_alpha=1.0, reg_lambda=1.0, scale_pos_weight=1.1041165310354097, subsample=0.8200272226674528;, score=0.692 total time=  38.9s
[CV 1/5] END colsample_bytree=0.5172568012127055, gamma=5.0, learning_rate=0.020500801806691636, max_depth=8, n_estimators=560, reg_alpha=1.0, reg_lambda=0.29467747579636616, scale_pos_weight=1.0, subsample=0.8323623183029079;, score=0.690 total time=  39.7s
[CV 3/5] END colsample_bytree=0.9452835294868993, gamma=3.1122145433315316, learning_rate=0.2936801572508768, max_depth=15, n_estimators=585, reg_alpha=0.3433425331193973, reg_lambda=0.7366176034580539, scale_pos_weight=2.5867932914734935, subsample=0.8044792436732333;, score=0.630 total time=  41.2s
[CV 3/5] END colsample_bytree=0.5462642978720665, gamma=2.1638488061578665, learning_rate=0.04004263974136054, max_depth=5, n_estimators=590, reg_alpha=0.6204781114240714, reg_lambda=0.6116905042901314, scale_pos_weight=1.1448164506950016, subsample=0.5202725796333513;, score=0.683 total time=  28.7s
[CV 2/5] END colsample_bytree=0.8656939096595792, gamma=1.7179949728281163, learning_rate=0.01, max_depth=8, n_estimators=400, reg_alpha=1.0, reg_lambda=0.06396956119918615, scale_pos_weight=10.0, subsample=0.5;, score=0.684 total time=  38.1s
[CV 1/5] END colsample_bytree=0.6207269714787875, gamma=4.432737133781999, learning_rate=0.29591159190035193, max_depth=3, n_estimators=221, reg_alpha=0.7592993595389681, reg_lambda=0.9765655000187199, scale_pos_weight=2.4446726480150787, subsample=0.5139360386252497;, score=0.681 total time=  10.1s
[CV 2/5] END colsample_bytree=1.0, gamma=0.0, learning_rate=0.06921896482845093, max_depth=3, n_estimators=600, reg_alpha=1.0, reg_lambda=0.18245067406834908, scale_pos_weight=1.0, subsample=0.5;, score=0.685 total time=  22.6s
[CV 2/5] END colsample_bytree=0.8685082010060508, gamma=3.9595352570233135, learning_rate=0.23473625708032234, max_depth=6, n_estimators=57, reg_alpha=0.9051005105718967, reg_lambda=0.38023327708186494, scale_pos_weight=1.046652928696726, subsample=0.9930728704674436;, score=0.680 total time=   5.6s
[CV 1/5] END colsample_bytree=0.9455642057894658, gamma=3.3263193756303466, learning_rate=0.011485538161494108, max_depth=11, n_estimators=80, reg_alpha=0.7246531940288461, reg_lambda=0.08173351370052064, scale_pos_weight=3.313417936967042, subsample=0.978954456830742;, score=0.678 total time=  22.0s
[CV 5/5] END colsample_bytree=0.9130814542285184, gamma=5.0, learning_rate=0.01, max_depth=11, n_estimators=600, reg_alpha=1.0, reg_lambda=1.0, scale_pos_weight=1.0, subsample=0.5;, score=0.691 total time= 1.4min
[CV 2/5] END colsample_bytree=1.0, gamma=5.0, learning_rate=0.11152142452065156, max_depth=3, n_estimators=600, reg_alpha=0.058302665689890516, reg_lambda=0.0, scale_pos_weight=1.0, subsample=1.0;, score=0.684 total time=  18.3s
[CV 4/5] END colsample_bytree=0.5700799668224491, gamma=0.19868625186739988, learning_rate=0.23822529653248234, max_depth=3, n_estimators=554, reg_alpha=0.773418664040578, reg_lambda=0.8515114674068966, scale_pos_weight=9.72723048429305, subsample=0.9949546347356526;, score=0.682 total time=  19.2s
[CV 4/5] END colsample_bytree=0.5, gamma=3.098828962374887, learning_rate=0.03500020140056003, max_depth=6, n_estimators=522, reg_alpha=1.0, reg_lambda=0.0, scale_pos_weight=1.0, subsample=0.767270410095453;, score=0.690 total time=  29.1s
[CV 2/5] END colsample_bytree=0.5, gamma=0.11515900052219073, learning_rate=0.034160377488432425, max_depth=6, n_estimators=545, reg_alpha=1.0, reg_lambda=0.0, scale_pos_weight=3.2519415221049663, subsample=0.7940241902274103;, score=0.687 total time=  30.7s
[CV 4/5] END colsample_bytree=0.940530216668657, gamma=5.0, learning_rate=0.03281867889913162, max_depth=6, n_estimators=600, reg_alpha=1.0, reg_lambda=0.9365135008099204, scale_pos_weight=1.0, subsample=0.6950585811840896;, score=0.690 total time=  34.0s
[CV 4/5] END colsample_bytree=0.5, gamma=5.0, learning_rate=0.03309056513528459, max_depth=6, n_estimators=600, reg_alpha=1.0, reg_lambda=0.017656797604303134, scale_pos_weight=1.0, subsample=0.7065998347903221;, score=0.690 total time=  33.4s
[CV 4/5] END colsample_bytree=0.7539289130249214, gamma=0.3284898083428273, learning_rate=0.018094598154592627, max_depth=9, n_estimators=52, reg_alpha=0.5756479096587142, reg_lambda=0.30354440835757585, scale_pos_weight=9.448026391750568, subsample=0.5304269581394923;, score=0.679 total time=   9.2s
[CV 4/5] END colsample_bytree=0.5820774792485242, gamma=3.4186545656651623, learning_rate=0.2050739752734744, max_depth=9, n_estimators=592, reg_alpha=0.18013014930063367, reg_lambda=0.1996791920062287, scale_pos_weight=1.0710392526845183, subsample=0.9420433580594053;, score=0.668 total time=  21.0s
[CV 3/5] END colsample_bytree=0.5, gamma=5.0, learning_rate=0.02937055022522013, max_depth=7, n_estimators=411, reg_alpha=1.0, reg_lambda=1.0, scale_pos_weight=1.0, subsample=0.8074026012349513;, score=0.684 total time=  27.0s
[CV 5/5] END colsample_bytree=0.8608289547597171, gamma=0.5347748766297185, learning_rate=0.25311228275035025, max_depth=5, n_estimators=594, reg_alpha=0.512900765831494, reg_lambda=0.5738239263774132, scale_pos_weight=2.5061777356442665, subsample=0.9993942220105829;, score=0.668 total time=  24.1s
[CV 1/5] END colsample_bytree=0.7205643409385794, gamma=3.964654992550867, learning_rate=0.1584604511572586, max_depth=5, n_estimators=165, reg_alpha=0.8239706394364096, reg_lambda=0.28114632124680167, scale_pos_weight=1.430509470993718, subsample=0.9625847678795718;, score=0.686 total time=   9.6s
[CV 2/5] END colsample_bytree=0.5, gamma=2.0086707376052724, learning_rate=0.024920716129340235, max_depth=7, n_estimators=375, reg_alpha=1.0, reg_lambda=0.8899917008869201, scale_pos_weight=4.053949800005075, subsample=0.8071371897586459;, score=0.687 total time=  27.5s
[CV 3/5] END colsample_bytree=0.5, gamma=5.0, learning_rate=0.02489798049169572, max_depth=7, n_estimators=600, reg_alpha=1.0, reg_lambda=0.6938612927212906, scale_pos_weight=1.0, subsample=0.8047104123557144;, score=0.685 total time=  36.3s
[CV 1/5] END colsample_bytree=0.8921422989637227, gamma=5.0, learning_rate=0.02351145821765569, max_depth=7, n_estimators=600, reg_alpha=1.0, reg_lambda=1.0, scale_pos_weight=1.0, subsample=0.7372541521157021;, score=0.689 total time=  38.7s
[CV 2/5] END colsample_bytree=0.9983434156801658, gamma=3.548008473354746, learning_rate=0.0672228957949483, max_depth=4, n_estimators=77, reg_alpha=0.7806806417423658, reg_lambda=0.5197086602938711, scale_pos_weight=2.0360895358852127, subsample=0.5089171079324647;, score=0.680 total time=   6.3s
[CV 2/5] END colsample_bytree=0.5, gamma=2.14846349404376, learning_rate=0.02377179718471455, max_depth=7, n_estimators=468, reg_alpha=1.0, reg_lambda=1.0, scale_pos_weight=1.0, subsample=0.9538759085080019;, score=0.688 total time=  31.5s
[CV 1/5] END colsample_bytree=0.9667250896712352, gamma=1.7135329768757992, learning_rate=0.19752986105108558, max_depth=3, n_estimators=81, reg_alpha=0.6830272557676595, reg_lambda=0.3156340423577379, scale_pos_weight=2.0052385912089203, subsample=0.5679161555115346;, score=0.683 total time=   5.6s
[CV 3/5] END colsample_bytree=0.5, gamma=5.0, learning_rate=0.02109615904193636, max_depth=7, n_estimators=533, reg_alpha=1.0, reg_lambda=1.0, scale_pos_weight=1.0, subsample=0.8117796214860373;, score=0.685 total time=  35.3s
[CV 2/5] END colsample_bytree=0.5, gamma=5.0, learning_rate=0.025179401587726066, max_depth=8, n_estimators=441, reg_alpha=1.0, reg_lambda=1.0, scale_pos_weight=1.0, subsample=0.9690928342134989;, score=0.687 total time=  29.8s
[CV 5/5] END colsample_bytree=0.5, gamma=1.0196969910259175, learning_rate=0.021045366875234665, max_depth=7, n_estimators=518, reg_alpha=1.0, reg_lambda=1.0, scale_pos_weight=1.0, subsample=0.7785550521917212;, score=0.692 total time=  36.1s
[CV 3/5] END colsample_bytree=0.5081014341378599, gamma=5.0, learning_rate=0.02282192262135815, max_depth=8, n_estimators=521, reg_alpha=1.0, reg_lambda=1.0, scale_pos_weight=1.1041165310354097, subsample=0.8200272226674528;, score=0.684 total time=  39.4s
[CV 4/5] END colsample_bytree=0.5172568012127055, gamma=5.0, learning_rate=0.020500801806691636, max_depth=8, n_estimators=560, reg_alpha=1.0, reg_lambda=0.29467747579636616, scale_pos_weight=1.0, subsample=0.8323623183029079;, score=0.690 total time=  40.1s
[CV 4/5] END colsample_bytree=0.5983348171862279, gamma=2.599043792046351, learning_rate=0.01, max_depth=7, n_estimators=600, reg_alpha=1.0, reg_lambda=0.27908240393950884, scale_pos_weight=8.22629764672864, subsample=0.5;, score=0.687 total time=  51.9s
[CV 4/5] END colsample_bytree=0.8521988988477819, gamma=4.616363744675555, learning_rate=0.11556855209956547, max_depth=7, n_estimators=207, reg_alpha=0.26893015025781947, reg_lambda=0.9889220572707549, scale_pos_weight=1.056360025040639, subsample=0.961621423894991;, score=0.686 total time=  11.8s
[CV 3/5] END colsample_bytree=0.678179522139714, gamma=0.0, learning_rate=0.09856386891086477, max_depth=5, n_estimators=190, reg_alpha=1.0, reg_lambda=0.5889110238576457, scale_pos_weight=1.0, subsample=1.0;, score=0.682 total time=  10.9s
[CV 4/5] END colsample_bytree=0.6076374325755216, gamma=2.5841319492239583, learning_rate=0.29048509295382896, max_depth=6, n_estimators=50, reg_alpha=0.45474577398856464, reg_lambda=0.7071239910920258, scale_pos_weight=8.79221483894404, subsample=0.9859774302321153;, score=0.680 total time=   5.3s
[CV 4/5] END colsample_bytree=0.5788126681447514, gamma=4.149925145775637, learning_rate=0.09438538065571071, max_depth=11, n_estimators=63, reg_alpha=0.9373188814705946, reg_lambda=0.5554371783117286, scale_pos_weight=1.1270485010254856, subsample=0.9838535212057752;, score=0.680 total time=  11.6s
[CV 1/5] END colsample_bytree=0.5590334860799085, gamma=2.0975857728425824, learning_rate=0.22647687991832696, max_depth=3, n_estimators=535, reg_alpha=0.046972823727298066, reg_lambda=0.4623235130796085, scale_pos_weight=1.591233880703379, subsample=0.5337182326460659;, score=0.680 total time=  19.6s
[CV 3/5] END colsample_bytree=0.643456397233197, gamma=0.44746148919215856, learning_rate=0.042757507392686016, max_depth=5, n_estimators=600, reg_alpha=1.0, reg_lambda=0.0, scale_pos_weight=8.237545097608125, subsample=0.7050245680417263;, score=0.683 total time=  28.1s
[CV 5/5] END colsample_bytree=0.8680272259835786, gamma=2.618534095181748, learning_rate=0.01, max_depth=7, n_estimators=600, reg_alpha=1.0, reg_lambda=0.09360050262340544, scale_pos_weight=10.0, subsample=1.0;, score=0.688 total time=  45.6s
[CV 3/5] END colsample_bytree=0.7235672113129498, gamma=0.0, learning_rate=0.03769350706670016, max_depth=6, n_estimators=511, reg_alpha=1.0, reg_lambda=1.0, scale_pos_weight=2.974537172026368, subsample=0.7785604039212844;, score=0.684 total time=  28.6s
[CV 5/5] END colsample_bytree=0.5, gamma=0.0, learning_rate=0.036408403910439154, max_depth=5, n_estimators=600, reg_alpha=0.12575165877193717, reg_lambda=0.9068871400583315, scale_pos_weight=3.899331355027762, subsample=0.7882586122148901;, score=0.691 total time=  29.4s
[CV 2/5] END colsample_bytree=0.540342961447624, gamma=1.248254015805992, learning_rate=0.06401168123820596, max_depth=9, n_estimators=589, reg_alpha=0.617560303190598, reg_lambda=0.5621279602103079, scale_pos_weight=1.5269545201786143, subsample=0.8751707166166196;, score=0.671 total time=  48.9s
[CV 5/5] END colsample_bytree=0.5, gamma=0.11515900052219073, learning_rate=0.034160377488432425, max_depth=6, n_estimators=545, reg_alpha=1.0, reg_lambda=0.0, scale_pos_weight=3.2519415221049663, subsample=0.7940241902274103;, score=0.692 total time=  29.9s
[CV 5/5] END colsample_bytree=0.5, gamma=5.0, learning_rate=0.01, max_depth=12, n_estimators=600, reg_alpha=1.0, reg_lambda=0.7306684235025069, scale_pos_weight=1.0, subsample=1.0;, score=0.691 total time= 1.4min
[CV 1/5] END colsample_bytree=0.6125578845249876, gamma=4.318470813595151, learning_rate=0.022643453678911324, max_depth=15, n_estimators=64, reg_alpha=0.5875564112701809, reg_lambda=0.6412769205955247, scale_pos_weight=1.260389931854488, subsample=0.5744760440323162;, score=0.678 total time=  25.7s
[CV 3/5] END colsample_bytree=0.5, gamma=5.0, learning_rate=0.02124469867822979, max_depth=7, n_estimators=600, reg_alpha=1.0, reg_lambda=1.0, scale_pos_weight=1.0, subsample=0.5976923957028866;, score=0.685 total time=  38.6s
[CV 5/5] END colsample_bytree=0.5307823673389264, gamma=5.0, learning_rate=0.02284511255118858, max_depth=7, n_estimators=539, reg_alpha=1.0, reg_lambda=1.0, scale_pos_weight=1.0, subsample=0.6958484544907348;, score=0.692 total time=  36.1s
[CV 4/5] END colsample_bytree=0.7201840077877019, gamma=4.594757428324505, learning_rate=0.04326305521551854, max_depth=15, n_estimators=377, reg_alpha=0.14887989636614177, reg_lambda=0.4695388312377018, scale_pos_weight=1.0217898686072442, subsample=0.9774881699198419;, score=0.683 total time=  41.6s
[CV 4/5] END colsample_bytree=0.5, gamma=1.330867000417568, learning_rate=0.02321722889201098, max_depth=7, n_estimators=600, reg_alpha=1.0, reg_lambda=1.0, scale_pos_weight=1.0, subsample=0.6879066864346783;, score=0.690 total time=  40.1s
[CV 1/5] END colsample_bytree=0.5, gamma=5.0, learning_rate=0.02264671292553938, max_depth=6, n_estimators=535, reg_alpha=1.0, reg_lambda=1.0, scale_pos_weight=2.6571866211721784, subsample=0.7681184596222812;, score=0.689 total time=  34.3s
[CV 4/5] END colsample_bytree=0.9458184412270458, gamma=1.0293813404406296, learning_rate=0.10996034556483299, max_depth=5, n_estimators=66, reg_alpha=0.7722865903550836, reg_lambda=0.2324325032170676, scale_pos_weight=9.895209638117146, subsample=0.5805750221949131;, score=0.684 total time=   6.2s
[CV 2/5] END colsample_bytree=0.5, gamma=5.0, learning_rate=0.0369862762826837, max_depth=5, n_estimators=521, reg_alpha=1.0, reg_lambda=1.0, scale_pos_weight=6.839471921526831, subsample=0.9023912591228385;, score=0.687 total time=  25.4s
[CV 2/5] END colsample_bytree=0.5, gamma=1.374372646139703, learning_rate=0.024189876915652147, max_depth=7, n_estimators=600, reg_alpha=1.0, reg_lambda=1.0, scale_pos_weight=1.0, subsample=0.7386057324088116;, score=0.687 total time=  39.8s
[CV 1/5] END colsample_bytree=0.5, gamma=4.239669230586858, learning_rate=0.01, max_depth=11, n_estimators=600, reg_alpha=1.0, reg_lambda=1.0, scale_pos_weight=1.0, subsample=0.7949380341210157;, score=0.689 total time= 1.3min
[CV 1/5] END colsample_bytree=0.5, gamma=5.0, learning_rate=0.02218425019003871, max_depth=7, n_estimators=509, reg_alpha=1.0, reg_lambda=0.6701497608970879, scale_pos_weight=1.0, subsample=0.8157914552517294;, score=0.690 total time=  33.9s
[CV 2/5] END colsample_bytree=0.9867938425499357, gamma=3.985711548718622, learning_rate=0.18092923797248606, max_depth=3, n_estimators=597, reg_alpha=0.8082437895641964, reg_lambda=0.3824637770899221, scale_pos_weight=6.004478490713605, subsample=0.5876751941539731;, score=0.679 total time=  21.7s
[CV 2/5] END colsample_bytree=0.65375398671407, gamma=1.6595341047884895, learning_rate=0.27374060822894797, max_depth=3, n_estimators=373, reg_alpha=0.9309090091390603, reg_lambda=0.5854690233177103, scale_pos_weight=1.3469590063337766, subsample=0.9748096395617034;, score=0.681 total time=  13.8s
[CV 1/5] END colsample_bytree=0.5, gamma=5.0, learning_rate=0.02056588692511421, max_depth=7, n_estimators=528, reg_alpha=1.0, reg_lambda=0.8334522140288775, scale_pos_weight=1.0, subsample=0.7490446646786061;, score=0.690 total time=  35.5s
[CV 1/5] END colsample_bytree=0.5, gamma=1.0196969910259175, learning_rate=0.021045366875234665, max_depth=7, n_estimators=518, reg_alpha=1.0, reg_lambda=1.0, scale_pos_weight=1.0, subsample=0.7785550521917212;, score=0.690 total time=  35.8s
[CV 2/5] END colsample_bytree=0.5081014341378599, gamma=5.0, learning_rate=0.02282192262135815, max_depth=8, n_estimators=521, reg_alpha=1.0, reg_lambda=1.0, scale_pos_weight=1.1041165310354097, subsample=0.8200272226674528;, score=0.688 total time=  39.2s
[CV 2/5] END colsample_bytree=0.5172568012127055, gamma=5.0, learning_rate=0.020500801806691636, max_depth=8, n_estimators=560, reg_alpha=1.0, reg_lambda=0.29467747579636616, scale_pos_weight=1.0, subsample=0.8323623183029079;, score=0.687 total time=  40.3s
[CV 2/5] END colsample_bytree=0.9684951638887911, gamma=4.091626872287399, learning_rate=0.010404611842957165, max_depth=12, n_estimators=278, reg_alpha=0.8836604756789972, reg_lambda=0.15414951507421162, scale_pos_weight=1.4630381845911158, subsample=0.5469399540707952;, score=0.684 total time= 1.1min
[CV 4/5] END colsample_bytree=0.7363504828512701, gamma=4.702479097742339, learning_rate=0.04970707443035448, max_depth=13, n_estimators=52, reg_alpha=0.05085366422578165, reg_lambda=0.0036557134523518284, scale_pos_weight=1.1199891697919364, subsample=0.9740456166420055;, score=0.679 total time=  16.8s
[CV 2/5] END colsample_bytree=0.7760659401149603, gamma=0.0, learning_rate=0.06736589922366819, max_depth=7, n_estimators=224, reg_alpha=1.0, reg_lambda=0.0, scale_pos_weight=1.0, subsample=1.0;, score=0.684 total time=  15.4s
[CV 5/5] END colsample_bytree=0.9455642057894658, gamma=3.3263193756303466, learning_rate=0.011485538161494108, max_depth=11, n_estimators=80, reg_alpha=0.7246531940288461, reg_lambda=0.08173351370052064, scale_pos_weight=3.313417936967042, subsample=0.978954456830742;, score=0.680 total time=  21.9s
[CV 1/5] END colsample_bytree=0.8920595008286891, gamma=0.8561371134594954, learning_rate=0.18973208528117577, max_depth=15, n_estimators=74, reg_alpha=0.6052717710886845, reg_lambda=0.9539782603835636, scale_pos_weight=1.6369754750837688, subsample=0.916573219752614;, score=0.653 total time=  32.5s
[CV 5/5] END colsample_bytree=1.0, gamma=5.0, learning_rate=0.11152142452065156, max_depth=3, n_estimators=600, reg_alpha=0.058302665689890516, reg_lambda=0.0, scale_pos_weight=1.0, subsample=1.0;, score=0.687 total time=  17.0s
[CV 5/5] END colsample_bytree=0.5884310773285962, gamma=3.956273745095808, learning_rate=0.09433400294057596, max_depth=3, n_estimators=358, reg_alpha=0.9518132814942697, reg_lambda=0.3809750135114901, scale_pos_weight=9.06134743219249, subsample=0.507592106358912;, score=0.688 total time=  15.0s
[CV 3/5] END colsample_bytree=0.5, gamma=0.0, learning_rate=0.03949574296202537, max_depth=6, n_estimators=600, reg_alpha=1.0, reg_lambda=0.49789058684462284, scale_pos_weight=1.0, subsample=0.8279411452331398;, score=0.684 total time=  32.2s
[CV 2/5] END colsample_bytree=0.8815954072376182, gamma=3.7331901417873237, learning_rate=0.17645747985650953, max_depth=8, n_estimators=57, reg_alpha=0.49190136880777, reg_lambda=0.3598663461619562, scale_pos_weight=1.1357037324275359, subsample=0.9990469806567073;, score=0.678 total time=   7.0s
[CV 3/5] END colsample_bytree=0.5, gamma=5.0, learning_rate=0.01, max_depth=12, n_estimators=600, reg_alpha=1.0, reg_lambda=0.7306684235025069, scale_pos_weight=1.0, subsample=1.0;, score=0.684 total time= 1.4min
[CV 3/5] END colsample_bytree=0.6125578845249876, gamma=4.318470813595151, learning_rate=0.022643453678911324, max_depth=15, n_estimators=64, reg_alpha=0.5875564112701809, reg_lambda=0.6412769205955247, scale_pos_weight=1.260389931854488, subsample=0.5744760440323162;, score=0.671 total time=  25.6s
[CV 1/5] END colsample_bytree=0.5, gamma=5.0, learning_rate=0.02124469867822979, max_depth=7, n_estimators=600, reg_alpha=1.0, reg_lambda=1.0, scale_pos_weight=1.0, subsample=0.5976923957028866;, score=0.690 total time=  39.5s
[CV 2/5] END colsample_bytree=0.7892698277388533, gamma=4.622153006138772, learning_rate=0.15512192325078686, max_depth=15, n_estimators=584, reg_alpha=0.2302665761212776, reg_lambda=0.6527473823741613, scale_pos_weight=1.7020482739374012, subsample=0.990220494756256;, score=0.662 total time=  28.1s
[CV 4/5] END colsample_bytree=0.866859135356947, gamma=4.199298828596511, learning_rate=0.10800252510388458, max_depth=15, n_estimators=52, reg_alpha=0.37934319110141823, reg_lambda=0.552227188468888, scale_pos_weight=1.0543244402496832, subsample=0.9839390044824438;, score=0.671 total time=  18.4s
[CV 3/5] END colsample_bytree=0.8608289547597171, gamma=0.5347748766297185, learning_rate=0.25311228275035025, max_depth=5, n_estimators=594, reg_alpha=0.512900765831494, reg_lambda=0.5738239263774132, scale_pos_weight=2.5061777356442665, subsample=0.9993942220105829;, score=0.662 total time=  25.1s
[CV 3/5] END colsample_bytree=0.7205643409385794, gamma=3.964654992550867, learning_rate=0.1584604511572586, max_depth=5, n_estimators=165, reg_alpha=0.8239706394364096, reg_lambda=0.28114632124680167, scale_pos_weight=1.430509470993718, subsample=0.9625847678795718;, score=0.682 total time=   9.4s
[CV 1/5] END colsample_bytree=0.5, gamma=2.0086707376052724, learning_rate=0.024920716129340235, max_depth=7, n_estimators=375, reg_alpha=1.0, reg_lambda=0.8899917008869201, scale_pos_weight=4.053949800005075, subsample=0.8071371897586459;, score=0.689 total time=  26.6s
[CV 5/5] END colsample_bytree=0.5, gamma=5.0, learning_rate=0.0369862762826837, max_depth=5, n_estimators=521, reg_alpha=1.0, reg_lambda=1.0, scale_pos_weight=6.839471921526831, subsample=0.9023912591228385;, score=0.691 total time=  25.4s
[CV 3/5] END colsample_bytree=0.5, gamma=1.374372646139703, learning_rate=0.024189876915652147, max_depth=7, n_estimators=600, reg_alpha=1.0, reg_lambda=1.0, scale_pos_weight=1.0, subsample=0.7386057324088116;, score=0.684 total time=  40.4s
[CV 3/5] END colsample_bytree=0.5, gamma=4.239669230586858, learning_rate=0.01, max_depth=11, n_estimators=600, reg_alpha=1.0, reg_lambda=1.0, scale_pos_weight=1.0, subsample=0.7949380341210157;, score=0.684 total time= 1.3min
[CV 2/5] END colsample_bytree=0.5, gamma=5.0, learning_rate=0.02218425019003871, max_depth=7, n_estimators=509, reg_alpha=1.0, reg_lambda=0.6701497608970879, scale_pos_weight=1.0, subsample=0.8157914552517294;, score=0.687 total time=  34.2s
[CV 4/5] END colsample_bytree=0.9867938425499357, gamma=3.985711548718622, learning_rate=0.18092923797248606, max_depth=3, n_estimators=597, reg_alpha=0.8082437895641964, reg_lambda=0.3824637770899221, scale_pos_weight=6.004478490713605, subsample=0.5876751941539731;, score=0.682 total time=  21.8s
[CV 3/5] END colsample_bytree=0.65375398671407, gamma=1.6595341047884895, learning_rate=0.27374060822894797, max_depth=3, n_estimators=373, reg_alpha=0.9309090091390603, reg_lambda=0.5854690233177103, scale_pos_weight=1.3469590063337766, subsample=0.9748096395617034;, score=0.681 total time=  13.8s
[CV 3/5] END colsample_bytree=0.5, gamma=5.0, learning_rate=0.02056588692511421, max_depth=7, n_estimators=528, reg_alpha=1.0, reg_lambda=0.8334522140288775, scale_pos_weight=1.0, subsample=0.7490446646786061;, score=0.685 total time=  35.6s
[CV 2/5] END colsample_bytree=0.5, gamma=1.0196969910259175, learning_rate=0.021045366875234665, max_depth=7, n_estimators=518, reg_alpha=1.0, reg_lambda=1.0, scale_pos_weight=1.0, subsample=0.7785550521917212;, score=0.687 total time=  35.7s
[CV 1/5] END colsample_bytree=0.5081014341378599, gamma=5.0, learning_rate=0.02282192262135815, max_depth=8, n_estimators=521, reg_alpha=1.0, reg_lambda=1.0, scale_pos_weight=1.1041165310354097, subsample=0.8200272226674528;, score=0.690 total time=  39.3s
[CV 3/5] END colsample_bytree=0.5172568012127055, gamma=5.0, learning_rate=0.020500801806691636, max_depth=8, n_estimators=560, reg_alpha=1.0, reg_lambda=0.29467747579636616, scale_pos_weight=1.0, subsample=0.8323623183029079;, score=0.685 total time=  40.4s
[CV 5/5] END colsample_bytree=0.6616972926602381, gamma=3.229729592658486, learning_rate=0.030872348176868132, max_depth=15, n_estimators=55, reg_alpha=0.09378381425676743, reg_lambda=0.12246424956259341, scale_pos_weight=9.620374657790638, subsample=0.8090483518805256;, score=0.670 total time=  33.5s
[CV 3/5] END colsample_bytree=1.0, gamma=5.0, learning_rate=0.05398608613666459, max_depth=4, n_estimators=600, reg_alpha=0.6448669564074435, reg_lambda=1.0, scale_pos_weight=5.876507874039996, subsample=1.0;, score=0.682 total time=  23.5s
[CV 1/5] END colsample_bytree=1.0, gamma=0.47402151289088584, learning_rate=0.036937398112080085, max_depth=6, n_estimators=412, reg_alpha=1.0, reg_lambda=0.0, scale_pos_weight=1.0, subsample=0.5;, score=0.687 total time=  24.9s
[CV 5/5] END colsample_bytree=0.5590334860799085, gamma=2.0975857728425824, learning_rate=0.22647687991832696, max_depth=3, n_estimators=535, reg_alpha=0.046972823727298066, reg_lambda=0.4623235130796085, scale_pos_weight=1.591233880703379, subsample=0.5337182326460659;, score=0.682 total time=  19.7s
[CV 4/5] END colsample_bytree=0.643456397233197, gamma=0.44746148919215856, learning_rate=0.042757507392686016, max_depth=5, n_estimators=600, reg_alpha=1.0, reg_lambda=0.0, scale_pos_weight=8.237545097608125, subsample=0.7050245680417263;, score=0.688 total time=  28.6s
[CV 3/5] END colsample_bytree=0.5, gamma=4.502891055954389, learning_rate=0.01, max_depth=10, n_estimators=600, reg_alpha=1.0, reg_lambda=1.0, scale_pos_weight=1.0, subsample=0.5;, score=0.684 total time= 1.1min
[CV 3/5] END colsample_bytree=0.5498882085434738, gamma=5.0, learning_rate=0.04952306415736234, max_depth=6, n_estimators=353, reg_alpha=1.0, reg_lambda=1.0, scale_pos_weight=4.846245662157891, subsample=0.7650434389639775;, score=0.682 total time=  20.8s
[CV 1/5] END colsample_bytree=0.9392345347986221, gamma=3.475685422789752, learning_rate=0.1811188351109418, max_depth=3, n_estimators=424, reg_alpha=1.0, reg_lambda=0.016339972867413233, scale_pos_weight=1.0, subsample=1.0;, score=0.685 total time=  13.2s
[CV 2/5] END colsample_bytree=0.8628708396430886, gamma=4.925052768494098, learning_rate=0.021521566257745515, max_depth=13, n_estimators=585, reg_alpha=0.5925685852938442, reg_lambda=0.8491569570917004, scale_pos_weight=1.5734683604268118, subsample=0.993482383081822;, score=0.682 total time= 1.3min
[CV 2/5] END colsample_bytree=0.5, gamma=1.5058571492770394, learning_rate=0.03103975941791933, max_depth=6, n_estimators=600, reg_alpha=1.0, reg_lambda=1.0, scale_pos_weight=1.0, subsample=0.741537993667173;, score=0.687 total time=  34.2s
[CV 3/5] END colsample_bytree=0.8030528889555234, gamma=1.6962053480715786, learning_rate=0.2948495261392528, max_depth=11, n_estimators=95, reg_alpha=0.9163462307510882, reg_lambda=0.01834807849770082, scale_pos_weight=1.7906213382163045, subsample=0.9905911875460491;, score=0.643 total time=  14.4s
[CV 1/5] END colsample_bytree=0.8567871800400322, gamma=0.0, learning_rate=0.06836513342503678, max_depth=3, n_estimators=427, reg_alpha=1.0, reg_lambda=1.0, scale_pos_weight=10.0, subsample=1.0;, score=0.686 total time=  16.6s
[CV 4/5] END colsample_bytree=0.5307823673389264, gamma=5.0, learning_rate=0.02284511255118858, max_depth=7, n_estimators=539, reg_alpha=1.0, reg_lambda=1.0, scale_pos_weight=1.0, subsample=0.6958484544907348;, score=0.690 total time=  35.8s
[CV 3/5] END colsample_bytree=0.7201840077877019, gamma=4.594757428324505, learning_rate=0.04326305521551854, max_depth=15, n_estimators=377, reg_alpha=0.14887989636614177, reg_lambda=0.4695388312377018, scale_pos_weight=1.0217898686072442, subsample=0.9774881699198419;, score=0.675 total time=  40.0s
[CV 5/5] END colsample_bytree=0.5, gamma=5.0, learning_rate=0.021984852184891573, max_depth=7, n_estimators=600, reg_alpha=1.0, reg_lambda=0.7163240997549738, scale_pos_weight=1.0, subsample=0.7292084155247218;, score=0.692 total time=  38.3s
[CV 3/5] END colsample_bytree=0.842209396364974, gamma=2.807354585644929, learning_rate=0.14271086575897254, max_depth=9, n_estimators=325, reg_alpha=0.8345015107555586, reg_lambda=0.5622585057608217, scale_pos_weight=1.095046263716131, subsample=0.9662758917391439;, score=0.672 total time=  16.9s
[CV 2/5] END colsample_bytree=0.941312496653196, gamma=5.0, learning_rate=0.022215534458184624, max_depth=8, n_estimators=456, reg_alpha=1.0, reg_lambda=1.0, scale_pos_weight=1.0, subsample=0.7397309814361468;, score=0.687 total time=  37.8s
[CV 4/5] END colsample_bytree=0.908323457739031, gamma=5.0, learning_rate=0.02130794301891601, max_depth=7, n_estimators=600, reg_alpha=0.9893615389689467, reg_lambda=1.0, scale_pos_weight=1.0, subsample=0.6882895212617376;, score=0.690 total time=  40.7s
[CV 3/5] END colsample_bytree=0.5, gamma=5.0, learning_rate=0.02361295861590619, max_depth=7, n_estimators=600, reg_alpha=1.0, reg_lambda=0.8023344684901698, scale_pos_weight=1.0, subsample=0.6702218454790367;, score=0.684 total time=  37.4s
[CV 5/5] END colsample_bytree=0.5, gamma=5.0, learning_rate=0.02029247125747996, max_depth=8, n_estimators=523, reg_alpha=1.0, reg_lambda=1.0, scale_pos_weight=1.0, subsample=0.7927198680433546;, score=0.692 total time=  38.3s
[CV 5/5] END colsample_bytree=0.5, gamma=5.0, learning_rate=0.023486865275603272, max_depth=7, n_estimators=490, reg_alpha=1.0, reg_lambda=0.5570016055668544, scale_pos_weight=1.0, subsample=0.8664085780898524;, score=0.692 total time=  31.9s
[CV 5/5] END colsample_bytree=0.5, gamma=2.14846349404376, learning_rate=0.02377179718471455, max_depth=7, n_estimators=468, reg_alpha=1.0, reg_lambda=1.0, scale_pos_weight=1.0, subsample=0.9538759085080019;, score=0.691 total time=  32.3s
[CV 4/5] END colsample_bytree=0.9667250896712352, gamma=1.7135329768757992, learning_rate=0.19752986105108558, max_depth=3, n_estimators=81, reg_alpha=0.6830272557676595, reg_lambda=0.3156340423577379, scale_pos_weight=2.0052385912089203, subsample=0.5679161555115346;, score=0.683 total time=   5.7s
[CV 4/5] END colsample_bytree=0.5, gamma=5.0, learning_rate=0.02109615904193636, max_depth=7, n_estimators=533, reg_alpha=1.0, reg_lambda=1.0, scale_pos_weight=1.0, subsample=0.8117796214860373;, score=0.690 total time=  35.1s
[CV 1/5] END colsample_bytree=0.5, gamma=5.0, learning_rate=0.025179401587726066, max_depth=8, n_estimators=441, reg_alpha=1.0, reg_lambda=1.0, scale_pos_weight=1.0, subsample=0.9690928342134989;, score=0.689 total time=  31.6s
[CV 4/5] END colsample_bytree=0.5, gamma=2.758099101761555, learning_rate=0.020845884366460246, max_depth=7, n_estimators=520, reg_alpha=1.0, reg_lambda=1.0, scale_pos_weight=1.0, subsample=0.7928477994520547;, score=0.689 total time=  36.2s
[CV 3/5] END colsample_bytree=0.5, gamma=5.0, learning_rate=0.021533777613086242, max_depth=8, n_estimators=542, reg_alpha=1.0, reg_lambda=0.2762065326121309, scale_pos_weight=1.0, subsample=0.7898633187829196;, score=0.685 total time=  38.5s
[CV 5/5] END colsample_bytree=0.5172568012127055, gamma=5.0, learning_rate=0.020500801806691636, max_depth=8, n_estimators=560, reg_alpha=1.0, reg_lambda=0.29467747579636616, scale_pos_weight=1.0, subsample=0.8323623183029079;, score=0.692 total time=  40.5s
[CV 4/5] END colsample_bytree=0.5861053453405902, gamma=2.288647332681438, learning_rate=0.10125342026992666, max_depth=5, n_estimators=276, reg_alpha=0.8116420460131888, reg_lambda=0.014604883489965251, scale_pos_weight=1.1945054153693373, subsample=0.5104647862172301;, score=0.683 total time=  15.0s
[CV 4/5] END colsample_bytree=1.0, gamma=5.0, learning_rate=0.1183578083520879, max_depth=3, n_estimators=300, reg_alpha=1.0, reg_lambda=1.0, scale_pos_weight=1.0, subsample=1.0;, score=0.686 total time=  11.5s
[CV 1/5] END colsample_bytree=0.9501093027273526, gamma=5.0, learning_rate=0.01, max_depth=9, n_estimators=600, reg_alpha=0.44605362585775493, reg_lambda=1.0, scale_pos_weight=1.0, subsample=1.0;, score=0.688 total time= 1.0min
[CV 5/5] END colsample_bytree=0.8432088379117817, gamma=2.998015416808077, learning_rate=0.2990717168068073, max_depth=5, n_estimators=330, reg_alpha=0.09433641826548858, reg_lambda=0.8723900458433111, scale_pos_weight=1.2855245914434235, subsample=0.9884883743082308;, score=0.680 total time=  11.8s
[CV 3/5] END colsample_bytree=1.0, gamma=1.4842575287571471, learning_rate=0.04873117672494348, max_depth=5, n_estimators=600, reg_alpha=1.0, reg_lambda=0.0, scale_pos_weight=1.0, subsample=0.7874997741855831;, score=0.684 total time=  28.3s
[CV 1/5] END colsample_bytree=1.0, gamma=0.0, learning_rate=0.01, max_depth=11, n_estimators=484, reg_alpha=0.9003376143887243, reg_lambda=0.0, scale_pos_weight=1.0, subsample=0.5;, score=0.687 total time= 1.4min
[CV 5/5] END colsample_bytree=0.5498882085434738, gamma=5.0, learning_rate=0.04952306415736234, max_depth=6, n_estimators=353, reg_alpha=1.0, reg_lambda=1.0, scale_pos_weight=4.846245662157891, subsample=0.7650434389639775;, score=0.690 total time=  20.5s
[CV 5/5] END colsample_bytree=0.5287928892135739, gamma=0.0, learning_rate=0.03846639161833951, max_depth=5, n_estimators=518, reg_alpha=1.0, reg_lambda=0.0, scale_pos_weight=3.4118573288219887, subsample=0.8094492183937319;, score=0.691 total time=  25.6s
[CV 3/5] END colsample_bytree=0.5, gamma=5.0, learning_rate=0.03878308479318517, max_depth=6, n_estimators=534, reg_alpha=0.0, reg_lambda=0.0, scale_pos_weight=1.0, subsample=0.7696733682964835;, score=0.684 total time=  27.0s
[CV 1/5] END colsample_bytree=1.0, gamma=0.0, learning_rate=0.03576570904149307, max_depth=6, n_estimators=498, reg_alpha=1.0, reg_lambda=0.4542515393837499, scale_pos_weight=1.0, subsample=0.8245943562794529;, score=0.689 total time=  28.6s
[CV 5/5] END colsample_bytree=0.5408085070096298, gamma=2.7586707737457115, learning_rate=0.29865249234129854, max_depth=4, n_estimators=246, reg_alpha=0.8108706676160262, reg_lambda=0.15227227602857, scale_pos_weight=9.937193879983532, subsample=0.9575911103041765;, score=0.681 total time=  11.0s
[CV 2/5] END colsample_bytree=1.0, gamma=5.0, learning_rate=0.03549721192514799, max_depth=6, n_estimators=559, reg_alpha=1.0, reg_lambda=1.0, scale_pos_weight=1.0, subsample=0.7327742321725259;, score=0.687 total time=  31.4s
[CV 3/5] END colsample_bytree=0.6526467034803547, gamma=5.0, learning_rate=0.024026998174418376, max_depth=7, n_estimators=496, reg_alpha=1.0, reg_lambda=1.0, scale_pos_weight=1.0, subsample=0.7185043932622879;, score=0.685 total time=  33.0s
[CV 1/5] END colsample_bytree=0.5, gamma=4.0926153438347574, learning_rate=0.07598186833763665, max_depth=3, n_estimators=600, reg_alpha=1.0, reg_lambda=1.0, scale_pos_weight=5.251231867562786, subsample=0.7142662594824825;, score=0.687 total time=  21.9s
[CV 2/5] END colsample_bytree=0.8313012024403177, gamma=0.4361086359618355, learning_rate=0.29977954035188303, max_depth=6, n_estimators=56, reg_alpha=0.25890458547571676, reg_lambda=0.8202776165443734, scale_pos_weight=1.4799633013757747, subsample=0.9537306171029586;, score=0.677 total time=   5.6s
[CV 2/5] END colsample_bytree=0.5194723414047057, gamma=5.0, learning_rate=0.021554325907233773, max_depth=7, n_estimators=600, reg_alpha=1.0, reg_lambda=1.0, scale_pos_weight=1.0, subsample=0.7301594634907302;, score=0.688 total time=  42.0s
[CV 4/5] END colsample_bytree=0.5245602689697538, gamma=5.0, learning_rate=0.028581617984048215, max_depth=8, n_estimators=327, reg_alpha=1.0, reg_lambda=1.0, scale_pos_weight=1.0, subsample=0.8584643096743538;, score=0.689 total time=  26.3s
[CV 2/5] END colsample_bytree=0.620793817858354, gamma=4.388872400811004, learning_rate=0.20798000609007017, max_depth=15, n_estimators=589, reg_alpha=0.7324428787608308, reg_lambda=0.3858584691248623, scale_pos_weight=1.5414684352216113, subsample=0.9699718898910483;, score=0.652 total time=  24.4s
[CV 1/5] END colsample_bytree=0.5, gamma=5.0, learning_rate=0.023237234542055042, max_depth=7, n_estimators=600, reg_alpha=1.0, reg_lambda=0.6140944428937168, scale_pos_weight=1.0, subsample=0.7220563273646629;, score=0.690 total time=  38.6s
[CV 3/5] END colsample_bytree=0.5, gamma=5.0, learning_rate=0.02029247125747996, max_depth=8, n_estimators=523, reg_alpha=1.0, reg_lambda=1.0, scale_pos_weight=1.0, subsample=0.7927198680433546;, score=0.685 total time=  39.3s
[CV 4/5] END colsample_bytree=0.5085234916446445, gamma=2.9953880229755643, learning_rate=0.023368126886416755, max_depth=8, n_estimators=460, reg_alpha=1.0, reg_lambda=0.8583851837662115, scale_pos_weight=1.0, subsample=0.9213720367341587;, score=0.689 total time=  36.4s
[CV 2/5] END colsample_bytree=0.6047777517135251, gamma=4.480776993434683, learning_rate=0.15764640918575157, max_depth=8, n_estimators=55, reg_alpha=0.8263173649425674, reg_lambda=0.9271528340785251, scale_pos_weight=9.478804996148941, subsample=0.9722567232624212;, score=0.676 total time=   7.1s
[CV 4/5] END colsample_bytree=0.5, gamma=3.700853612990331, learning_rate=0.02100262218815767, max_depth=7, n_estimators=530, reg_alpha=1.0, reg_lambda=1.0, scale_pos_weight=1.0, subsample=0.7968698129017382;, score=0.690 total time=  36.5s
[CV 3/5] END colsample_bytree=0.5312834450451076, gamma=5.0, learning_rate=0.0247829927626569, max_depth=7, n_estimators=515, reg_alpha=1.0, reg_lambda=0.975828215154544, scale_pos_weight=1.0, subsample=0.8481330292232276;, score=0.685 total time=  31.9s
[CV 5/5] END colsample_bytree=0.9800824642698842, gamma=3.5230154738981008, learning_rate=0.05811154236195725, max_depth=11, n_estimators=250, reg_alpha=0.32029932913561937, reg_lambda=0.8758497855627256, scale_pos_weight=1.0994322715614608, subsample=0.999162285216715;, score=0.684 total time=  24.8s
[CV 4/5] END colsample_bytree=0.5, gamma=5.0, learning_rate=0.019291562357315294, max_depth=8, n_estimators=595, reg_alpha=1.0, reg_lambda=1.0, scale_pos_weight=1.0, subsample=0.744855304749549;, score=0.690 total time=  44.5s
[CV 4/5] END colsample_bytree=0.5, gamma=4.78791597383973, learning_rate=0.02123709204929635, max_depth=8, n_estimators=561, reg_alpha=1.0, reg_lambda=1.0, scale_pos_weight=1.0, subsample=0.7238961397688605;, score=0.690 total time=  41.4s
[CV 3/5] END colsample_bytree=0.8864372123682023, gamma=0.5832405245801482, learning_rate=0.013319176493924232, max_depth=15, n_estimators=588, reg_alpha=0.9182786378584425, reg_lambda=0.535127954048555, scale_pos_weight=9.23118445272925, subsample=0.7111018750908504;, score=0.651 total time= 4.5min
[CV 3/5] END colsample_bytree=0.5983348171862279, gamma=2.599043792046351, learning_rate=0.01, max_depth=7, n_estimators=600, reg_alpha=1.0, reg_lambda=0.27908240393950884, scale_pos_weight=8.22629764672864, subsample=0.5;, score=0.681 total time=  51.7s
[CV 3/5] END colsample_bytree=0.8521988988477819, gamma=4.616363744675555, learning_rate=0.11556855209956547, max_depth=7, n_estimators=207, reg_alpha=0.26893015025781947, reg_lambda=0.9889220572707549, scale_pos_weight=1.056360025040639, subsample=0.961621423894991;, score=0.680 total time=  12.2s
[CV 4/5] END colsample_bytree=0.678179522139714, gamma=0.0, learning_rate=0.09856386891086477, max_depth=5, n_estimators=190, reg_alpha=1.0, reg_lambda=0.5889110238576457, scale_pos_weight=1.0, subsample=1.0;, score=0.687 total time=  10.7s
[CV 2/5] END colsample_bytree=0.6076374325755216, gamma=2.5841319492239583, learning_rate=0.29048509295382896, max_depth=6, n_estimators=50, reg_alpha=0.45474577398856464, reg_lambda=0.7071239910920258, scale_pos_weight=8.79221483894404, subsample=0.9859774302321153;, score=0.676 total time=   5.2s
[CV 2/5] END colsample_bytree=0.5788126681447514, gamma=4.149925145775637, learning_rate=0.09438538065571071, max_depth=11, n_estimators=63, reg_alpha=0.9373188814705946, reg_lambda=0.5554371783117286, scale_pos_weight=1.1270485010254856, subsample=0.9838535212057752;, score=0.678 total time=  11.5s
[CV 5/5] END colsample_bytree=0.7760659401149603, gamma=0.0, learning_rate=0.06736589922366819, max_depth=7, n_estimators=224, reg_alpha=1.0, reg_lambda=0.0, scale_pos_weight=1.0, subsample=1.0;, score=0.689 total time=  15.9s
[CV 4/5] END colsample_bytree=1.0, gamma=0.0, learning_rate=0.01, max_depth=6, n_estimators=600, reg_alpha=0.4824580554059964, reg_lambda=0.0, scale_pos_weight=1.0, subsample=0.5;, score=0.687 total time=  40.4s
[CV 4/5] END colsample_bytree=0.8680272259835786, gamma=2.618534095181748, learning_rate=0.01, max_depth=7, n_estimators=600, reg_alpha=1.0, reg_lambda=0.09360050262340544, scale_pos_weight=10.0, subsample=1.0;, score=0.687 total time=  45.9s
[CV 4/5] END colsample_bytree=0.7235672113129498, gamma=0.0, learning_rate=0.03769350706670016, max_depth=6, n_estimators=511, reg_alpha=1.0, reg_lambda=1.0, scale_pos_weight=2.974537172026368, subsample=0.7785604039212844;, score=0.690 total time=  29.0s
[CV 2/5] END colsample_bytree=0.5287928892135739, gamma=0.0, learning_rate=0.03846639161833951, max_depth=5, n_estimators=518, reg_alpha=1.0, reg_lambda=0.0, scale_pos_weight=3.4118573288219887, subsample=0.8094492183937319;, score=0.687 total time=  25.3s
[CV 5/5] END colsample_bytree=0.540342961447624, gamma=1.248254015805992, learning_rate=0.06401168123820596, max_depth=9, n_estimators=589, reg_alpha=0.617560303190598, reg_lambda=0.5621279602103079, scale_pos_weight=1.5269545201786143, subsample=0.8751707166166196;, score=0.677 total time=  50.3s
[CV 4/5] END colsample_bytree=0.7606821713619214, gamma=0.6055015662823117, learning_rate=0.09298766639732195, max_depth=12, n_estimators=81, reg_alpha=0.18291793042899754, reg_lambda=0.6185285942018434, scale_pos_weight=9.668918540050095, subsample=0.594740945117871;, score=0.655 total time=  18.4s
[CV 4/5] END colsample_bytree=0.5408085070096298, gamma=2.7586707737457115, learning_rate=0.29865249234129854, max_depth=4, n_estimators=246, reg_alpha=0.8108706676160262, reg_lambda=0.15227227602857, scale_pos_weight=9.937193879983532, subsample=0.9575911103041765;, score=0.678 total time=  11.3s
[CV 4/5] END colsample_bytree=1.0, gamma=5.0, learning_rate=0.03549721192514799, max_depth=6, n_estimators=559, reg_alpha=1.0, reg_lambda=1.0, scale_pos_weight=1.0, subsample=0.7327742321725259;, score=0.689 total time=  31.7s
[CV 4/5] END colsample_bytree=0.6526467034803547, gamma=5.0, learning_rate=0.024026998174418376, max_depth=7, n_estimators=496, reg_alpha=1.0, reg_lambda=1.0, scale_pos_weight=1.0, subsample=0.7185043932622879;, score=0.690 total time=  34.1s
[CV 3/5] END colsample_bytree=0.5, gamma=4.0926153438347574, learning_rate=0.07598186833763665, max_depth=3, n_estimators=600, reg_alpha=1.0, reg_lambda=1.0, scale_pos_weight=5.251231867562786, subsample=0.7142662594824825;, score=0.683 total time=  21.7s
[CV 1/5] END colsample_bytree=0.8313012024403177, gamma=0.4361086359618355, learning_rate=0.29977954035188303, max_depth=6, n_estimators=56, reg_alpha=0.25890458547571676, reg_lambda=0.8202776165443734, scale_pos_weight=1.4799633013757747, subsample=0.9537306171029586;, score=0.679 total time=   5.4s
[CV 5/5] END colsample_bytree=0.8178798998260169, gamma=5.0, learning_rate=0.0258798084557839, max_depth=7, n_estimators=533, reg_alpha=1.0, reg_lambda=0.0002010545888841862, scale_pos_weight=1.0, subsample=0.7672739084913661;, score=0.691 total time=  34.2s
[CV 1/5] END colsample_bytree=0.5423552155980201, gamma=5.0, learning_rate=0.16496264435446037, max_depth=3, n_estimators=600, reg_alpha=0.8002847865905249, reg_lambda=1.0, scale_pos_weight=1.0, subsample=1.0;, score=0.685 total time=  16.6s
[CV 3/5] END colsample_bytree=0.5094779502092588, gamma=0.7498646841321412, learning_rate=0.02277722734594289, max_depth=7, n_estimators=600, reg_alpha=1.0, reg_lambda=1.0, scale_pos_weight=1.0, subsample=0.700684471810815;, score=0.685 total time=  39.4s
[CV 5/5] END colsample_bytree=0.5, gamma=5.0, learning_rate=0.02489798049169572, max_depth=7, n_estimators=600, reg_alpha=1.0, reg_lambda=0.6938612927212906, scale_pos_weight=1.0, subsample=0.8047104123557144;, score=0.692 total time=  36.9s
[CV 2/5] END colsample_bytree=0.8921422989637227, gamma=5.0, learning_rate=0.02351145821765569, max_depth=7, n_estimators=600, reg_alpha=1.0, reg_lambda=1.0, scale_pos_weight=1.0, subsample=0.7372541521157021;, score=0.687 total time=  38.5s
[CV 1/5] END colsample_bytree=0.9983434156801658, gamma=3.548008473354746, learning_rate=0.0672228957949483, max_depth=4, n_estimators=77, reg_alpha=0.7806806417423658, reg_lambda=0.5197086602938711, scale_pos_weight=2.0360895358852127, subsample=0.5089171079324647;, score=0.679 total time=   6.1s
[CV 1/5] END colsample_bytree=0.5, gamma=2.14846349404376, learning_rate=0.02377179718471455, max_depth=7, n_estimators=468, reg_alpha=1.0, reg_lambda=1.0, scale_pos_weight=1.0, subsample=0.9538759085080019;, score=0.689 total time=  31.8s
[CV 2/5] END colsample_bytree=0.9667250896712352, gamma=1.7135329768757992, learning_rate=0.19752986105108558, max_depth=3, n_estimators=81, reg_alpha=0.6830272557676595, reg_lambda=0.3156340423577379, scale_pos_weight=2.0052385912089203, subsample=0.5679161555115346;, score=0.681 total time=   5.4s
[CV 5/5] END colsample_bytree=0.65375398671407, gamma=1.6595341047884895, learning_rate=0.27374060822894797, max_depth=3, n_estimators=373, reg_alpha=0.9309090091390603, reg_lambda=0.5854690233177103, scale_pos_weight=1.3469590063337766, subsample=0.9748096395617034;, score=0.687 total time=  13.8s
[CV 2/5] END colsample_bytree=0.5, gamma=5.0, learning_rate=0.02056588692511421, max_depth=7, n_estimators=528, reg_alpha=1.0, reg_lambda=0.8334522140288775, scale_pos_weight=1.0, subsample=0.7490446646786061;, score=0.688 total time=  35.7s
[CV 3/5] END colsample_bytree=0.5, gamma=1.0196969910259175, learning_rate=0.021045366875234665, max_depth=7, n_estimators=518, reg_alpha=1.0, reg_lambda=1.0, scale_pos_weight=1.0, subsample=0.7785550521917212;, score=0.685 total time=  35.5s
[CV 5/5] END colsample_bytree=0.9996642745440847, gamma=0.9068220673044526, learning_rate=0.08856340910492612, max_depth=3, n_estimators=56, reg_alpha=0.5378043445365149, reg_lambda=0.20765496475015582, scale_pos_weight=9.87506835792858, subsample=0.9397794629347194;, score=0.677 total time=   4.7s
[CV 5/5] END colsample_bytree=0.9621932856628781, gamma=5.0, learning_rate=0.020649134931145154, max_depth=8, n_estimators=564, reg_alpha=1.0, reg_lambda=1.0, scale_pos_weight=1.0, subsample=0.7593140208743773;, score=0.692 total time=  42.9s
[CV 5/5] END colsample_bytree=0.8864372123682023, gamma=0.5832405245801482, learning_rate=0.013319176493924232, max_depth=15, n_estimators=588, reg_alpha=0.9182786378584425, reg_lambda=0.535127954048555, scale_pos_weight=9.23118445272925, subsample=0.7111018750908504;, score=0.658 total time= 4.5min
[CV 4/5] END colsample_bytree=0.9684951638887911, gamma=4.091626872287399, learning_rate=0.010404611842957165, max_depth=12, n_estimators=278, reg_alpha=0.8836604756789972, reg_lambda=0.15414951507421162, scale_pos_weight=1.4630381845911158, subsample=0.5469399540707952;, score=0.686 total time= 1.1min
[CV 3/5] END colsample_bytree=0.7363504828512701, gamma=4.702479097742339, learning_rate=0.04970707443035448, max_depth=13, n_estimators=52, reg_alpha=0.05085366422578165, reg_lambda=0.0036557134523518284, scale_pos_weight=1.1199891697919364, subsample=0.9740456166420055;, score=0.673 total time=  16.9s
[CV 3/5] END colsample_bytree=0.7760659401149603, gamma=0.0, learning_rate=0.06736589922366819, max_depth=7, n_estimators=224, reg_alpha=1.0, reg_lambda=0.0, scale_pos_weight=1.0, subsample=1.0;, score=0.680 total time=  15.5s
[CV 1/5] END colsample_bytree=1.0, gamma=0.0, learning_rate=0.01, max_depth=6, n_estimators=600, reg_alpha=0.4824580554059964, reg_lambda=0.0, scale_pos_weight=1.0, subsample=0.5;, score=0.686 total time=  39.9s
[CV 3/5] END colsample_bytree=0.8680272259835786, gamma=2.618534095181748, learning_rate=0.01, max_depth=7, n_estimators=600, reg_alpha=1.0, reg_lambda=0.09360050262340544, scale_pos_weight=10.0, subsample=1.0;, score=0.680 total time=  45.4s
[CV 2/5] END colsample_bytree=0.7235672113129498, gamma=0.0, learning_rate=0.03769350706670016, max_depth=6, n_estimators=511, reg_alpha=1.0, reg_lambda=1.0, scale_pos_weight=2.974537172026368, subsample=0.7785604039212844;, score=0.686 total time=  29.2s
[CV 3/5] END colsample_bytree=0.5287928892135739, gamma=0.0, learning_rate=0.03846639161833951, max_depth=5, n_estimators=518, reg_alpha=1.0, reg_lambda=0.0, scale_pos_weight=3.4118573288219887, subsample=0.8094492183937319;, score=0.684 total time=  25.7s
[CV 4/5] END colsample_bytree=0.5, gamma=5.0, learning_rate=0.03878308479318517, max_depth=6, n_estimators=534, reg_alpha=0.0, reg_lambda=0.0, scale_pos_weight=1.0, subsample=0.7696733682964835;, score=0.689 total time=  27.8s
[CV 3/5] END colsample_bytree=1.0, gamma=0.0, learning_rate=0.03576570904149307, max_depth=6, n_estimators=498, reg_alpha=1.0, reg_lambda=0.4542515393837499, scale_pos_weight=1.0, subsample=0.8245943562794529;, score=0.684 total time=  28.9s
[CV 2/5] END colsample_bytree=0.7017686946740362, gamma=5.0, learning_rate=0.01, max_depth=8, n_estimators=519, reg_alpha=1.0, reg_lambda=0.14200588919408277, scale_pos_weight=4.782132019944289, subsample=0.7767531464126787;, score=0.686 total time=  48.3s
[CV 3/5] END colsample_bytree=0.5635384129917501, gamma=4.30320867344925, learning_rate=0.17080747360882675, max_depth=5, n_estimators=598, reg_alpha=0.45003309411260806, reg_lambda=0.8977916894321485, scale_pos_weight=1.151871727422216, subsample=0.9136937655309443;, score=0.680 total time=  19.8s
[CV 4/5] END colsample_bytree=0.5, gamma=5.0, learning_rate=0.023883336835856216, max_depth=7, n_estimators=536, reg_alpha=1.0, reg_lambda=1.0, scale_pos_weight=1.0, subsample=0.6943278310186757;, score=0.690 total time=  35.1s
[CV 2/5] END colsample_bytree=0.5487907161242441, gamma=2.4299927705266393, learning_rate=0.20774207478601936, max_depth=3, n_estimators=271, reg_alpha=0.3809213290914262, reg_lambda=0.03534472589885907, scale_pos_weight=8.735433879443361, subsample=0.5307173939670179;, score=0.680 total time=  11.1s
[CV 5/5] END colsample_bytree=0.8313012024403177, gamma=0.4361086359618355, learning_rate=0.29977954035188303, max_depth=6, n_estimators=56, reg_alpha=0.25890458547571676, reg_lambda=0.8202776165443734, scale_pos_weight=1.4799633013757747, subsample=0.9537306171029586;, score=0.683 total time=   5.7s
[CV 4/5] END colsample_bytree=0.5194723414047057, gamma=5.0, learning_rate=0.021554325907233773, max_depth=7, n_estimators=600, reg_alpha=1.0, reg_lambda=1.0, scale_pos_weight=1.0, subsample=0.7301594634907302;, score=0.690 total time=  41.4s
[CV 3/5] END colsample_bytree=0.5245602689697538, gamma=5.0, learning_rate=0.028581617984048215, max_depth=8, n_estimators=327, reg_alpha=1.0, reg_lambda=1.0, scale_pos_weight=1.0, subsample=0.8584643096743538;, score=0.684 total time=  26.7s
[CV 3/5] END colsample_bytree=0.620793817858354, gamma=4.388872400811004, learning_rate=0.20798000609007017, max_depth=15, n_estimators=589, reg_alpha=0.7324428787608308, reg_lambda=0.3858584691248623, scale_pos_weight=1.5414684352216113, subsample=0.9699718898910483;, score=0.655 total time=  24.7s
[CV 2/5] END colsample_bytree=0.5, gamma=5.0, learning_rate=0.023237234542055042, max_depth=7, n_estimators=600, reg_alpha=1.0, reg_lambda=0.6140944428937168, scale_pos_weight=1.0, subsample=0.7220563273646629;, score=0.687 total time=  37.4s
[CV 5/5] END colsample_bytree=0.5, gamma=5.0, learning_rate=0.020094448342793437, max_depth=7, n_estimators=515, reg_alpha=1.0, reg_lambda=1.0, scale_pos_weight=1.0, subsample=0.7248449899586076;, score=0.692 total time=  34.9s
[CV 2/5] END colsample_bytree=0.5, gamma=5.0, learning_rate=0.023486865275603272, max_depth=7, n_estimators=490, reg_alpha=1.0, reg_lambda=0.5570016055668544, scale_pos_weight=1.0, subsample=0.8664085780898524;, score=0.688 total time=  33.5s
[CV 4/5] END colsample_bytree=0.5269128050365464, gamma=4.94193239364443, learning_rate=0.026620064981908394, max_depth=7, n_estimators=487, reg_alpha=1.0, reg_lambda=1.0, scale_pos_weight=1.0, subsample=0.8599101150260361;, score=0.690 total time=  31.0s
[CV 4/5] END colsample_bytree=0.9950790646825194, gamma=0.7714150086049594, learning_rate=0.020343723052079495, max_depth=8, n_estimators=139, reg_alpha=0.20715132464133673, reg_lambda=0.9406834989860715, scale_pos_weight=9.968901549132118, subsample=0.9975252290463107;, score=0.685 total time=  16.5s
[CV 1/5] END colsample_bytree=0.5, gamma=4.055633970720059, learning_rate=0.02237601431386657, max_depth=7, n_estimators=479, reg_alpha=1.0, reg_lambda=1.0, scale_pos_weight=1.0, subsample=0.7917236700142443;, score=0.690 total time=  32.5s
[CV 1/5] END colsample_bytree=0.9800824642698842, gamma=3.5230154738981008, learning_rate=0.05811154236195725, max_depth=11, n_estimators=250, reg_alpha=0.32029932913561937, reg_lambda=0.8758497855627256, scale_pos_weight=1.0994322715614608, subsample=0.999162285216715;, score=0.683 total time=  24.5s
[CV 1/5] END colsample_bytree=0.5, gamma=5.0, learning_rate=0.019291562357315294, max_depth=8, n_estimators=595, reg_alpha=1.0, reg_lambda=1.0, scale_pos_weight=1.0, subsample=0.744855304749549;, score=0.690 total time=  43.4s
[CV 1/5] END colsample_bytree=0.5, gamma=4.78791597383973, learning_rate=0.02123709204929635, max_depth=8, n_estimators=561, reg_alpha=1.0, reg_lambda=1.0, scale_pos_weight=1.0, subsample=0.7238961397688605;, score=0.689 total time=  41.0s
[CV 2/5] END colsample_bytree=0.8864372123682023, gamma=0.5832405245801482, learning_rate=0.013319176493924232, max_depth=15, n_estimators=588, reg_alpha=0.9182786378584425, reg_lambda=0.535127954048555, scale_pos_weight=9.23118445272925, subsample=0.7111018750908504;, score=0.656 total time= 4.5min
[CV 1/5] END colsample_bytree=0.5686291835954265, gamma=2.4718821602155816, learning_rate=0.09456183823044179, max_depth=8, n_estimators=73, reg_alpha=0.8694978134979403, reg_lambda=0.1654927052876263, scale_pos_weight=9.782601042779005, subsample=0.8012511697986207;, score=0.683 total time=  38.5s
[CV 4/5] END colsample_bytree=0.5, gamma=3.523813173788425, learning_rate=0.01, max_depth=8, n_estimators=600, reg_alpha=0.19187762910170963, reg_lambda=0.0, scale_pos_weight=1.0, subsample=0.7630614204642167;, score=0.688 total time= 1.2min
[CV 3/5] END colsample_bytree=0.7864223168914963, gamma=5.0, learning_rate=0.01, max_depth=9, n_estimators=494, reg_alpha=0.9831411113172739, reg_lambda=0.0, scale_pos_weight=1.0, subsample=1.0;, score=0.683 total time= 1.1min
[CV 5/5] END colsample_bytree=0.5462642978720665, gamma=2.1638488061578665, learning_rate=0.04004263974136054, max_depth=5, n_estimators=590, reg_alpha=0.6204781114240714, reg_lambda=0.6116905042901314, scale_pos_weight=1.1448164506950016, subsample=0.5202725796333513;, score=0.690 total time=  29.0s
[CV 3/5] END colsample_bytree=0.8656939096595792, gamma=1.7179949728281163, learning_rate=0.01, max_depth=8, n_estimators=400, reg_alpha=1.0, reg_lambda=0.06396956119918615, scale_pos_weight=10.0, subsample=0.5;, score=0.680 total time=  38.2s
[CV 2/5] END colsample_bytree=0.6207269714787875, gamma=4.432737133781999, learning_rate=0.29591159190035193, max_depth=3, n_estimators=221, reg_alpha=0.7592993595389681, reg_lambda=0.9765655000187199, scale_pos_weight=2.4446726480150787, subsample=0.5139360386252497;, score=0.678 total time=   9.9s
[CV 1/5] END colsample_bytree=1.0, gamma=0.0, learning_rate=0.06921896482845093, max_depth=3, n_estimators=600, reg_alpha=1.0, reg_lambda=0.18245067406834908, scale_pos_weight=1.0, subsample=0.5;, score=0.687 total time=  22.5s
[CV 1/5] END colsample_bytree=0.8685082010060508, gamma=3.9595352570233135, learning_rate=0.23473625708032234, max_depth=6, n_estimators=57, reg_alpha=0.9051005105718967, reg_lambda=0.38023327708186494, scale_pos_weight=1.046652928696726, subsample=0.9930728704674436;, score=0.684 total time=   5.6s
[CV 5/5] END colsample_bytree=1.0, gamma=5.0, learning_rate=0.03413144827701884, max_depth=6, n_estimators=600, reg_alpha=1.0, reg_lambda=0.0, scale_pos_weight=4.432454653932323, subsample=0.7872113381661768;, score=0.691 total time=  34.7s
[CV 4/5] END colsample_bytree=0.9130814542285184, gamma=5.0, learning_rate=0.01, max_depth=11, n_estimators=600, reg_alpha=1.0, reg_lambda=1.0, scale_pos_weight=1.0, subsample=0.5;, score=0.689 total time= 1.4min
[CV 4/5] END colsample_bytree=1.0, gamma=5.0, learning_rate=0.11152142452065156, max_depth=3, n_estimators=600, reg_alpha=0.058302665689890516, reg_lambda=0.0, scale_pos_weight=1.0, subsample=1.0;, score=0.686 total time=  17.7s
[CV 2/5] END colsample_bytree=0.5700799668224491, gamma=0.19868625186739988, learning_rate=0.23822529653248234, max_depth=3, n_estimators=554, reg_alpha=0.773418664040578, reg_lambda=0.8515114674068966, scale_pos_weight=9.72723048429305, subsample=0.9949546347356526;, score=0.680 total time=  18.2s
[CV 1/5] END colsample_bytree=0.5, gamma=3.098828962374887, learning_rate=0.03500020140056003, max_depth=6, n_estimators=522, reg_alpha=1.0, reg_lambda=0.0, scale_pos_weight=1.0, subsample=0.767270410095453;, score=0.690 total time=  29.5s
[CV 3/5] END colsample_bytree=0.5, gamma=0.11515900052219073, learning_rate=0.034160377488432425, max_depth=6, n_estimators=545, reg_alpha=1.0, reg_lambda=0.0, scale_pos_weight=3.2519415221049663, subsample=0.7940241902274103;, score=0.684 total time=  30.1s
[CV 1/5] END colsample_bytree=0.940530216668657, gamma=5.0, learning_rate=0.03281867889913162, max_depth=6, n_estimators=600, reg_alpha=1.0, reg_lambda=0.9365135008099204, scale_pos_weight=1.0, subsample=0.6950585811840896;, score=0.690 total time=  33.1s
[CV 1/5] END colsample_bytree=0.5, gamma=5.0, learning_rate=0.03309056513528459, max_depth=6, n_estimators=600, reg_alpha=1.0, reg_lambda=0.017656797604303134, scale_pos_weight=1.0, subsample=0.7065998347903221;, score=0.689 total time=  32.3s
[CV 2/5] END colsample_bytree=0.7539289130249214, gamma=0.3284898083428273, learning_rate=0.018094598154592627, max_depth=9, n_estimators=52, reg_alpha=0.5756479096587142, reg_lambda=0.30354440835757585, scale_pos_weight=9.448026391750568, subsample=0.5304269581394923;, score=0.678 total time=   9.2s
[CV 3/5] END colsample_bytree=0.5820774792485242, gamma=3.4186545656651623, learning_rate=0.2050739752734744, max_depth=9, n_estimators=592, reg_alpha=0.18013014930063367, reg_lambda=0.1996791920062287, scale_pos_weight=1.0710392526845183, subsample=0.9420433580594053;, score=0.662 total time=  21.8s
[CV 4/5] END colsample_bytree=0.5, gamma=5.0, learning_rate=0.02937055022522013, max_depth=7, n_estimators=411, reg_alpha=1.0, reg_lambda=1.0, scale_pos_weight=1.0, subsample=0.8074026012349513;, score=0.689 total time=  28.3s
[CV 4/5] END colsample_bytree=0.8178798998260169, gamma=5.0, learning_rate=0.0258798084557839, max_depth=7, n_estimators=533, reg_alpha=1.0, reg_lambda=0.0002010545888841862, scale_pos_weight=1.0, subsample=0.7672739084913661;, score=0.689 total time=  34.5s
[CV 3/5] END colsample_bytree=0.5423552155980201, gamma=5.0, learning_rate=0.16496264435446037, max_depth=3, n_estimators=600, reg_alpha=0.8002847865905249, reg_lambda=1.0, scale_pos_weight=1.0, subsample=1.0;, score=0.681 total time=  16.5s
[CV 1/5] END colsample_bytree=0.5094779502092588, gamma=0.7498646841321412, learning_rate=0.02277722734594289, max_depth=7, n_estimators=600, reg_alpha=1.0, reg_lambda=1.0, scale_pos_weight=1.0, subsample=0.700684471810815;, score=0.690 total time=  40.3s
[CV 3/5] END colsample_bytree=0.5, gamma=4.434523161279565, learning_rate=0.023456325155787053, max_depth=7, n_estimators=600, reg_alpha=1.0, reg_lambda=1.0, scale_pos_weight=1.0, subsample=0.8065552378727924;, score=0.685 total time=  37.6s
[CV 2/5] END colsample_bytree=0.5, gamma=5.0, learning_rate=0.020094448342793437, max_depth=7, n_estimators=515, reg_alpha=1.0, reg_lambda=1.0, scale_pos_weight=1.0, subsample=0.7248449899586076;, score=0.688 total time=  35.2s
[CV 3/5] END colsample_bytree=0.5, gamma=5.0, learning_rate=0.023486865275603272, max_depth=7, n_estimators=490, reg_alpha=1.0, reg_lambda=0.5570016055668544, scale_pos_weight=1.0, subsample=0.8664085780898524;, score=0.685 total time=  32.1s
[CV 2/5] END colsample_bytree=0.5269128050365464, gamma=4.94193239364443, learning_rate=0.026620064981908394, max_depth=7, n_estimators=487, reg_alpha=1.0, reg_lambda=1.0, scale_pos_weight=1.0, subsample=0.8599101150260361;, score=0.687 total time=  30.4s
[CV 1/5] END colsample_bytree=0.9950790646825194, gamma=0.7714150086049594, learning_rate=0.020343723052079495, max_depth=8, n_estimators=139, reg_alpha=0.20715132464133673, reg_lambda=0.9406834989860715, scale_pos_weight=9.968901549132118, subsample=0.9975252290463107;, score=0.683 total time=  16.8s
[CV 3/5] END colsample_bytree=0.5, gamma=4.055633970720059, learning_rate=0.02237601431386657, max_depth=7, n_estimators=479, reg_alpha=1.0, reg_lambda=1.0, scale_pos_weight=1.0, subsample=0.7917236700142443;, score=0.684 total time=  35.2s
[CV 4/5] END colsample_bytree=0.9800824642698842, gamma=3.5230154738981008, learning_rate=0.05811154236195725, max_depth=11, n_estimators=250, reg_alpha=0.32029932913561937, reg_lambda=0.8758497855627256, scale_pos_weight=1.0994322715614608, subsample=0.999162285216715;, score=0.682 total time=  24.7s
[CV 3/5] END colsample_bytree=0.5, gamma=5.0, learning_rate=0.019291562357315294, max_depth=8, n_estimators=595, reg_alpha=1.0, reg_lambda=1.0, scale_pos_weight=1.0, subsample=0.744855304749549;, score=0.685 total time=  43.8s
[CV 2/5] END colsample_bytree=0.5, gamma=4.78791597383973, learning_rate=0.02123709204929635, max_depth=8, n_estimators=561, reg_alpha=1.0, reg_lambda=1.0, scale_pos_weight=1.0, subsample=0.7238961397688605;, score=0.687 total time=  40.9s
[CV 1/5] END colsample_bytree=0.8864372123682023, gamma=0.5832405245801482, learning_rate=0.013319176493924232, max_depth=15, n_estimators=588, reg_alpha=0.9182786378584425, reg_lambda=0.535127954048555, scale_pos_weight=9.23118445272925, subsample=0.7111018750908504;, score=0.658 total time= 4.5min
[CV 5/5] END colsample_bytree=0.5, gamma=4.78791597383973, learning_rate=0.02123709204929635, max_depth=8, n_estimators=561, reg_alpha=1.0, reg_lambda=1.0, scale_pos_weight=1.0, subsample=0.7238961397688605;, score=0.692 total time=  41.8s
[CV 4/5] END colsample_bytree=0.8864372123682023, gamma=0.5832405245801482, learning_rate=0.013319176493924232, max_depth=15, n_estimators=588, reg_alpha=0.9182786378584425, reg_lambda=0.535127954048555, scale_pos_weight=9.23118445272925, subsample=0.7111018750908504;, score=0.659 total time= 4.6min
Fitting 5 folds for each of 1 candidates, totalling 5 fits
Fitting 5 folds for each of 1 candidates, totalling 5 fits
Fitting 5 folds for each of 1 candidates, totalling 5 fits
Fitting 5 folds for each of 1 candidates, totalling 5 fits
Fitting 5 folds for each of 1 candidates, totalling 5 fits
Fitting 5 folds for each of 1 candidates, totalling 5 fits
Fitting 5 folds for each of 1 candidates, totalling 5 fits
Fitting 5 folds for each of 1 candidates, totalling 5 fits
Fitting 5 folds for each of 1 candidates, totalling 5 fits
Fitting 5 folds for each of 1 candidates, totalling 5 fits
Fitting 5 folds for each of 1 candidates, totalling 5 fits
Fitting 5 folds for each of 1 candidates, totalling 5 fits
Fitting 5 folds for each of 1 candidates, totalling 5 fits
Fitting 5 folds for each of 1 candidates, totalling 5 fits
Fitting 5 folds for each of 1 candidates, totalling 5 fits
Fitting 5 folds for each of 1 candidates, totalling 5 fits
Fitting 5 folds for each of 1 candidates, totalling 5 fits
Fitting 5 folds for each of 1 candidates, totalling 5 fits
Fitting 5 folds for each of 1 candidates, totalling 5 fits
Fitting 5 folds for each of 1 candidates, totalling 5 fits
Fitting 5 folds for each of 1 candidates, totalling 5 fits
Fitting 5 folds for each of 1 candidates, totalling 5 fits
Fitting 5 folds for each of 1 candidates, totalling 5 fits
Fitting 5 folds for each of 1 candidates, totalling 5 fits
Fitting 5 folds for each of 1 candidates, totalling 5 fits
Fitting 5 folds for each of 1 candidates, totalling 5 fits
Fitting 5 folds for each of 1 candidates, totalling 5 fits
Fitting 5 folds for each of 1 candidates, totalling 5 fits
Fitting 5 folds for each of 1 candidates, totalling 5 fits
Fitting 5 folds for each of 1 candidates, totalling 5 fits
Fitting 5 folds for each of 1 candidates, totalling 5 fits
Fitting 5 folds for each of 1 candidates, totalling 5 fits
Fitting 5 folds for each of 1 candidates, totalling 5 fits
Fitting 5 folds for each of 1 candidates, totalling 5 fits
Fitting 5 folds for each of 1 candidates, totalling 5 fits
Fitting 5 folds for each of 1 candidates, totalling 5 fits
Fitting 5 folds for each of 1 candidates, totalling 5 fits
Fitting 5 folds for each of 1 candidates, totalling 5 fits
Fitting 5 folds for each of 1 candidates, totalling 5 fits
Fitting 5 folds for each of 1 candidates, totalling 5 fits
Fitting 5 folds for each of 1 candidates, totalling 5 fits
Fitting 5 folds for each of 1 candidates, totalling 5 fits
Fitting 5 folds for each of 1 candidates, totalling 5 fits
Fitting 5 folds for each of 1 candidates, totalling 5 fits
Fitting 5 folds for each of 1 candidates, totalling 5 fits
Fitting 5 folds for each of 1 candidates, totalling 5 fits
Fitting 5 folds for each of 1 candidates, totalling 5 fits
Fitting 5 folds for each of 1 candidates, totalling 5 fits
Fitting 5 folds for each of 1 candidates, totalling 5 fits
Fitting 5 folds for each of 1 candidates, totalling 5 fits
Fitting 5 folds for each of 1 candidates, totalling 5 fits
Fitting 5 folds for each of 1 candidates, totalling 5 fits
Fitting 5 folds for each of 1 candidates, totalling 5 fits
Fitting 5 folds for each of 1 candidates, totalling 5 fits
Fitting 5 folds for each of 1 candidates, totalling 5 fits
Fitting 5 folds for each of 1 candidates, totalling 5 fits
Fitting 5 folds for each of 1 candidates, totalling 5 fits
Fitting 5 folds for each of 1 candidates, totalling 5 fits
Fitting 5 folds for each of 1 candidates, totalling 5 fits
Fitting 5 folds for each of 1 candidates, totalling 5 fits
Fitting 5 folds for each of 1 candidates, totalling 5 fits
Fitting 5 folds for each of 1 candidates, totalling 5 fits
Fitting 5 folds for each of 1 candidates, totalling 5 fits
Fitting 5 folds for each of 1 candidates, totalling 5 fits
Fitting 5 folds for each of 1 candidates, totalling 5 fits
Fitting 5 folds for each of 1 candidates, totalling 5 fits
Fitting 5 folds for each of 1 candidates, totalling 5 fits
Fitting 5 folds for each of 1 candidates, totalling 5 fits
Fitting 5 folds for each of 1 candidates, totalling 5 fits
Fitting 5 folds for each of 1 candidates, totalling 5 fits
Fitting 5 folds for each of 1 candidates, totalling 5 fits
Fitting 5 folds for each of 1 candidates, totalling 5 fits
Fitting 5 folds for each of 1 candidates, totalling 5 fits
Fitting 5 folds for each of 1 candidates, totalling 5 fits
Fitting 5 folds for each of 1 candidates, totalling 5 fits
Fitting 5 folds for each of 1 candidates, totalling 5 fits
Fitting 5 folds for each of 1 candidates, totalling 5 fits
Fitting 5 folds for each of 1 candidates, totalling 5 fits
Fitting 5 folds for each of 1 candidates, totalling 5 fits
Fitting 5 folds for each of 1 candidates, totalling 5 fits
Fitting 5 folds for each of 1 candidates, totalling 5 fits
Fitting 5 folds for each of 1 candidates, totalling 5 fits
Fitting 5 folds for each of 1 candidates, totalling 5 fits
Fitting 5 folds for each of 1 candidates, totalling 5 fits
Fitting 5 folds for each of 1 candidates, totalling 5 fits
Fitting 5 folds for each of 1 candidates, totalling 5 fits
Fitting 5 folds for each of 1 candidates, totalling 5 fits
Fitting 5 folds for each of 1 candidates, totalling 5 fits
Fitting 5 folds for each of 1 candidates, totalling 5 fits
Fitting 5 folds for each of 1 candidates, totalling 5 fits
Fitting 5 folds for each of 1 candidates, totalling 5 fits
Fitting 5 folds for each of 1 candidates, totalling 5 fits
Fitting 5 folds for each of 1 candidates, totalling 5 fits
Fitting 5 folds for each of 1 candidates, totalling 5 fits
Fitting 5 folds for each of 1 candidates, totalling 5 fits
Fitting 5 folds for each of 1 candidates, totalling 5 fits
Fitting 5 folds for each of 1 candidates, totalling 5 fits
Fitting 5 folds for each of 1 candidates, totalling 5 fits
Fitting 5 folds for each of 1 candidates, totalling 5 fits
Fitting 5 folds for each of 1 candidates, totalling 5 fits
Fitting 5 folds for each of 1 candidates, totalling 5 fits
Fitting 5 folds for each of 1 candidates, totalling 5 fits
Fitting 5 folds for each of 1 candidates, totalling 5 fits
Fitting 5 folds for each of 1 candidates, totalling 5 fits
Fitting 5 folds for each of 1 candidates, totalling 5 fits
Fitting 5 folds for each of 1 candidates, totalling 5 fits
Fitting 5 folds for each of 1 candidates, totalling 5 fits
Fitting 5 folds for each of 1 candidates, totalling 5 fits
Fitting 5 folds for each of 1 candidates, totalling 5 fits
Fitting 5 folds for each of 1 candidates, totalling 5 fits
Fitting 5 folds for each of 1 candidates, totalling 5 fits
Fitting 5 folds for each of 1 candidates, totalling 5 fits
Fitting 5 folds for each of 1 candidates, totalling 5 fits
Fitting 5 folds for each of 1 candidates, totalling 5 fits
Fitting 5 folds for each of 1 candidates, totalling 5 fits
Fitting 5 folds for each of 1 candidates, totalling 5 fits
Fitting 5 folds for each of 1 candidates, totalling 5 fits
Fitting 5 folds for each of 1 candidates, totalling 5 fits
Fitting 5 folds for each of 1 candidates, totalling 5 fits
Fitting 5 folds for each of 1 candidates, totalling 5 fits
Fitting 5 folds for each of 1 candidates, totalling 5 fits
Fitting 5 folds for each of 1 candidates, totalling 5 fits
Fitting 5 folds for each of 1 candidates, totalling 5 fits
Fitting 5 folds for each of 1 candidates, totalling 5 fits
Fitting 5 folds for each of 1 candidates, totalling 5 fits
Fitting 5 folds for each of 1 candidates, totalling 5 fits
Fitting 5 folds for each of 1 candidates, totalling 5 fits
Fitting 5 folds for each of 1 candidates, totalling 5 fits
Fitting 5 folds for each of 1 candidates, totalling 5 fits
Fitting 5 folds for each of 1 candidates, totalling 5 fits
Fitting 5 folds for each of 1 candidates, totalling 5 fits
Fitting 5 folds for each of 1 candidates, totalling 5 fits
Fitting 5 folds for each of 1 candidates, totalling 5 fits
[CV 2/5] END colsample_bytree=0.9452835294868993, gamma=3.1122145433315316, learning_rate=0.2936801572508768, max_depth=15, n_estimators=585, reg_alpha=0.3433425331193973, reg_lambda=0.7366176034580539, scale_pos_weight=2.5867932914734935, subsample=0.8044792436732333;, score=0.632 total time=  41.0s
[CV 1/5] END colsample_bytree=0.5462642978720665, gamma=2.1638488061578665, learning_rate=0.04004263974136054, max_depth=5, n_estimators=590, reg_alpha=0.6204781114240714, reg_lambda=0.6116905042901314, scale_pos_weight=1.1448164506950016, subsample=0.5202725796333513;, score=0.689 total time=  28.6s
[CV 1/5] END colsample_bytree=0.8656939096595792, gamma=1.7179949728281163, learning_rate=0.01, max_depth=8, n_estimators=400, reg_alpha=1.0, reg_lambda=0.06396956119918615, scale_pos_weight=10.0, subsample=0.5;, score=0.685 total time=  38.5s
[CV 4/5] END colsample_bytree=0.6207269714787875, gamma=4.432737133781999, learning_rate=0.29591159190035193, max_depth=3, n_estimators=221, reg_alpha=0.7592993595389681, reg_lambda=0.9765655000187199, scale_pos_weight=2.4446726480150787, subsample=0.5139360386252497;, score=0.683 total time=   9.6s
[CV 5/5] END colsample_bytree=1.0, gamma=5.0, learning_rate=0.1183578083520879, max_depth=3, n_estimators=300, reg_alpha=1.0, reg_lambda=1.0, scale_pos_weight=1.0, subsample=1.0;, score=0.688 total time=  12.0s
[CV 3/5] END colsample_bytree=0.9501093027273526, gamma=5.0, learning_rate=0.01, max_depth=9, n_estimators=600, reg_alpha=0.44605362585775493, reg_lambda=1.0, scale_pos_weight=1.0, subsample=1.0;, score=0.683 total time= 1.0min
[CV 1/5] END colsample_bytree=1.0, gamma=5.0, learning_rate=0.03413144827701884, max_depth=6, n_estimators=600, reg_alpha=1.0, reg_lambda=0.0, scale_pos_weight=4.432454653932323, subsample=0.7872113381661768;, score=0.689 total time=  32.9s
[CV 5/5] END colsample_bytree=1.0, gamma=1.4842575287571471, learning_rate=0.04873117672494348, max_depth=5, n_estimators=600, reg_alpha=1.0, reg_lambda=0.0, scale_pos_weight=1.0, subsample=0.7874997741855831;, score=0.690 total time=  29.1s
[CV 3/5] END colsample_bytree=1.0, gamma=0.0, learning_rate=0.01, max_depth=11, n_estimators=484, reg_alpha=0.9003376143887243, reg_lambda=0.0, scale_pos_weight=1.0, subsample=0.5;, score=0.682 total time= 1.5min
[CV 2/5] END colsample_bytree=0.5884310773285962, gamma=3.956273745095808, learning_rate=0.09433400294057596, max_depth=3, n_estimators=358, reg_alpha=0.9518132814942697, reg_lambda=0.3809750135114901, scale_pos_weight=9.06134743219249, subsample=0.507592106358912;, score=0.683 total time=  14.1s
[CV 5/5] END colsample_bytree=0.9392345347986221, gamma=3.475685422789752, learning_rate=0.1811188351109418, max_depth=3, n_estimators=424, reg_alpha=1.0, reg_lambda=0.016339972867413233, scale_pos_weight=1.0, subsample=1.0;, score=0.688 total time=  13.2s
[CV 3/5] END colsample_bytree=0.8628708396430886, gamma=4.925052768494098, learning_rate=0.021521566257745515, max_depth=13, n_estimators=585, reg_alpha=0.5925685852938442, reg_lambda=0.8491569570917004, scale_pos_weight=1.5734683604268118, subsample=0.993482383081822;, score=0.680 total time= 1.3min
[CV 1/5] END colsample_bytree=0.5, gamma=1.5058571492770394, learning_rate=0.03103975941791933, max_depth=6, n_estimators=600, reg_alpha=1.0, reg_lambda=1.0, scale_pos_weight=1.0, subsample=0.741537993667173;, score=0.690 total time=  33.0s
[CV 5/5] END colsample_bytree=0.7017686946740362, gamma=5.0, learning_rate=0.01, max_depth=8, n_estimators=519, reg_alpha=1.0, reg_lambda=0.14200588919408277, scale_pos_weight=4.782132019944289, subsample=0.7767531464126787;, score=0.690 total time=  48.1s
[CV 2/5] END colsample_bytree=0.5635384129917501, gamma=4.30320867344925, learning_rate=0.17080747360882675, max_depth=5, n_estimators=598, reg_alpha=0.45003309411260806, reg_lambda=0.8977916894321485, scale_pos_weight=1.151871727422216, subsample=0.9136937655309443;, score=0.682 total time=  19.2s
[CV 2/5] END colsample_bytree=0.5, gamma=5.0, learning_rate=0.023883336835856216, max_depth=7, n_estimators=536, reg_alpha=1.0, reg_lambda=1.0, scale_pos_weight=1.0, subsample=0.6943278310186757;, score=0.687 total time=  35.5s
[CV 3/5] END colsample_bytree=0.5487907161242441, gamma=2.4299927705266393, learning_rate=0.20774207478601936, max_depth=3, n_estimators=271, reg_alpha=0.3809213290914262, reg_lambda=0.03534472589885907, scale_pos_weight=8.735433879443361, subsample=0.5307173939670179;, score=0.678 total time=  11.3s
[CV 1/5] END colsample_bytree=0.5, gamma=5.0, learning_rate=0.021984852184891573, max_depth=7, n_estimators=600, reg_alpha=1.0, reg_lambda=0.7163240997549738, scale_pos_weight=1.0, subsample=0.7292084155247218;, score=0.690 total time=  37.7s
[CV 1/5] END colsample_bytree=0.842209396364974, gamma=2.807354585644929, learning_rate=0.14271086575897254, max_depth=9, n_estimators=325, reg_alpha=0.8345015107555586, reg_lambda=0.5622585057608217, scale_pos_weight=1.095046263716131, subsample=0.9662758917391439;, score=0.675 total time=  17.5s
[CV 4/5] END colsample_bytree=0.941312496653196, gamma=5.0, learning_rate=0.022215534458184624, max_depth=8, n_estimators=456, reg_alpha=1.0, reg_lambda=1.0, scale_pos_weight=1.0, subsample=0.7397309814361468;, score=0.689 total time=  37.4s
[CV 2/5] END colsample_bytree=0.908323457739031, gamma=5.0, learning_rate=0.02130794301891601, max_depth=7, n_estimators=600, reg_alpha=0.9893615389689467, reg_lambda=1.0, scale_pos_weight=1.0, subsample=0.6882895212617376;, score=0.687 total time=  40.3s
[CV 1/5] END colsample_bytree=0.5, gamma=5.0, learning_rate=0.02361295861590619, max_depth=7, n_estimators=600, reg_alpha=1.0, reg_lambda=0.8023344684901698, scale_pos_weight=1.0, subsample=0.6702218454790367;, score=0.690 total time=  37.6s
[CV 1/5] END colsample_bytree=0.5, gamma=3.846515039894298, learning_rate=0.017976637642179546, max_depth=8, n_estimators=551, reg_alpha=1.0, reg_lambda=0.9846681737819548, scale_pos_weight=1.0, subsample=0.7672053505456035;, score=0.689 total time=  42.7s
[CV 5/5] END colsample_bytree=0.5085234916446445, gamma=2.9953880229755643, learning_rate=0.023368126886416755, max_depth=8, n_estimators=460, reg_alpha=1.0, reg_lambda=0.8583851837662115, scale_pos_weight=1.0, subsample=0.9213720367341587;, score=0.692 total time=  36.9s
[CV 3/5] END colsample_bytree=0.6047777517135251, gamma=4.480776993434683, learning_rate=0.15764640918575157, max_depth=8, n_estimators=55, reg_alpha=0.8263173649425674, reg_lambda=0.9271528340785251, scale_pos_weight=9.478804996148941, subsample=0.9722567232624212;, score=0.674 total time=   6.6s
[CV 5/5] END colsample_bytree=0.9950790646825194, gamma=0.7714150086049594, learning_rate=0.020343723052079495, max_depth=8, n_estimators=139, reg_alpha=0.20715132464133673, reg_lambda=0.9406834989860715, scale_pos_weight=9.968901549132118, subsample=0.9975252290463107;, score=0.684 total time=  16.4s
[CV 2/5] END colsample_bytree=0.5, gamma=4.055633970720059, learning_rate=0.02237601431386657, max_depth=7, n_estimators=479, reg_alpha=1.0, reg_lambda=1.0, scale_pos_weight=1.0, subsample=0.7917236700142443;, score=0.687 total time=  32.6s
[CV 2/5] END colsample_bytree=0.9800824642698842, gamma=3.5230154738981008, learning_rate=0.05811154236195725, max_depth=11, n_estimators=250, reg_alpha=0.32029932913561937, reg_lambda=0.8758497855627256, scale_pos_weight=1.0994322715614608, subsample=0.999162285216715;, score=0.679 total time=  24.5s
[CV 2/5] END colsample_bytree=0.5, gamma=5.0, learning_rate=0.019291562357315294, max_depth=8, n_estimators=595, reg_alpha=1.0, reg_lambda=1.0, scale_pos_weight=1.0, subsample=0.744855304749549;, score=0.688 total time=  42.6s
[CV 5/5] END colsample_bytree=0.5, gamma=5.0, learning_rate=0.021533777613086242, max_depth=8, n_estimators=542, reg_alpha=1.0, reg_lambda=0.2762065326121309, scale_pos_weight=1.0, subsample=0.7898633187829196;, score=0.692 total time=  39.0s
[CV 3/5] END colsample_bytree=0.6946456063126998, gamma=5.0, learning_rate=0.021313790309389256, max_depth=8, n_estimators=512, reg_alpha=1.0, reg_lambda=1.0, scale_pos_weight=1.0, subsample=0.9277503553653398;, score=0.684 total time=  36.4s
[CV 2/5] END colsample_bytree=0.5983348171862279, gamma=2.599043792046351, learning_rate=0.01, max_depth=7, n_estimators=600, reg_alpha=1.0, reg_lambda=0.27908240393950884, scale_pos_weight=8.22629764672864, subsample=0.5;, score=0.685 total time=  51.3s
[CV 1/5] END colsample_bytree=0.8521988988477819, gamma=4.616363744675555, learning_rate=0.11556855209956547, max_depth=7, n_estimators=207, reg_alpha=0.26893015025781947, reg_lambda=0.9889220572707549, scale_pos_weight=1.056360025040639, subsample=0.961621423894991;, score=0.685 total time=  11.5s
[CV 1/5] END colsample_bytree=0.678179522139714, gamma=0.0, learning_rate=0.09856386891086477, max_depth=5, n_estimators=190, reg_alpha=1.0, reg_lambda=0.5889110238576457, scale_pos_weight=1.0, subsample=1.0;, score=0.688 total time=  10.7s
[CV 1/5] END colsample_bytree=0.6076374325755216, gamma=2.5841319492239583, learning_rate=0.29048509295382896, max_depth=6, n_estimators=50, reg_alpha=0.45474577398856464, reg_lambda=0.7071239910920258, scale_pos_weight=8.79221483894404, subsample=0.9859774302321153;, score=0.679 total time=   5.2s
[CV 1/5] END colsample_bytree=0.5788126681447514, gamma=4.149925145775637, learning_rate=0.09438538065571071, max_depth=11, n_estimators=63, reg_alpha=0.9373188814705946, reg_lambda=0.5554371783117286, scale_pos_weight=1.1270485010254856, subsample=0.9838535212057752;, score=0.681 total time=  11.9s
[CV 4/5] END colsample_bytree=0.5590334860799085, gamma=2.0975857728425824, learning_rate=0.22647687991832696, max_depth=3, n_estimators=535, reg_alpha=0.046972823727298066, reg_lambda=0.4623235130796085, scale_pos_weight=1.591233880703379, subsample=0.5337182326460659;, score=0.681 total time=  19.2s
[CV 1/5] END colsample_bytree=0.643456397233197, gamma=0.44746148919215856, learning_rate=0.042757507392686016, max_depth=5, n_estimators=600, reg_alpha=1.0, reg_lambda=0.0, scale_pos_weight=8.237545097608125, subsample=0.7050245680417263;, score=0.688 total time=  28.4s
[CV 1/5] END colsample_bytree=0.5, gamma=4.502891055954389, learning_rate=0.01, max_depth=10, n_estimators=600, reg_alpha=1.0, reg_lambda=1.0, scale_pos_weight=1.0, subsample=0.5;, score=0.688 total time= 1.1min
[CV 5/5] END colsample_bytree=0.7235672113129498, gamma=0.0, learning_rate=0.03769350706670016, max_depth=6, n_estimators=511, reg_alpha=1.0, reg_lambda=1.0, scale_pos_weight=2.974537172026368, subsample=0.7785604039212844;, score=0.692 total time=  29.5s
[CV 4/5] END colsample_bytree=0.5287928892135739, gamma=0.0, learning_rate=0.03846639161833951, max_depth=5, n_estimators=518, reg_alpha=1.0, reg_lambda=0.0, scale_pos_weight=3.4118573288219887, subsample=0.8094492183937319;, score=0.689 total time=  25.4s
[CV 1/5] END colsample_bytree=0.5, gamma=5.0, learning_rate=0.03878308479318517, max_depth=6, n_estimators=534, reg_alpha=0.0, reg_lambda=0.0, scale_pos_weight=1.0, subsample=0.7696733682964835;, score=0.690 total time=  27.7s
[CV 2/5] END colsample_bytree=1.0, gamma=0.0, learning_rate=0.03576570904149307, max_depth=6, n_estimators=498, reg_alpha=1.0, reg_lambda=0.4542515393837499, scale_pos_weight=1.0, subsample=0.8245943562794529;, score=0.687 total time=  28.7s
[CV 1/5] END colsample_bytree=0.7017686946740362, gamma=5.0, learning_rate=0.01, max_depth=8, n_estimators=519, reg_alpha=1.0, reg_lambda=0.14200588919408277, scale_pos_weight=4.782132019944289, subsample=0.7767531464126787;, score=0.688 total time=  47.9s
[CV 1/5] END colsample_bytree=0.5635384129917501, gamma=4.30320867344925, learning_rate=0.17080747360882675, max_depth=5, n_estimators=598, reg_alpha=0.45003309411260806, reg_lambda=0.8977916894321485, scale_pos_weight=1.151871727422216, subsample=0.9136937655309443;, score=0.686 total time=  19.3s
[CV 3/5] END colsample_bytree=0.5, gamma=5.0, learning_rate=0.023883336835856216, max_depth=7, n_estimators=536, reg_alpha=1.0, reg_lambda=1.0, scale_pos_weight=1.0, subsample=0.6943278310186757;, score=0.684 total time=  34.7s
[CV 5/5] END colsample_bytree=0.5, gamma=4.0926153438347574, learning_rate=0.07598186833763665, max_depth=3, n_estimators=600, reg_alpha=1.0, reg_lambda=1.0, scale_pos_weight=5.251231867562786, subsample=0.7142662594824825;, score=0.690 total time=  22.9s
[CV 4/5] END colsample_bytree=0.8313012024403177, gamma=0.4361086359618355, learning_rate=0.29977954035188303, max_depth=6, n_estimators=56, reg_alpha=0.25890458547571676, reg_lambda=0.8202776165443734, scale_pos_weight=1.4799633013757747, subsample=0.9537306171029586;, score=0.682 total time=   5.6s
[CV 3/5] END colsample_bytree=0.5194723414047057, gamma=5.0, learning_rate=0.021554325907233773, max_depth=7, n_estimators=600, reg_alpha=1.0, reg_lambda=1.0, scale_pos_weight=1.0, subsample=0.7301594634907302;, score=0.685 total time=  39.6s
[CV 2/5] END colsample_bytree=0.5245602689697538, gamma=5.0, learning_rate=0.028581617984048215, max_depth=8, n_estimators=327, reg_alpha=1.0, reg_lambda=1.0, scale_pos_weight=1.0, subsample=0.8584643096743538;, score=0.687 total time=  28.0s
[CV 4/5] END colsample_bytree=0.620793817858354, gamma=4.388872400811004, learning_rate=0.20798000609007017, max_depth=15, n_estimators=589, reg_alpha=0.7324428787608308, reg_lambda=0.3858584691248623, scale_pos_weight=1.5414684352216113, subsample=0.9699718898910483;, score=0.658 total time=  24.7s
[CV 3/5] END colsample_bytree=0.5, gamma=5.0, learning_rate=0.023237234542055042, max_depth=7, n_estimators=600, reg_alpha=1.0, reg_lambda=0.6140944428937168, scale_pos_weight=1.0, subsample=0.7220563273646629;, score=0.684 total time=  39.2s
[CV 4/5] END colsample_bytree=0.5, gamma=5.0, learning_rate=0.02029247125747996, max_depth=8, n_estimators=523, reg_alpha=1.0, reg_lambda=1.0, scale_pos_weight=1.0, subsample=0.7927198680433546;, score=0.689 total time=  39.0s
[CV 2/5] END colsample_bytree=0.5085234916446445, gamma=2.9953880229755643, learning_rate=0.023368126886416755, max_depth=8, n_estimators=460, reg_alpha=1.0, reg_lambda=0.8583851837662115, scale_pos_weight=1.0, subsample=0.9213720367341587;, score=0.687 total time=  35.6s
[CV 5/5] END colsample_bytree=0.5269128050365464, gamma=4.94193239364443, learning_rate=0.026620064981908394, max_depth=7, n_estimators=487, reg_alpha=1.0, reg_lambda=1.0, scale_pos_weight=1.0, subsample=0.8599101150260361;, score=0.692 total time=  30.7s
[CV 3/5] END colsample_bytree=0.9950790646825194, gamma=0.7714150086049594, learning_rate=0.020343723052079495, max_depth=8, n_estimators=139, reg_alpha=0.20715132464133673, reg_lambda=0.9406834989860715, scale_pos_weight=9.968901549132118, subsample=0.9975252290463107;, score=0.677 total time=  16.8s
[CV 4/5] END colsample_bytree=0.5, gamma=4.055633970720059, learning_rate=0.02237601431386657, max_depth=7, n_estimators=479, reg_alpha=1.0, reg_lambda=1.0, scale_pos_weight=1.0, subsample=0.7917236700142443;, score=0.689 total time=  32.5s
[CV 5/5] END colsample_bytree=0.5, gamma=5.0, learning_rate=0.025179401587726066, max_depth=8, n_estimators=441, reg_alpha=1.0, reg_lambda=1.0, scale_pos_weight=1.0, subsample=0.9690928342134989;, score=0.691 total time=  30.5s
[CV 2/5] END colsample_bytree=0.5, gamma=2.758099101761555, learning_rate=0.020845884366460246, max_depth=7, n_estimators=520, reg_alpha=1.0, reg_lambda=1.0, scale_pos_weight=1.0, subsample=0.7928477994520547;, score=0.687 total time=  35.4s
[CV 1/5] END colsample_bytree=0.5, gamma=5.0, learning_rate=0.021533777613086242, max_depth=8, n_estimators=542, reg_alpha=1.0, reg_lambda=0.2762065326121309, scale_pos_weight=1.0, subsample=0.7898633187829196;, score=0.690 total time=  39.3s
[CV 4/5] END colsample_bytree=0.6946456063126998, gamma=5.0, learning_rate=0.021313790309389256, max_depth=8, n_estimators=512, reg_alpha=1.0, reg_lambda=1.0, scale_pos_weight=1.0, subsample=0.9277503553653398;, score=0.689 total time=  37.1s
[CV 4/5] END colsample_bytree=0.5, gamma=4.679851952841958, learning_rate=0.07850963454035594, max_depth=5, n_estimators=214, reg_alpha=1.0, reg_lambda=1.0, scale_pos_weight=5.0641306933242625, subsample=1.0;, score=0.687 total time=  12.0s
[CV 1/5] END colsample_bytree=0.6616972926602381, gamma=3.229729592658486, learning_rate=0.030872348176868132, max_depth=15, n_estimators=55, reg_alpha=0.09378381425676743, reg_lambda=0.12246424956259341, scale_pos_weight=9.620374657790638, subsample=0.8090483518805256;, score=0.670 total time=  33.8s
[CV 4/5] END colsample_bytree=1.0, gamma=5.0, learning_rate=0.05398608613666459, max_depth=4, n_estimators=600, reg_alpha=0.6448669564074435, reg_lambda=1.0, scale_pos_weight=5.876507874039996, subsample=1.0;, score=0.688 total time=  23.9s
[CV 2/5] END colsample_bytree=1.0, gamma=0.47402151289088584, learning_rate=0.036937398112080085, max_depth=6, n_estimators=412, reg_alpha=1.0, reg_lambda=0.0, scale_pos_weight=1.0, subsample=0.5;, score=0.685 total time=  25.6s
[CV 4/5] END colsample_bytree=0.8432088379117817, gamma=2.998015416808077, learning_rate=0.2990717168068073, max_depth=5, n_estimators=330, reg_alpha=0.09433641826548858, reg_lambda=0.8723900458433111, scale_pos_weight=1.2855245914434235, subsample=0.9884883743082308;, score=0.681 total time=  11.9s
[CV 4/5] END colsample_bytree=1.0, gamma=1.4842575287571471, learning_rate=0.04873117672494348, max_depth=5, n_estimators=600, reg_alpha=1.0, reg_lambda=0.0, scale_pos_weight=1.0, subsample=0.7874997741855831;, score=0.689 total time=  29.5s
[CV 4/5] END colsample_bytree=1.0, gamma=0.0, learning_rate=0.01, max_depth=11, n_estimators=484, reg_alpha=0.9003376143887243, reg_lambda=0.0, scale_pos_weight=1.0, subsample=0.5;, score=0.686 total time= 1.5min
[CV 4/5] END colsample_bytree=0.5884310773285962, gamma=3.956273745095808, learning_rate=0.09433400294057596, max_depth=3, n_estimators=358, reg_alpha=0.9518132814942697, reg_lambda=0.3809750135114901, scale_pos_weight=9.06134743219249, subsample=0.507592106358912;, score=0.686 total time=  14.9s
[CV 2/5] END colsample_bytree=0.5, gamma=0.0, learning_rate=0.03949574296202537, max_depth=6, n_estimators=600, reg_alpha=1.0, reg_lambda=0.49789058684462284, scale_pos_weight=1.0, subsample=0.8279411452331398;, score=0.686 total time=  31.6s
[CV 5/5] END colsample_bytree=0.8628708396430886, gamma=4.925052768494098, learning_rate=0.021521566257745515, max_depth=13, n_estimators=585, reg_alpha=0.5925685852938442, reg_lambda=0.8491569570917004, scale_pos_weight=1.5734683604268118, subsample=0.993482383081822;, score=0.687 total time= 1.3min
[CV 3/5] END colsample_bytree=0.5, gamma=1.5058571492770394, learning_rate=0.03103975941791933, max_depth=6, n_estimators=600, reg_alpha=1.0, reg_lambda=1.0, scale_pos_weight=1.0, subsample=0.741537993667173;, score=0.685 total time=  34.0s
[CV 2/5] END colsample_bytree=0.8030528889555234, gamma=1.6962053480715786, learning_rate=0.2948495261392528, max_depth=11, n_estimators=95, reg_alpha=0.9163462307510882, reg_lambda=0.01834807849770082, scale_pos_weight=1.7906213382163045, subsample=0.9905911875460491;, score=0.644 total time=  14.4s
[CV 2/5] END colsample_bytree=0.8567871800400322, gamma=0.0, learning_rate=0.06836513342503678, max_depth=3, n_estimators=427, reg_alpha=1.0, reg_lambda=1.0, scale_pos_weight=10.0, subsample=1.0;, score=0.685 total time=  16.0s
[CV 2/5] END colsample_bytree=0.5307823673389264, gamma=5.0, learning_rate=0.02284511255118858, max_depth=7, n_estimators=539, reg_alpha=1.0, reg_lambda=1.0, scale_pos_weight=1.0, subsample=0.6958484544907348;, score=0.687 total time=  35.2s
[CV 2/5] END colsample_bytree=0.7201840077877019, gamma=4.594757428324505, learning_rate=0.04326305521551854, max_depth=15, n_estimators=377, reg_alpha=0.14887989636614177, reg_lambda=0.4695388312377018, scale_pos_weight=1.0217898686072442, subsample=0.9774881699198419;, score=0.681 total time=  40.9s
[CV 3/5] END colsample_bytree=0.5, gamma=1.330867000417568, learning_rate=0.02321722889201098, max_depth=7, n_estimators=600, reg_alpha=1.0, reg_lambda=1.0, scale_pos_weight=1.0, subsample=0.6879066864346783;, score=0.684 total time=  39.4s
[CV 5/5] END colsample_bytree=0.842209396364974, gamma=2.807354585644929, learning_rate=0.14271086575897254, max_depth=9, n_estimators=325, reg_alpha=0.8345015107555586, reg_lambda=0.5622585057608217, scale_pos_weight=1.095046263716131, subsample=0.9662758917391439;, score=0.680 total time=  17.3s
[CV 3/5] END colsample_bytree=0.941312496653196, gamma=5.0, learning_rate=0.022215534458184624, max_depth=8, n_estimators=456, reg_alpha=1.0, reg_lambda=1.0, scale_pos_weight=1.0, subsample=0.7397309814361468;, score=0.684 total time=  36.8s
[CV 5/5] END colsample_bytree=0.620793817858354, gamma=4.388872400811004, learning_rate=0.20798000609007017, max_depth=15, n_estimators=589, reg_alpha=0.7324428787608308, reg_lambda=0.3858584691248623, scale_pos_weight=1.5414684352216113, subsample=0.9699718898910483;, score=0.659 total time=  24.9s
[CV 4/5] END colsample_bytree=0.5, gamma=5.0, learning_rate=0.023237234542055042, max_depth=7, n_estimators=600, reg_alpha=1.0, reg_lambda=0.6140944428937168, scale_pos_weight=1.0, subsample=0.7220563273646629;, score=0.690 total time=  38.2s
[CV 1/5] END colsample_bytree=0.5, gamma=5.0, learning_rate=0.02029247125747996, max_depth=8, n_estimators=523, reg_alpha=1.0, reg_lambda=1.0, scale_pos_weight=1.0, subsample=0.7927198680433546;, score=0.690 total time=  38.5s
[CV 1/5] END colsample_bytree=0.5085234916446445, gamma=2.9953880229755643, learning_rate=0.023368126886416755, max_depth=8, n_estimators=460, reg_alpha=1.0, reg_lambda=0.8583851837662115, scale_pos_weight=1.0, subsample=0.9213720367341587;, score=0.689 total time=  35.8s
[CV 1/5] END colsample_bytree=0.6047777517135251, gamma=4.480776993434683, learning_rate=0.15764640918575157, max_depth=8, n_estimators=55, reg_alpha=0.8263173649425674, reg_lambda=0.9271528340785251, scale_pos_weight=9.478804996148941, subsample=0.9722567232624212;, score=0.678 total time=   7.1s
[CV 3/5] END colsample_bytree=0.5, gamma=3.700853612990331, learning_rate=0.02100262218815767, max_depth=7, n_estimators=530, reg_alpha=1.0, reg_lambda=1.0, scale_pos_weight=1.0, subsample=0.7968698129017382;, score=0.684 total time=  35.5s
[CV 1/5] END colsample_bytree=0.5312834450451076, gamma=5.0, learning_rate=0.0247829927626569, max_depth=7, n_estimators=515, reg_alpha=1.0, reg_lambda=0.975828215154544, scale_pos_weight=1.0, subsample=0.8481330292232276;, score=0.690 total time=  32.8s
[CV 3/5] END colsample_bytree=0.610411458444249, gamma=4.217542219370354, learning_rate=0.020392316933398116, max_depth=8, n_estimators=524, reg_alpha=1.0, reg_lambda=1.0, scale_pos_weight=1.0, subsample=0.7940402568539184;, score=0.685 total time=  40.0s
[CV 5/5] END colsample_bytree=0.5, gamma=5.0, learning_rate=0.019291562357315294, max_depth=8, n_estimators=595, reg_alpha=1.0, reg_lambda=1.0, scale_pos_weight=1.0, subsample=0.744855304749549;, score=0.692 total time=  43.9s
[CV 3/5] END colsample_bytree=0.5, gamma=4.78791597383973, learning_rate=0.02123709204929635, max_depth=8, n_estimators=561, reg_alpha=1.0, reg_lambda=1.0, scale_pos_weight=1.0, subsample=0.7238961397688605;, score=0.684 total time=  40.7s
[CV 5/5] END colsample_bytree=0.6946456063126998, gamma=5.0, learning_rate=0.021313790309389256, max_depth=8, n_estimators=512, reg_alpha=1.0, reg_lambda=1.0, scale_pos_weight=1.0, subsample=0.9277503553653398;, score=0.692 total time=  36.3s
[CV 2/5] END colsample_bytree=0.5, gamma=4.679851952841958, learning_rate=0.07850963454035594, max_depth=5, n_estimators=214, reg_alpha=1.0, reg_lambda=1.0, scale_pos_weight=5.0641306933242625, subsample=1.0;, score=0.686 total time=  12.1s
[CV 4/5] END colsample_bytree=0.5, gamma=4.841292784346077, learning_rate=0.019377213484336617, max_depth=8, n_estimators=549, reg_alpha=1.0, reg_lambda=0.5747245605524549, scale_pos_weight=1.0, subsample=0.7605323356569178;, score=0.690 total time=  41.0s
[CV 1/5] END colsample_bytree=0.5, gamma=5.0, learning_rate=0.020689642725816068, max_depth=8, n_estimators=526, reg_alpha=1.0, reg_lambda=0.7704574027451997, scale_pos_weight=1.0, subsample=0.8626114244948414;, score=0.690 total time=  38.4s
[CV 2/5] END colsample_bytree=0.6616972926602381, gamma=3.229729592658486, learning_rate=0.030872348176868132, max_depth=15, n_estimators=55, reg_alpha=0.09378381425676743, reg_lambda=0.12246424956259341, scale_pos_weight=9.620374657790638, subsample=0.8090483518805256;, score=0.670 total time=  33.1s
[CV 2/5] END colsample_bytree=1.0, gamma=5.0, learning_rate=0.05398608613666459, max_depth=4, n_estimators=600, reg_alpha=0.6448669564074435, reg_lambda=1.0, scale_pos_weight=5.876507874039996, subsample=1.0;, score=0.685 total time=  24.4s
[CV 4/5] END colsample_bytree=1.0, gamma=0.47402151289088584, learning_rate=0.036937398112080085, max_depth=6, n_estimators=412, reg_alpha=1.0, reg_lambda=0.0, scale_pos_weight=1.0, subsample=0.5;, score=0.689 total time=  25.2s
[CV 3/5] END colsample_bytree=0.8432088379117817, gamma=2.998015416808077, learning_rate=0.2990717168068073, max_depth=5, n_estimators=330, reg_alpha=0.09433641826548858, reg_lambda=0.8723900458433111, scale_pos_weight=1.2855245914434235, subsample=0.9884883743082308;, score=0.675 total time=  11.7s
[CV 5/5] END colsample_bytree=0.643456397233197, gamma=0.44746148919215856, learning_rate=0.042757507392686016, max_depth=5, n_estimators=600, reg_alpha=1.0, reg_lambda=0.0, scale_pos_weight=8.237545097608125, subsample=0.7050245680417263;, score=0.690 total time=  29.1s
[CV 4/5] END colsample_bytree=0.5, gamma=4.502891055954389, learning_rate=0.01, max_depth=10, n_estimators=600, reg_alpha=1.0, reg_lambda=1.0, scale_pos_weight=1.0, subsample=0.5;, score=0.688 total time= 1.1min
[CV 1/5] END colsample_bytree=0.5498882085434738, gamma=5.0, learning_rate=0.04952306415736234, max_depth=6, n_estimators=353, reg_alpha=1.0, reg_lambda=1.0, scale_pos_weight=4.846245662157891, subsample=0.7650434389639775;, score=0.688 total time=  20.8s
[CV 2/5] END colsample_bytree=0.9392345347986221, gamma=3.475685422789752, learning_rate=0.1811188351109418, max_depth=3, n_estimators=424, reg_alpha=1.0, reg_lambda=0.016339972867413233, scale_pos_weight=1.0, subsample=1.0;, score=0.683 total time=  13.6s
[CV 4/5] END colsample_bytree=0.8628708396430886, gamma=4.925052768494098, learning_rate=0.021521566257745515, max_depth=13, n_estimators=585, reg_alpha=0.5925685852938442, reg_lambda=0.8491569570917004, scale_pos_weight=1.5734683604268118, subsample=0.993482383081822;, score=0.686 total time= 1.3min
[CV 4/5] END colsample_bytree=0.5, gamma=1.5058571492770394, learning_rate=0.03103975941791933, max_depth=6, n_estimators=600, reg_alpha=1.0, reg_lambda=1.0, scale_pos_weight=1.0, subsample=0.741537993667173;, score=0.689 total time=  35.0s
[CV 4/5] END colsample_bytree=0.8030528889555234, gamma=1.6962053480715786, learning_rate=0.2948495261392528, max_depth=11, n_estimators=95, reg_alpha=0.9163462307510882, reg_lambda=0.01834807849770082, scale_pos_weight=1.7906213382163045, subsample=0.9905911875460491;, score=0.648 total time=  14.7s
[CV 4/5] END colsample_bytree=0.8567871800400322, gamma=0.0, learning_rate=0.06836513342503678, max_depth=3, n_estimators=427, reg_alpha=1.0, reg_lambda=1.0, scale_pos_weight=10.0, subsample=1.0;, score=0.686 total time=  15.7s
[CV 1/5] END colsample_bytree=0.5307823673389264, gamma=5.0, learning_rate=0.02284511255118858, max_depth=7, n_estimators=539, reg_alpha=1.0, reg_lambda=1.0, scale_pos_weight=1.0, subsample=0.6958484544907348;, score=0.690 total time=  34.9s
[CV 1/5] END colsample_bytree=0.7201840077877019, gamma=4.594757428324505, learning_rate=0.04326305521551854, max_depth=15, n_estimators=377, reg_alpha=0.14887989636614177, reg_lambda=0.4695388312377018, scale_pos_weight=1.0217898686072442, subsample=0.9774881699198419;, score=0.682 total time=  40.7s
[CV 1/5] END colsample_bytree=0.5, gamma=1.330867000417568, learning_rate=0.02321722889201098, max_depth=7, n_estimators=600, reg_alpha=1.0, reg_lambda=1.0, scale_pos_weight=1.0, subsample=0.6879066864346783;, score=0.689 total time=  40.2s
[CV 2/5] END colsample_bytree=0.5, gamma=5.0, learning_rate=0.02264671292553938, max_depth=6, n_estimators=535, reg_alpha=1.0, reg_lambda=1.0, scale_pos_weight=2.6571866211721784, subsample=0.7681184596222812;, score=0.686 total time=  31.7s
[CV 1/5] END colsample_bytree=0.9458184412270458, gamma=1.0293813404406296, learning_rate=0.10996034556483299, max_depth=5, n_estimators=66, reg_alpha=0.7722865903550836, reg_lambda=0.2324325032170676, scale_pos_weight=9.895209638117146, subsample=0.5805750221949131;, score=0.682 total time=   6.1s
[CV 1/5] END colsample_bytree=0.5, gamma=5.0, learning_rate=0.0369862762826837, max_depth=5, n_estimators=521, reg_alpha=1.0, reg_lambda=1.0, scale_pos_weight=6.839471921526831, subsample=0.9023912591228385;, score=0.688 total time=  25.1s
[CV 1/5] END colsample_bytree=0.5, gamma=1.374372646139703, learning_rate=0.024189876915652147, max_depth=7, n_estimators=600, reg_alpha=1.0, reg_lambda=1.0, scale_pos_weight=1.0, subsample=0.7386057324088116;, score=0.690 total time=  38.9s
[CV 5/5] END colsample_bytree=0.5, gamma=3.846515039894298, learning_rate=0.017976637642179546, max_depth=8, n_estimators=551, reg_alpha=1.0, reg_lambda=0.9846681737819548, scale_pos_weight=1.0, subsample=0.7672053505456035;, score=0.691 total time=  44.0s
[CV 3/5] END colsample_bytree=0.6022654951613113, gamma=2.094297507296572, learning_rate=0.12480612586637654, max_depth=3, n_estimators=591, reg_alpha=0.3013509370881999, reg_lambda=0.019409288616237478, scale_pos_weight=9.102175558313, subsample=0.6001403358161602;, score=0.680 total time=  20.5s
[CV 5/5] END colsample_bytree=0.6047777517135251, gamma=4.480776993434683, learning_rate=0.15764640918575157, max_depth=8, n_estimators=55, reg_alpha=0.8263173649425674, reg_lambda=0.9271528340785251, scale_pos_weight=9.478804996148941, subsample=0.9722567232624212;, score=0.681 total time=   6.8s
[CV 1/5] END colsample_bytree=0.5, gamma=3.700853612990331, learning_rate=0.02100262218815767, max_depth=7, n_estimators=530, reg_alpha=1.0, reg_lambda=1.0, scale_pos_weight=1.0, subsample=0.7968698129017382;, score=0.689 total time=  35.4s
[CV 5/5] END colsample_bytree=0.5, gamma=4.055633970720059, learning_rate=0.02237601431386657, max_depth=7, n_estimators=479, reg_alpha=1.0, reg_lambda=1.0, scale_pos_weight=1.0, subsample=0.7917236700142443;, score=0.692 total time=  33.0s
[CV 3/5] END colsample_bytree=0.9800824642698842, gamma=3.5230154738981008, learning_rate=0.05811154236195725, max_depth=11, n_estimators=250, reg_alpha=0.32029932913561937, reg_lambda=0.8758497855627256, scale_pos_weight=1.0994322715614608, subsample=0.999162285216715;, score=0.677 total time=  24.3s
[CV 5/5] END colsample_bytree=0.5, gamma=2.758099101761555, learning_rate=0.020845884366460246, max_depth=7, n_estimators=520, reg_alpha=1.0, reg_lambda=1.0, scale_pos_weight=1.0, subsample=0.7928477994520547;, score=0.692 total time=  35.7s
[CV 2/5] END colsample_bytree=0.5, gamma=5.0, learning_rate=0.021533777613086242, max_depth=8, n_estimators=542, reg_alpha=1.0, reg_lambda=0.2762065326121309, scale_pos_weight=1.0, subsample=0.7898633187829196;, score=0.687 total time=  38.6s
[CV 1/5] END colsample_bytree=0.6946456063126998, gamma=5.0, learning_rate=0.021313790309389256, max_depth=8, n_estimators=512, reg_alpha=1.0, reg_lambda=1.0, scale_pos_weight=1.0, subsample=0.9277503553653398;, score=0.690 total time=  36.1s
[CV 1/5] END colsample_bytree=0.5, gamma=4.679851952841958, learning_rate=0.07850963454035594, max_depth=5, n_estimators=214, reg_alpha=1.0, reg_lambda=1.0, scale_pos_weight=5.0641306933242625, subsample=1.0;, score=0.687 total time=  12.0s
[CV 1/5] END colsample_bytree=0.5, gamma=4.841292784346077, learning_rate=0.019377213484336617, max_depth=8, n_estimators=549, reg_alpha=1.0, reg_lambda=0.5747245605524549, scale_pos_weight=1.0, subsample=0.7605323356569178;, score=0.690 total time=  41.6s
[CV 3/5] END colsample_bytree=0.5, gamma=5.0, learning_rate=0.020689642725816068, max_depth=8, n_estimators=526, reg_alpha=1.0, reg_lambda=0.7704574027451997, scale_pos_weight=1.0, subsample=0.8626114244948414;, score=0.684 total time=  38.5s
[CV 1/5] END colsample_bytree=0.5861053453405902, gamma=2.288647332681438, learning_rate=0.10125342026992666, max_depth=5, n_estimators=276, reg_alpha=0.8116420460131888, reg_lambda=0.014604883489965251, scale_pos_weight=1.1945054153693373, subsample=0.5104647862172301;, score=0.683 total time=  14.5s
[CV 1/5] END colsample_bytree=1.0, gamma=5.0, learning_rate=0.1183578083520879, max_depth=3, n_estimators=300, reg_alpha=1.0, reg_lambda=1.0, scale_pos_weight=1.0, subsample=1.0;, score=0.685 total time=  12.0s
[CV 2/5] END colsample_bytree=0.9501093027273526, gamma=5.0, learning_rate=0.01, max_depth=9, n_estimators=600, reg_alpha=0.44605362585775493, reg_lambda=1.0, scale_pos_weight=1.0, subsample=1.0;, score=0.686 total time= 1.0min
[CV 4/5] END colsample_bytree=1.0, gamma=5.0, learning_rate=0.03413144827701884, max_depth=6, n_estimators=600, reg_alpha=1.0, reg_lambda=0.0, scale_pos_weight=4.432454653932323, subsample=0.7872113381661768;, score=0.689 total time=  34.1s
[CV 3/5] END colsample_bytree=0.9130814542285184, gamma=5.0, learning_rate=0.01, max_depth=11, n_estimators=600, reg_alpha=1.0, reg_lambda=1.0, scale_pos_weight=1.0, subsample=0.5;, score=0.684 total time= 1.3min
[CV 5/5] END colsample_bytree=1.0, gamma=0.0, learning_rate=0.01, max_depth=11, n_estimators=484, reg_alpha=0.9003376143887243, reg_lambda=0.0, scale_pos_weight=1.0, subsample=0.5;, score=0.689 total time= 1.5min
[CV 1/5] END colsample_bytree=0.5884310773285962, gamma=3.956273745095808, learning_rate=0.09433400294057596, max_depth=3, n_estimators=358, reg_alpha=0.9518132814942697, reg_lambda=0.3809750135114901, scale_pos_weight=9.06134743219249, subsample=0.507592106358912;, score=0.685 total time=  14.3s
[CV 1/5] END colsample_bytree=0.5, gamma=0.0, learning_rate=0.03949574296202537, max_depth=6, n_estimators=600, reg_alpha=1.0, reg_lambda=0.49789058684462284, scale_pos_weight=1.0, subsample=0.8279411452331398;, score=0.689 total time=  32.0s
[CV 1/5] END colsample_bytree=0.8815954072376182, gamma=3.7331901417873237, learning_rate=0.17645747985650953, max_depth=8, n_estimators=57, reg_alpha=0.49190136880777, reg_lambda=0.3598663461619562, scale_pos_weight=1.1357037324275359, subsample=0.9990469806567073;, score=0.681 total time=   7.3s
[CV 4/5] END colsample_bytree=0.5, gamma=5.0, learning_rate=0.01, max_depth=12, n_estimators=600, reg_alpha=1.0, reg_lambda=0.7306684235025069, scale_pos_weight=1.0, subsample=1.0;, score=0.689 total time= 1.4min
[CV 5/5] END colsample_bytree=0.8030528889555234, gamma=1.6962053480715786, learning_rate=0.2948495261392528, max_depth=11, n_estimators=95, reg_alpha=0.9163462307510882, reg_lambda=0.01834807849770082, scale_pos_weight=1.7906213382163045, subsample=0.9905911875460491;, score=0.649 total time=  14.2s
[CV 5/5] END colsample_bytree=0.5635384129917501, gamma=4.30320867344925, learning_rate=0.17080747360882675, max_depth=5, n_estimators=598, reg_alpha=0.45003309411260806, reg_lambda=0.8977916894321485, scale_pos_weight=1.151871727422216, subsample=0.9136937655309443;, score=0.685 total time=  18.9s
[CV 5/5] END colsample_bytree=0.6526467034803547, gamma=5.0, learning_rate=0.024026998174418376, max_depth=7, n_estimators=496, reg_alpha=1.0, reg_lambda=1.0, scale_pos_weight=1.0, subsample=0.7185043932622879;, score=0.692 total time=  34.3s
[CV 4/5] END colsample_bytree=0.5, gamma=4.0926153438347574, learning_rate=0.07598186833763665, max_depth=3, n_estimators=600, reg_alpha=1.0, reg_lambda=1.0, scale_pos_weight=5.251231867562786, subsample=0.7142662594824825;, score=0.688 total time=  22.8s
[CV 3/5] END colsample_bytree=0.8313012024403177, gamma=0.4361086359618355, learning_rate=0.29977954035188303, max_depth=6, n_estimators=56, reg_alpha=0.25890458547571676, reg_lambda=0.8202776165443734, scale_pos_weight=1.4799633013757747, subsample=0.9537306171029586;, score=0.675 total time=   5.5s
[CV 1/5] END colsample_bytree=0.5194723414047057, gamma=5.0, learning_rate=0.021554325907233773, max_depth=7, n_estimators=600, reg_alpha=1.0, reg_lambda=1.0, scale_pos_weight=1.0, subsample=0.7301594634907302;, score=0.690 total time=  37.9s
[CV 5/5] END colsample_bytree=0.5423552155980201, gamma=5.0, learning_rate=0.16496264435446037, max_depth=3, n_estimators=600, reg_alpha=0.8002847865905249, reg_lambda=1.0, scale_pos_weight=1.0, subsample=1.0;, score=0.687 total time=  16.6s
[CV 4/5] END colsample_bytree=0.5094779502092588, gamma=0.7498646841321412, learning_rate=0.02277722734594289, max_depth=7, n_estimators=600, reg_alpha=1.0, reg_lambda=1.0, scale_pos_weight=1.0, subsample=0.700684471810815;, score=0.690 total time=  40.4s
[CV 4/5] END colsample_bytree=0.5, gamma=4.434523161279565, learning_rate=0.023456325155787053, max_depth=7, n_estimators=600, reg_alpha=1.0, reg_lambda=1.0, scale_pos_weight=1.0, subsample=0.8065552378727924;, score=0.689 total time=  39.2s
[CV 4/5] END colsample_bytree=0.5, gamma=5.0, learning_rate=0.020094448342793437, max_depth=7, n_estimators=515, reg_alpha=1.0, reg_lambda=1.0, scale_pos_weight=1.0, subsample=0.7248449899586076;, score=0.690 total time=  35.5s
[CV 4/5] END colsample_bytree=0.5, gamma=5.0, learning_rate=0.023486865275603272, max_depth=7, n_estimators=490, reg_alpha=1.0, reg_lambda=0.5570016055668544, scale_pos_weight=1.0, subsample=0.8664085780898524;, score=0.690 total time=  33.3s
[CV 3/5] END colsample_bytree=0.5269128050365464, gamma=4.94193239364443, learning_rate=0.026620064981908394, max_depth=7, n_estimators=487, reg_alpha=1.0, reg_lambda=1.0, scale_pos_weight=1.0, subsample=0.8599101150260361;, score=0.684 total time=  30.0s
[CV 5/5] END colsample_bytree=0.9667250896712352, gamma=1.7135329768757992, learning_rate=0.19752986105108558, max_depth=3, n_estimators=81, reg_alpha=0.6830272557676595, reg_lambda=0.3156340423577379, scale_pos_weight=2.0052385912089203, subsample=0.5679161555115346;, score=0.685 total time=   5.4s
[CV 1/5] END colsample_bytree=0.5, gamma=5.0, learning_rate=0.02109615904193636, max_depth=7, n_estimators=533, reg_alpha=1.0, reg_lambda=1.0, scale_pos_weight=1.0, subsample=0.8117796214860373;, score=0.689 total time=  35.4s
[CV 3/5] END colsample_bytree=0.5, gamma=5.0, learning_rate=0.025179401587726066, max_depth=8, n_estimators=441, reg_alpha=1.0, reg_lambda=1.0, scale_pos_weight=1.0, subsample=0.9690928342134989;, score=0.684 total time=  30.2s
[CV 1/5] END colsample_bytree=0.5, gamma=2.758099101761555, learning_rate=0.020845884366460246, max_depth=7, n_estimators=520, reg_alpha=1.0, reg_lambda=1.0, scale_pos_weight=1.0, subsample=0.7928477994520547;, score=0.690 total time=  36.6s
[CV 4/5] END colsample_bytree=0.5, gamma=5.0, learning_rate=0.021533777613086242, max_depth=8, n_estimators=542, reg_alpha=1.0, reg_lambda=0.2762065326121309, scale_pos_weight=1.0, subsample=0.7898633187829196;, score=0.689 total time=  38.8s
[CV 2/5] END colsample_bytree=0.6946456063126998, gamma=5.0, learning_rate=0.021313790309389256, max_depth=8, n_estimators=512, reg_alpha=1.0, reg_lambda=1.0, scale_pos_weight=1.0, subsample=0.9277503553653398;, score=0.687 total time=  37.5s
[CV 5/5] END colsample_bytree=0.5, gamma=4.679851952841958, learning_rate=0.07850963454035594, max_depth=5, n_estimators=214, reg_alpha=1.0, reg_lambda=1.0, scale_pos_weight=5.0641306933242625, subsample=1.0;, score=0.689 total time=  12.0s
[CV 3/5] END colsample_bytree=0.5, gamma=4.841292784346077, learning_rate=0.019377213484336617, max_depth=8, n_estimators=549, reg_alpha=1.0, reg_lambda=0.5747245605524549, scale_pos_weight=1.0, subsample=0.7605323356569178;, score=0.685 total time=  41.0s
[CV 5/5] END colsample_bytree=0.5, gamma=5.0, learning_rate=0.020830486810367872, max_depth=8, n_estimators=553, reg_alpha=1.0, reg_lambda=0.8048965611054756, scale_pos_weight=1.0, subsample=0.7810406638732289;, score=0.691 total time=  41.4s
[CV 4/5] END colsample_bytree=0.5, gamma=4.41766332093963, learning_rate=0.037716233873156216, max_depth=8, n_estimators=250, reg_alpha=1.0, reg_lambda=0.16919353589648523, scale_pos_weight=1.0, subsample=0.6006090499782719;, score=0.687 total time=  20.9s
[CV 1/5] END colsample_bytree=0.5249977000784193, gamma=5.0, learning_rate=0.0216579768405847, max_depth=8, n_estimators=544, reg_alpha=1.0, reg_lambda=0.4062286635251464, scale_pos_weight=1.0, subsample=0.7785552821992844;, score=0.690 total time=  39.3s
[CV 2/5] END colsample_bytree=0.5, gamma=5.0, learning_rate=0.021633288000960753, max_depth=8, n_estimators=558, reg_alpha=1.0, reg_lambda=0.843917985826988, scale_pos_weight=1.0, subsample=0.8414101769165114;, score=0.687 total time=  40.1s
[CV 4/5] END colsample_bytree=0.5223428728086879, gamma=2.208309481119182, learning_rate=0.15646673083488305, max_depth=6, n_estimators=61, reg_alpha=0.3811723860004661, reg_lambda=0.43713356544826165, scale_pos_weight=9.874192692348071, subsample=0.5473676425883547;, score=0.681 total time=   6.3s
[CV 4/5] END colsample_bytree=0.8071898912402704, gamma=5.0, learning_rate=0.019290029624951924, max_depth=8, n_estimators=600, reg_alpha=1.0, reg_lambda=0.9675712297165195, scale_pos_weight=1.0, subsample=0.8066635329633789;, score=0.690 total time=  45.5s
[CV 4/5] END colsample_bytree=0.5162818755250678, gamma=2.127353301324721, learning_rate=0.015043095908718579, max_depth=3, n_estimators=586, reg_alpha=0.6433102785136848, reg_lambda=0.15622569208548046, scale_pos_weight=1.8399990981561638, subsample=0.5822652028363621;, score=0.681 total time=  24.2s
[CV 2/5] END colsample_bytree=0.5, gamma=5.0, learning_rate=0.019562793018843318, max_depth=7, n_estimators=574, reg_alpha=1.0, reg_lambda=1.0, scale_pos_weight=1.5929221527448074, subsample=0.8076898995299168;, score=0.687 total time=  38.7s
[CV 1/5] END colsample_bytree=0.5, gamma=5.0, learning_rate=0.020830486810367872, max_depth=8, n_estimators=553, reg_alpha=1.0, reg_lambda=0.8048965611054756, scale_pos_weight=1.0, subsample=0.7810406638732289;, score=0.690 total time=  40.0s
[CV 2/5] END colsample_bytree=0.5, gamma=4.41766332093963, learning_rate=0.037716233873156216, max_depth=8, n_estimators=250, reg_alpha=1.0, reg_lambda=0.16919353589648523, scale_pos_weight=1.0, subsample=0.6006090499782719;, score=0.685 total time=  20.8s
[CV 2/5] END colsample_bytree=0.5, gamma=2.82050693691024, learning_rate=0.018716576363045363, max_depth=8, n_estimators=600, reg_alpha=1.0, reg_lambda=0.535439735920852, scale_pos_weight=1.0, subsample=0.8139446122158926;, score=0.687 total time=  45.8s
[CV 5/5] END colsample_bytree=0.5162818755250678, gamma=2.127353301324721, learning_rate=0.015043095908718579, max_depth=3, n_estimators=586, reg_alpha=0.6433102785136848, reg_lambda=0.15622569208548046, scale_pos_weight=1.8399990981561638, subsample=0.5822652028363621;, score=0.683 total time=  24.5s
[CV 3/5] END colsample_bytree=0.5, gamma=5.0, learning_rate=0.019562793018843318, max_depth=7, n_estimators=574, reg_alpha=1.0, reg_lambda=1.0, scale_pos_weight=1.5929221527448074, subsample=0.8076898995299168;, score=0.685 total time=  38.7s
[CV 3/5] END colsample_bytree=0.5, gamma=5.0, learning_rate=0.020830486810367872, max_depth=8, n_estimators=553, reg_alpha=1.0, reg_lambda=0.8048965611054756, scale_pos_weight=1.0, subsample=0.7810406638732289;, score=0.685 total time=  39.4s
[CV 5/5] END colsample_bytree=0.5223428728086879, gamma=2.208309481119182, learning_rate=0.15646673083488305, max_depth=6, n_estimators=61, reg_alpha=0.3811723860004661, reg_lambda=0.43713356544826165, scale_pos_weight=9.874192692348071, subsample=0.5473676425883547;, score=0.682 total time=   6.0s
[CV 2/5] END colsample_bytree=0.8071898912402704, gamma=5.0, learning_rate=0.019290029624951924, max_depth=8, n_estimators=600, reg_alpha=1.0, reg_lambda=0.9675712297165195, scale_pos_weight=1.0, subsample=0.8066635329633789;, score=0.687 total time=  44.6s
[CV 2/5] END colsample_bytree=0.5162818755250678, gamma=2.127353301324721, learning_rate=0.015043095908718579, max_depth=3, n_estimators=586, reg_alpha=0.6433102785136848, reg_lambda=0.15622569208548046, scale_pos_weight=1.8399990981561638, subsample=0.5822652028363621;, score=0.681 total time=  24.6s
[CV 4/5] END colsample_bytree=0.5, gamma=5.0, learning_rate=0.019562793018843318, max_depth=7, n_estimators=574, reg_alpha=1.0, reg_lambda=1.0, scale_pos_weight=1.5929221527448074, subsample=0.8076898995299168;, score=0.690 total time=  39.4s
[CV 4/5] END colsample_bytree=0.5, gamma=5.0, learning_rate=0.020830486810367872, max_depth=8, n_estimators=553, reg_alpha=1.0, reg_lambda=0.8048965611054756, scale_pos_weight=1.0, subsample=0.7810406638732289;, score=0.689 total time=  40.5s
[CV 3/5] END colsample_bytree=0.5, gamma=4.41766332093963, learning_rate=0.037716233873156216, max_depth=8, n_estimators=250, reg_alpha=1.0, reg_lambda=0.16919353589648523, scale_pos_weight=1.0, subsample=0.6006090499782719;, score=0.682 total time=  20.5s
[CV 5/5] END colsample_bytree=0.8071898912402704, gamma=5.0, learning_rate=0.019290029624951924, max_depth=8, n_estimators=600, reg_alpha=1.0, reg_lambda=0.9675712297165195, scale_pos_weight=1.0, subsample=0.8066635329633789;, score=0.693 total time=  44.6s
[CV 3/5] END colsample_bytree=0.5162818755250678, gamma=2.127353301324721, learning_rate=0.015043095908718579, max_depth=3, n_estimators=586, reg_alpha=0.6433102785136848, reg_lambda=0.15622569208548046, scale_pos_weight=1.8399990981561638, subsample=0.5822652028363621;, score=0.676 total time=  26.1s
[CV 2/5] END colsample_bytree=0.5, gamma=4.841292784346077, learning_rate=0.019377213484336617, max_depth=8, n_estimators=549, reg_alpha=1.0, reg_lambda=0.5747245605524549, scale_pos_weight=1.0, subsample=0.7605323356569178;, score=0.687 total time=  41.4s
[CV 2/5] END colsample_bytree=0.5, gamma=5.0, learning_rate=0.020689642725816068, max_depth=8, n_estimators=526, reg_alpha=1.0, reg_lambda=0.7704574027451997, scale_pos_weight=1.0, subsample=0.8626114244948414;, score=0.688 total time=  38.2s
[CV 5/5] END colsample_bytree=0.5, gamma=4.41766332093963, learning_rate=0.037716233873156216, max_depth=8, n_estimators=250, reg_alpha=1.0, reg_lambda=0.16919353589648523, scale_pos_weight=1.0, subsample=0.6006090499782719;, score=0.690 total time=  20.7s
[CV 1/5] END colsample_bytree=0.5, gamma=2.82050693691024, learning_rate=0.018716576363045363, max_depth=8, n_estimators=600, reg_alpha=1.0, reg_lambda=0.535439735920852, scale_pos_weight=1.0, subsample=0.8139446122158926;, score=0.690 total time=  46.4s
[CV 2/5] END colsample_bytree=0.6455299167178528, gamma=5.0, learning_rate=0.020848754835455327, max_depth=8, n_estimators=600, reg_alpha=1.0, reg_lambda=1.0, scale_pos_weight=1.0, subsample=0.8156969359827715;, score=0.687 total time=  42.1s
[CV 3/5] END colsample_bytree=0.5, gamma=2.82050693691024, learning_rate=0.018716576363045363, max_depth=8, n_estimators=600, reg_alpha=1.0, reg_lambda=0.535439735920852, scale_pos_weight=1.0, subsample=0.8139446122158926;, score=0.685 total time=  46.3s
[CV 1/5] END colsample_bytree=0.6455299167178528, gamma=5.0, learning_rate=0.020848754835455327, max_depth=8, n_estimators=600, reg_alpha=1.0, reg_lambda=1.0, scale_pos_weight=1.0, subsample=0.8156969359827715;, score=0.690 total time=  42.1s
[CV 1/5] END colsample_bytree=0.5, gamma=5.0, learning_rate=0.019562793018843318, max_depth=7, n_estimators=574, reg_alpha=1.0, reg_lambda=1.0, scale_pos_weight=1.5929221527448074, subsample=0.8076898995299168;, score=0.690 total time=  38.7s
[CV 2/5] END colsample_bytree=0.5, gamma=5.0, learning_rate=0.020830486810367872, max_depth=8, n_estimators=553, reg_alpha=1.0, reg_lambda=0.8048965611054756, scale_pos_weight=1.0, subsample=0.7810406638732289;, score=0.688 total time=  39.9s
[CV 1/5] END colsample_bytree=0.5, gamma=4.41766332093963, learning_rate=0.037716233873156216, max_depth=8, n_estimators=250, reg_alpha=1.0, reg_lambda=0.16919353589648523, scale_pos_weight=1.0, subsample=0.6006090499782719;, score=0.688 total time=  21.6s
[CV 4/5] END colsample_bytree=0.5, gamma=2.82050693691024, learning_rate=0.018716576363045363, max_depth=8, n_estimators=600, reg_alpha=1.0, reg_lambda=0.535439735920852, scale_pos_weight=1.0, subsample=0.8139446122158926;, score=0.689 total time=  47.2s
[CV 4/5] END colsample_bytree=0.6455299167178528, gamma=5.0, learning_rate=0.020848754835455327, max_depth=8, n_estimators=600, reg_alpha=1.0, reg_lambda=1.0, scale_pos_weight=1.0, subsample=0.8156969359827715;, score=0.689 total time=  42.8s
[CV 2/5] END colsample_bytree=0.7566429399857122, gamma=5.0, learning_rate=0.020709876033664074, max_depth=8, n_estimators=559, reg_alpha=1.0, reg_lambda=0.9844810841128881, scale_pos_weight=1.0, subsample=0.7797301928149106;, score=0.687 total time=  42.6s
[CV 3/5] END colsample_bytree=0.9495344387241293, gamma=4.8124691245296205, learning_rate=0.03122074851437505, max_depth=5, n_estimators=600, reg_alpha=0.0, reg_lambda=0.6988186453885035, scale_pos_weight=10.0, subsample=0.8300448312391494;, score=0.682 total time=  28.4s
[CV 5/5] END colsample_bytree=0.6455299167178528, gamma=5.0, learning_rate=0.020848754835455327, max_depth=8, n_estimators=600, reg_alpha=1.0, reg_lambda=1.0, scale_pos_weight=1.0, subsample=0.8156969359827715;, score=0.692 total time=  43.2s
[CV 2/5] END colsample_bytree=0.8340519363019165, gamma=0.3049665880451086, learning_rate=0.16334353846639826, max_depth=3, n_estimators=351, reg_alpha=0.10660444307211572, reg_lambda=0.9566974632288276, scale_pos_weight=5.932225351096681, subsample=0.9805696256578594;, score=0.684 total time=  13.3s
[CV 5/5] END colsample_bytree=0.5, gamma=4.841292784346077, learning_rate=0.019377213484336617, max_depth=8, n_estimators=549, reg_alpha=1.0, reg_lambda=0.5747245605524549, scale_pos_weight=1.0, subsample=0.7605323356569178;, score=0.691 total time=  42.1s
[CV 4/5] END colsample_bytree=0.5, gamma=5.0, learning_rate=0.020689642725816068, max_depth=8, n_estimators=526, reg_alpha=1.0, reg_lambda=0.7704574027451997, scale_pos_weight=1.0, subsample=0.8626114244948414;, score=0.690 total time=  39.9s
[CV 4/5] END colsample_bytree=0.7566429399857122, gamma=5.0, learning_rate=0.020709876033664074, max_depth=8, n_estimators=559, reg_alpha=1.0, reg_lambda=0.9844810841128881, scale_pos_weight=1.0, subsample=0.7797301928149106;, score=0.690 total time=  41.0s
[CV 5/5] END colsample_bytree=0.5, gamma=2.82050693691024, learning_rate=0.018716576363045363, max_depth=8, n_estimators=600, reg_alpha=1.0, reg_lambda=0.535439735920852, scale_pos_weight=1.0, subsample=0.8139446122158926;, score=0.692 total time=  47.2s
[CV 3/5] END colsample_bytree=0.6455299167178528, gamma=5.0, learning_rate=0.020848754835455327, max_depth=8, n_estimators=600, reg_alpha=1.0, reg_lambda=1.0, scale_pos_weight=1.0, subsample=0.8156969359827715;, score=0.685 total time=  43.9s
[CV 2/5] END colsample_bytree=0.5, gamma=5.0, learning_rate=0.018915023521780816, max_depth=8, n_estimators=600, reg_alpha=1.0, reg_lambda=1.0, scale_pos_weight=1.0, subsample=0.7563578934203523;, score=0.687 total time=  43.9s
[CV 2/5] END colsample_bytree=0.5, gamma=4.742364943826034, learning_rate=0.022010866833465127, max_depth=8, n_estimators=530, reg_alpha=1.0, reg_lambda=0.5213083226107063, scale_pos_weight=1.0, subsample=0.8599963221724529;, score=0.687 total time=  38.3s
[CV 2/5] END colsample_bytree=0.629280217116383, gamma=5.0, learning_rate=0.021103283453890335, max_depth=8, n_estimators=549, reg_alpha=1.0, reg_lambda=1.0, scale_pos_weight=1.0, subsample=0.7753621740662766;, score=0.687 total time=  41.0s
[CV 4/5] END colsample_bytree=0.5319196097720752, gamma=5.0, learning_rate=0.021460919791502327, max_depth=7, n_estimators=552, reg_alpha=1.0, reg_lambda=0.9476360789414479, scale_pos_weight=1.0, subsample=0.7536135667513206;, score=0.690 total time=  36.5s
[CV 1/5] END colsample_bytree=0.7934695088502912, gamma=5.0, learning_rate=0.01901889589312362, max_depth=8, n_estimators=600, reg_alpha=1.0, reg_lambda=0.5086947077169869, scale_pos_weight=1.0, subsample=0.7671915331529156;, score=0.690 total time=  45.3s
[CV 1/5] END colsample_bytree=0.7704683332851103, gamma=0.846273608241967, learning_rate=0.01, max_depth=14, n_estimators=600, reg_alpha=1.0, reg_lambda=0.8900058766149129, scale_pos_weight=1.0, subsample=1.0;, score=0.685 total time= 3.6min
[CV 3/5] END colsample_bytree=0.5249977000784193, gamma=5.0, learning_rate=0.0216579768405847, max_depth=8, n_estimators=544, reg_alpha=1.0, reg_lambda=0.4062286635251464, scale_pos_weight=1.0, subsample=0.7785552821992844;, score=0.684 total time=  38.2s
[CV 5/5] END colsample_bytree=0.5, gamma=4.742364943826034, learning_rate=0.022010866833465127, max_depth=8, n_estimators=530, reg_alpha=1.0, reg_lambda=0.5213083226107063, scale_pos_weight=1.0, subsample=0.8599963221724529;, score=0.692 total time=  38.7s
[CV 4/5] END colsample_bytree=0.629280217116383, gamma=5.0, learning_rate=0.021103283453890335, max_depth=8, n_estimators=549, reg_alpha=1.0, reg_lambda=1.0, scale_pos_weight=1.0, subsample=0.7753621740662766;, score=0.690 total time=  40.7s
[CV 2/5] END colsample_bytree=0.5319196097720752, gamma=5.0, learning_rate=0.021460919791502327, max_depth=7, n_estimators=552, reg_alpha=1.0, reg_lambda=0.9476360789414479, scale_pos_weight=1.0, subsample=0.7536135667513206;, score=0.687 total time=  40.8s
[CV 4/5] END colsample_bytree=0.7934695088502912, gamma=5.0, learning_rate=0.01901889589312362, max_depth=8, n_estimators=600, reg_alpha=1.0, reg_lambda=0.5086947077169869, scale_pos_weight=1.0, subsample=0.7671915331529156;, score=0.690 total time=  45.7s
[CV 3/5] END colsample_bytree=0.7704683332851103, gamma=0.846273608241967, learning_rate=0.01, max_depth=14, n_estimators=600, reg_alpha=1.0, reg_lambda=0.8900058766149129, scale_pos_weight=1.0, subsample=1.0;, score=0.682 total time= 3.6min
[CV 3/5] END colsample_bytree=0.5, gamma=4.679851952841958, learning_rate=0.07850963454035594, max_depth=5, n_estimators=214, reg_alpha=1.0, reg_lambda=1.0, scale_pos_weight=5.0641306933242625, subsample=1.0;, score=0.682 total time=  11.7s
[CV 5/5] END colsample_bytree=0.5, gamma=5.0, learning_rate=0.019562793018843318, max_depth=7, n_estimators=574, reg_alpha=1.0, reg_lambda=1.0, scale_pos_weight=1.5929221527448074, subsample=0.8076898995299168;, score=0.691 total time=  38.6s
[CV 5/5] END colsample_bytree=0.5, gamma=5.0, learning_rate=0.021633288000960753, max_depth=8, n_estimators=558, reg_alpha=1.0, reg_lambda=0.843917985826988, scale_pos_weight=1.0, subsample=0.8414101769165114;, score=0.692 total time=  38.9s
[CV 1/5] END colsample_bytree=0.5223428728086879, gamma=2.208309481119182, learning_rate=0.15646673083488305, max_depth=6, n_estimators=61, reg_alpha=0.3811723860004661, reg_lambda=0.43713356544826165, scale_pos_weight=9.874192692348071, subsample=0.5473676425883547;, score=0.680 total time=   6.0s
[CV 1/5] END colsample_bytree=0.8071898912402704, gamma=5.0, learning_rate=0.019290029624951924, max_depth=8, n_estimators=600, reg_alpha=1.0, reg_lambda=0.9675712297165195, scale_pos_weight=1.0, subsample=0.8066635329633789;, score=0.690 total time=  44.3s
[CV 1/5] END colsample_bytree=0.5162818755250678, gamma=2.127353301324721, learning_rate=0.015043095908718579, max_depth=3, n_estimators=586, reg_alpha=0.6433102785136848, reg_lambda=0.15622569208548046, scale_pos_weight=1.8399990981561638, subsample=0.5822652028363621;, score=0.680 total time=  23.8s
[CV 5/5] END colsample_bytree=0.7704683332851103, gamma=0.846273608241967, learning_rate=0.01, max_depth=14, n_estimators=600, reg_alpha=1.0, reg_lambda=0.8900058766149129, scale_pos_weight=1.0, subsample=1.0;, score=0.689 total time= 3.6min
[CV 5/5] END colsample_bytree=0.5249977000784193, gamma=5.0, learning_rate=0.0216579768405847, max_depth=8, n_estimators=544, reg_alpha=1.0, reg_lambda=0.4062286635251464, scale_pos_weight=1.0, subsample=0.7785552821992844;, score=0.692 total time=  40.2s
[CV 4/5] END colsample_bytree=0.5, gamma=5.0, learning_rate=0.021633288000960753, max_depth=8, n_estimators=558, reg_alpha=1.0, reg_lambda=0.843917985826988, scale_pos_weight=1.0, subsample=0.8414101769165114;, score=0.689 total time=  40.1s
[CV 3/5] END colsample_bytree=0.5223428728086879, gamma=2.208309481119182, learning_rate=0.15646673083488305, max_depth=6, n_estimators=61, reg_alpha=0.3811723860004661, reg_lambda=0.43713356544826165, scale_pos_weight=9.874192692348071, subsample=0.5473676425883547;, score=0.674 total time=   5.9s
[CV 5/5] END colsample_bytree=0.5319196097720752, gamma=5.0, learning_rate=0.021460919791502327, max_depth=7, n_estimators=552, reg_alpha=1.0, reg_lambda=0.9476360789414479, scale_pos_weight=1.0, subsample=0.7536135667513206;, score=0.691 total time=  37.2s
[CV 2/5] END colsample_bytree=0.7934695088502912, gamma=5.0, learning_rate=0.01901889589312362, max_depth=8, n_estimators=600, reg_alpha=1.0, reg_lambda=0.5086947077169869, scale_pos_weight=1.0, subsample=0.7671915331529156;, score=0.688 total time=  45.3s
[CV 2/5] END colsample_bytree=0.7704683332851103, gamma=0.846273608241967, learning_rate=0.01, max_depth=14, n_estimators=600, reg_alpha=1.0, reg_lambda=0.8900058766149129, scale_pos_weight=1.0, subsample=1.0;, score=0.685 total time= 3.6min
[CV 2/5] END colsample_bytree=0.5249977000784193, gamma=5.0, learning_rate=0.0216579768405847, max_depth=8, n_estimators=544, reg_alpha=1.0, reg_lambda=0.4062286635251464, scale_pos_weight=1.0, subsample=0.7785552821992844;, score=0.687 total time=  39.5s
[CV 3/5] END colsample_bytree=0.5, gamma=5.0, learning_rate=0.021633288000960753, max_depth=8, n_estimators=558, reg_alpha=1.0, reg_lambda=0.843917985826988, scale_pos_weight=1.0, subsample=0.8414101769165114;, score=0.685 total time=  39.1s
[CV 2/5] END colsample_bytree=0.5223428728086879, gamma=2.208309481119182, learning_rate=0.15646673083488305, max_depth=6, n_estimators=61, reg_alpha=0.3811723860004661, reg_lambda=0.43713356544826165, scale_pos_weight=9.874192692348071, subsample=0.5473676425883547;, score=0.678 total time=   6.2s
[CV 3/5] END colsample_bytree=0.8071898912402704, gamma=5.0, learning_rate=0.019290029624951924, max_depth=8, n_estimators=600, reg_alpha=1.0, reg_lambda=0.9675712297165195, scale_pos_weight=1.0, subsample=0.8066635329633789;, score=0.685 total time=  43.8s
[CV 5/5] END colsample_bytree=0.7934695088502912, gamma=5.0, learning_rate=0.01901889589312362, max_depth=8, n_estimators=600, reg_alpha=1.0, reg_lambda=0.5086947077169869, scale_pos_weight=1.0, subsample=0.7671915331529156;, score=0.692 total time=  45.9s
[CV 4/5] END colsample_bytree=0.7704683332851103, gamma=0.846273608241967, learning_rate=0.01, max_depth=14, n_estimators=600, reg_alpha=1.0, reg_lambda=0.8900058766149129, scale_pos_weight=1.0, subsample=1.0;, score=0.686 total time= 3.7min
[CV 3/5] END colsample_bytree=0.5, gamma=5.0, learning_rate=0.018915023521780816, max_depth=8, n_estimators=600, reg_alpha=1.0, reg_lambda=1.0, scale_pos_weight=1.0, subsample=0.7563578934203523;, score=0.686 total time=  43.5s
[CV 5/5] END colsample_bytree=0.5, gamma=5.0, learning_rate=0.021575987165567342, max_depth=7, n_estimators=583, reg_alpha=1.0, reg_lambda=0.7973332971428171, scale_pos_weight=1.0, subsample=0.6749279261333956;, score=0.692 total time=  37.7s
[CV 5/5] END colsample_bytree=0.5, gamma=5.0, learning_rate=0.020689642725816068, max_depth=8, n_estimators=526, reg_alpha=1.0, reg_lambda=0.7704574027451997, scale_pos_weight=1.0, subsample=0.8626114244948414;, score=0.692 total time=  38.6s
[CV 3/5] END colsample_bytree=0.7566429399857122, gamma=5.0, learning_rate=0.020709876033664074, max_depth=8, n_estimators=559, reg_alpha=1.0, reg_lambda=0.9844810841128881, scale_pos_weight=1.0, subsample=0.7797301928149106;, score=0.684 total time=  41.4s
[CV 1/5] END colsample_bytree=0.9495344387241293, gamma=4.8124691245296205, learning_rate=0.03122074851437505, max_depth=5, n_estimators=600, reg_alpha=0.0, reg_lambda=0.6988186453885035, scale_pos_weight=10.0, subsample=0.8300448312391494;, score=0.688 total time=  28.9s
[CV 1/5] END colsample_bytree=0.8245919425230666, gamma=4.310641666268557, learning_rate=0.018103544648740554, max_depth=7, n_estimators=600, reg_alpha=1.0, reg_lambda=0.7122170225291838, scale_pos_weight=1.0, subsample=0.7462860355735556;, score=0.690 total time=  40.5s
[CV 4/5] END colsample_bytree=0.8340519363019165, gamma=0.3049665880451086, learning_rate=0.16334353846639826, max_depth=3, n_estimators=351, reg_alpha=0.10660444307211572, reg_lambda=0.9566974632288276, scale_pos_weight=5.932225351096681, subsample=0.9805696256578594;, score=0.687 total time=  13.4s
[CV 2/5] END colsample_bytree=0.5, gamma=5.0, learning_rate=0.021575987165567342, max_depth=7, n_estimators=583, reg_alpha=1.0, reg_lambda=0.7973332971428171, scale_pos_weight=1.0, subsample=0.6749279261333956;, score=0.688 total time=  38.5s
[CV 2/5] END colsample_bytree=0.5, gamma=4.5030954395601706, learning_rate=0.020178790078507248, max_depth=8, n_estimators=530, reg_alpha=1.0, reg_lambda=0.5753097194580499, scale_pos_weight=1.0, subsample=0.7498770076627889;, score=0.687 total time=  41.1s
[CV 2/5] END colsample_bytree=0.6045545229570837, gamma=5.0, learning_rate=0.01763857412070709, max_depth=7, n_estimators=600, reg_alpha=1.0, reg_lambda=1.0, scale_pos_weight=1.0, subsample=0.7039641873244621;, score=0.688 total time=  40.2s
[CV 5/5] END colsample_bytree=0.9495344387241293, gamma=4.8124691245296205, learning_rate=0.03122074851437505, max_depth=5, n_estimators=600, reg_alpha=0.0, reg_lambda=0.6988186453885035, scale_pos_weight=10.0, subsample=0.8300448312391494;, score=0.690 total time=  29.5s
[CV 3/5] END colsample_bytree=0.8245919425230666, gamma=4.310641666268557, learning_rate=0.018103544648740554, max_depth=7, n_estimators=600, reg_alpha=1.0, reg_lambda=0.7122170225291838, scale_pos_weight=1.0, subsample=0.7462860355735556;, score=0.685 total time=  41.3s
[CV 3/5] END colsample_bytree=0.8340519363019165, gamma=0.3049665880451086, learning_rate=0.16334353846639826, max_depth=3, n_estimators=351, reg_alpha=0.10660444307211572, reg_lambda=0.9566974632288276, scale_pos_weight=5.932225351096681, subsample=0.9805696256578594;, score=0.681 total time=  13.3s
[CV 1/5] END colsample_bytree=0.5, gamma=5.0, learning_rate=0.021575987165567342, max_depth=7, n_estimators=583, reg_alpha=1.0, reg_lambda=0.7973332971428171, scale_pos_weight=1.0, subsample=0.6749279261333956;, score=0.690 total time=  38.0s
[CV 1/5] END colsample_bytree=0.5, gamma=4.5030954395601706, learning_rate=0.020178790078507248, max_depth=8, n_estimators=530, reg_alpha=1.0, reg_lambda=0.5753097194580499, scale_pos_weight=1.0, subsample=0.7498770076627889;, score=0.690 total time=  40.9s
[CV 1/5] END colsample_bytree=0.6045545229570837, gamma=5.0, learning_rate=0.01763857412070709, max_depth=7, n_estimators=600, reg_alpha=1.0, reg_lambda=1.0, scale_pos_weight=1.0, subsample=0.7039641873244621;, score=0.690 total time=  40.9s
[CV 3/5] END colsample_bytree=0.6485755767463101, gamma=2.313012530780717, learning_rate=0.11518780225993307, max_depth=6, n_estimators=413, reg_alpha=0.31640351621284074, reg_lambda=0.6729390080449894, scale_pos_weight=9.6891997646947, subsample=0.9643821899667286;, score=0.674 total time=  20.1s
[CV 5/5] END colsample_bytree=0.8245919425230666, gamma=4.310641666268557, learning_rate=0.018103544648740554, max_depth=7, n_estimators=600, reg_alpha=1.0, reg_lambda=0.7122170225291838, scale_pos_weight=1.0, subsample=0.7462860355735556;, score=0.691 total time=  41.5s
[CV 1/5] END colsample_bytree=0.7566429399857122, gamma=5.0, learning_rate=0.020709876033664074, max_depth=8, n_estimators=559, reg_alpha=1.0, reg_lambda=0.9844810841128881, scale_pos_weight=1.0, subsample=0.7797301928149106;, score=0.690 total time=  42.3s
[CV 2/5] END colsample_bytree=0.9495344387241293, gamma=4.8124691245296205, learning_rate=0.03122074851437505, max_depth=5, n_estimators=600, reg_alpha=0.0, reg_lambda=0.6988186453885035, scale_pos_weight=10.0, subsample=0.8300448312391494;, score=0.685 total time=  29.1s
[CV 2/5] END colsample_bytree=0.8245919425230666, gamma=4.310641666268557, learning_rate=0.018103544648740554, max_depth=7, n_estimators=600, reg_alpha=1.0, reg_lambda=0.7122170225291838, scale_pos_weight=1.0, subsample=0.7462860355735556;, score=0.687 total time=  41.6s
[CV 1/5] END colsample_bytree=0.8340519363019165, gamma=0.3049665880451086, learning_rate=0.16334353846639826, max_depth=3, n_estimators=351, reg_alpha=0.10660444307211572, reg_lambda=0.9566974632288276, scale_pos_weight=5.932225351096681, subsample=0.9805696256578594;, score=0.686 total time=  15.0s
[CV 4/5] END colsample_bytree=0.5, gamma=5.0, learning_rate=0.021575987165567342, max_depth=7, n_estimators=583, reg_alpha=1.0, reg_lambda=0.7973332971428171, scale_pos_weight=1.0, subsample=0.6749279261333956;, score=0.690 total time=  38.6s
[CV 3/5] END colsample_bytree=0.5, gamma=4.5030954395601706, learning_rate=0.020178790078507248, max_depth=8, n_estimators=530, reg_alpha=1.0, reg_lambda=0.5753097194580499, scale_pos_weight=1.0, subsample=0.7498770076627889;, score=0.685 total time=  40.0s
[CV 5/5] END colsample_bytree=0.7566429399857122, gamma=5.0, learning_rate=0.020709876033664074, max_depth=8, n_estimators=559, reg_alpha=1.0, reg_lambda=0.9844810841128881, scale_pos_weight=1.0, subsample=0.7797301928149106;, score=0.692 total time=  43.1s
[CV 4/5] END colsample_bytree=0.9495344387241293, gamma=4.8124691245296205, learning_rate=0.03122074851437505, max_depth=5, n_estimators=600, reg_alpha=0.0, reg_lambda=0.6988186453885035, scale_pos_weight=10.0, subsample=0.8300448312391494;, score=0.688 total time=  29.9s
[CV 4/5] END colsample_bytree=0.8245919425230666, gamma=4.310641666268557, learning_rate=0.018103544648740554, max_depth=7, n_estimators=600, reg_alpha=1.0, reg_lambda=0.7122170225291838, scale_pos_weight=1.0, subsample=0.7462860355735556;, score=0.689 total time=  42.1s
Fitting 5 folds for each of 1 candidates, totalling 5 fits
Fitting 5 folds for each of 1 candidates, totalling 5 fits
Fitting 5 folds for each of 1 candidates, totalling 5 fits
Fitting 5 folds for each of 1 candidates, totalling 5 fits
Fitting 5 folds for each of 1 candidates, totalling 5 fits
Fitting 5 folds for each of 1 candidates, totalling 5 fits
Fitting 5 folds for each of 1 candidates, totalling 5 fits
Fitting 5 folds for each of 1 candidates, totalling 5 fits
Fitting 5 folds for each of 1 candidates, totalling 5 fits
Fitting 5 folds for each of 1 candidates, totalling 5 fits
Fitting 5 folds for each of 1 candidates, totalling 5 fits
Fitting 5 folds for each of 1 candidates, totalling 5 fits
Fitting 5 folds for each of 1 candidates, totalling 5 fits
Fitting 5 folds for each of 1 candidates, totalling 5 fits
Fitting 5 folds for each of 1 candidates, totalling 5 fits
Fitting 5 folds for each of 1 candidates, totalling 5 fits
Fitting 5 folds for each of 1 candidates, totalling 5 fits
Fitting 5 folds for each of 1 candidates, totalling 5 fits
Fitting 5 folds for each of 1 candidates, totalling 5 fits
Fitting 5 folds for each of 1 candidates, totalling 5 fits
Fitting 5 folds for each of 1 candidates, totalling 5 fits
Fitting 5 folds for each of 1 candidates, totalling 5 fits
Fitting 5 folds for each of 1 candidates, totalling 5 fits
Fitting 5 folds for each of 1 candidates, totalling 5 fits
Fitting 5 folds for each of 1 candidates, totalling 5 fits
Fitting 5 folds for each of 1 candidates, totalling 5 fits
Fitting 5 folds for each of 1 candidates, totalling 5 fits
Fitting 5 folds for each of 1 candidates, totalling 5 fits
Fitting 5 folds for each of 1 candidates, totalling 5 fits
Fitting 5 folds for each of 1 candidates, totalling 5 fits
Fitting 5 folds for each of 1 candidates, totalling 5 fits
Fitting 5 folds for each of 1 candidates, totalling 5 fits
Fitting 5 folds for each of 1 candidates, totalling 5 fits
Fitting 5 folds for each of 1 candidates, totalling 5 fits
Fitting 5 folds for each of 1 candidates, totalling 5 fits
Fitting 5 folds for each of 1 candidates, totalling 5 fits
Fitting 5 folds for each of 1 candidates, totalling 5 fits
Fitting 5 folds for each of 1 candidates, totalling 5 fits
Fitting 5 folds for each of 1 candidates, totalling 5 fits
Fitting 5 folds for each of 1 candidates, totalling 5 fits
Fitting 5 folds for each of 1 candidates, totalling 5 fits
Fitting 5 folds for each of 1 candidates, totalling 5 fits
Fitting 5 folds for each of 1 candidates, totalling 5 fits
Fitting 5 folds for each of 1 candidates, totalling 5 fits
Fitting 5 folds for each of 1 candidates, totalling 5 fits
Fitting 5 folds for each of 1 candidates, totalling 5 fits
Fitting 5 folds for each of 1 candidates, totalling 5 fits
Fitting 5 folds for each of 1 candidates, totalling 5 fits
Fitting 5 folds for each of 1 candidates, totalling 5 fits
Fitting 5 folds for each of 1 candidates, totalling 5 fits
Fitting 5 folds for each of 1 candidates, totalling 5 fits
Fitting 5 folds for each of 1 candidates, totalling 5 fits
Fitting 5 folds for each of 1 candidates, totalling 5 fits
Fitting 5 folds for each of 1 candidates, totalling 5 fits
Fitting 5 folds for each of 1 candidates, totalling 5 fits
Fitting 5 folds for each of 1 candidates, totalling 5 fits
Fitting 5 folds for each of 1 candidates, totalling 5 fits
Fitting 5 folds for each of 1 candidates, totalling 5 fits
Fitting 5 folds for each of 1 candidates, totalling 5 fits
Fitting 5 folds for each of 1 candidates, totalling 5 fits
Fitting 5 folds for each of 1 candidates, totalling 5 fits
Fitting 5 folds for each of 1 candidates, totalling 5 fits
Fitting 5 folds for each of 1 candidates, totalling 5 fits
Fitting 5 folds for each of 1 candidates, totalling 5 fits
Fitting 5 folds for each of 1 candidates, totalling 5 fits
Fitting 5 folds for each of 1 candidates, totalling 5 fits
Fitting 5 folds for each of 1 candidates, totalling 5 fits
Fitting 5 folds for each of 1 candidates, totalling 5 fits
Fitting 5 folds for each of 1 candidates, totalling 5 fits
Fitting 5 folds for each of 1 candidates, totalling 5 fits
Fitting 5 folds for each of 1 candidates, totalling 5 fits
Fitting 5 folds for each of 1 candidates, totalling 5 fits
Fitting 5 folds for each of 1 candidates, totalling 5 fits
Fitting 5 folds for each of 1 candidates, totalling 5 fits
Fitting 5 folds for each of 1 candidates, totalling 5 fits
Fitting 5 folds for each of 1 candidates, totalling 5 fits
Fitting 5 folds for each of 1 candidates, totalling 5 fits
Fitting 5 folds for each of 1 candidates, totalling 5 fits
Fitting 5 folds for each of 1 candidates, totalling 5 fits
Fitting 5 folds for each of 1 candidates, totalling 5 fits
Fitting 5 folds for each of 1 candidates, totalling 5 fits
Fitting 5 folds for each of 1 candidates, totalling 5 fits
Fitting 5 folds for each of 1 candidates, totalling 5 fits
Fitting 5 folds for each of 1 candidates, totalling 5 fits
Fitting 5 folds for each of 1 candidates, totalling 5 fits
Best Parameters: OrderedDict([('colsample_bytree', 0.5), ('gamma', 5.0), ('learning_rate', 0.01878717311818811), ('max_depth', 8), ('n_estimators', 600), ('reg_alpha', 1.0), ('reg_lambda', 0.7606199193728933), ('scale_pos_weight', 1.0), ('subsample', 0.8155609282638829)])
Best Score: 0.6891110665293544
[CV 1/5] END colsample_bytree=0.5, gamma=5.0, learning_rate=0.01, max_depth=9, n_estimators=600, reg_alpha=1.0, reg_lambda=0.5372550057611839, scale_pos_weight=1.0, subsample=0.7767904863735082;, score=0.689 total time=  57.0s
[CV 5/5] END colsample_bytree=0.5362510081854247, gamma=1.7632751943005718, learning_rate=0.01802667662678334, max_depth=8, n_estimators=600, reg_alpha=1.0, reg_lambda=0.8660068815626706, scale_pos_weight=1.0, subsample=0.7951949643556017;, score=0.691 total time=  47.9s
[CV 3/5] END colsample_bytree=0.5, gamma=5.0, learning_rate=0.01964404470854053, max_depth=8, n_estimators=537, reg_alpha=1.0, reg_lambda=0.5666378964770225, scale_pos_weight=1.0, subsample=0.8233237437751075;, score=0.685 total time=  39.7s
[CV 1/5] END colsample_bytree=0.6854482562327594, gamma=4.4990655539152975, learning_rate=0.01895323829191362, max_depth=7, n_estimators=600, reg_alpha=1.0, reg_lambda=0.7939570816096269, scale_pos_weight=1.0, subsample=0.8011124455849747;, score=0.690 total time=  41.3s
[CV 4/5] END colsample_bytree=0.5483916112207247, gamma=1.7248770639337172, learning_rate=0.2901171807661146, max_depth=3, n_estimators=469, reg_alpha=0.05478183965827356, reg_lambda=0.7858281286046424, scale_pos_weight=7.64762007555792, subsample=0.9633436682021976;, score=0.681 total time=  16.7s
[CV 3/5] END colsample_bytree=0.5, gamma=5.0, learning_rate=0.017837294338978356, max_depth=8, n_estimators=600, reg_alpha=1.0, reg_lambda=0.7246517902320264, scale_pos_weight=1.0, subsample=0.8003683910969936;, score=0.685 total time=  43.8s
[CV 5/5] END colsample_bytree=0.501761620688272, gamma=5.0, learning_rate=0.018959052973882694, max_depth=7, n_estimators=600, reg_alpha=1.0, reg_lambda=0.65980694042235, scale_pos_weight=1.0, subsample=0.7083250482413225;, score=0.691 total time=  40.6s
[CV 3/5] END colsample_bytree=0.9788353569139764, gamma=0.6588634649688575, learning_rate=0.29869337024599235, max_depth=9, n_estimators=574, reg_alpha=0.0911548392557713, reg_lambda=0.8688635621725508, scale_pos_weight=1.5888363613451575, subsample=0.9820176199753354;, score=0.632 total time=  39.2s
[CV 4/5] END colsample_bytree=0.5, gamma=4.896327849259572, learning_rate=0.030536835770439183, max_depth=6, n_estimators=490, reg_alpha=1.0, reg_lambda=1.0, scale_pos_weight=1.0, subsample=0.7668818621764796;, score=0.689 total time=  27.6s
[CV 5/5] END colsample_bytree=1.0, gamma=4.177985613912076, learning_rate=0.03825108190885519, max_depth=5, n_estimators=600, reg_alpha=1.0, reg_lambda=0.8847301716182515, scale_pos_weight=3.5709449746285653, subsample=0.6471552004606377;, score=0.691 total time=  29.6s
[CV 5/5] END colsample_bytree=0.5, gamma=5.0, learning_rate=0.018417750895914506, max_depth=8, n_estimators=600, reg_alpha=1.0, reg_lambda=0.8965860924606595, scale_pos_weight=1.0, subsample=0.8179072137712499;, score=0.692 total time=  44.4s
[CV 1/5] END colsample_bytree=0.5, gamma=5.0, learning_rate=0.030041149826355043, max_depth=6, n_estimators=516, reg_alpha=1.0, reg_lambda=1.0, scale_pos_weight=1.0, subsample=0.751967091649121;, score=0.690 total time=  29.2s
[CV 4/5] END colsample_bytree=0.5, gamma=5.0, learning_rate=0.018915023521780816, max_depth=8, n_estimators=600, reg_alpha=1.0, reg_lambda=1.0, scale_pos_weight=1.0, subsample=0.7563578934203523;, score=0.690 total time=  43.7s
[CV 1/5] END colsample_bytree=0.5, gamma=4.742364943826034, learning_rate=0.022010866833465127, max_depth=8, n_estimators=530, reg_alpha=1.0, reg_lambda=0.5213083226107063, scale_pos_weight=1.0, subsample=0.8599963221724529;, score=0.690 total time=  37.4s
[CV 5/5] END colsample_bytree=0.5, gamma=4.5030954395601706, learning_rate=0.020178790078507248, max_depth=8, n_estimators=530, reg_alpha=1.0, reg_lambda=0.5753097194580499, scale_pos_weight=1.0, subsample=0.7498770076627889;, score=0.691 total time=  41.2s
[CV 3/5] END colsample_bytree=0.6045545229570837, gamma=5.0, learning_rate=0.01763857412070709, max_depth=7, n_estimators=600, reg_alpha=1.0, reg_lambda=1.0, scale_pos_weight=1.0, subsample=0.7039641873244621;, score=0.685 total time=  40.2s
[CV 1/5] END colsample_bytree=0.6485755767463101, gamma=2.313012530780717, learning_rate=0.11518780225993307, max_depth=6, n_estimators=413, reg_alpha=0.31640351621284074, reg_lambda=0.6729390080449894, scale_pos_weight=9.6891997646947, subsample=0.9643821899667286;, score=0.680 total time=  21.0s
[CV 4/5] END colsample_bytree=0.7142434550183843, gamma=5.0, learning_rate=0.014832996297657091, max_depth=8, n_estimators=600, reg_alpha=1.0, reg_lambda=1.0, scale_pos_weight=1.0, subsample=0.7681582411406329;, score=0.690 total time=  47.6s
[CV 3/5] END colsample_bytree=1.0, gamma=5.0, learning_rate=0.01, max_depth=12, n_estimators=600, reg_alpha=0.4667823419276229, reg_lambda=1.0, scale_pos_weight=1.0, subsample=0.8867630180831897;, score=0.683 total time= 1.7min
[CV 5/5] END colsample_bytree=0.5, gamma=5.0, learning_rate=0.02060364291205758, max_depth=7, n_estimators=600, reg_alpha=1.0, reg_lambda=1.0, scale_pos_weight=1.0, subsample=0.7866200384823914;, score=0.692 total time=  38.0s
[CV 5/5] END colsample_bytree=0.7929345321777899, gamma=5.0, learning_rate=0.018144887066417502, max_depth=8, n_estimators=600, reg_alpha=1.0, reg_lambda=1.0, scale_pos_weight=1.0, subsample=0.7737204084202025;, score=0.692 total time=  44.9s
[CV 5/5] END colsample_bytree=0.9160755683402928, gamma=5.0, learning_rate=0.016700717362472965, max_depth=8, n_estimators=600, reg_alpha=1.0, reg_lambda=0.6530995392345237, scale_pos_weight=1.0, subsample=0.7658281432936898;, score=0.692 total time=  47.0s
[CV 5/5] END colsample_bytree=0.6854482562327594, gamma=4.4990655539152975, learning_rate=0.01895323829191362, max_depth=7, n_estimators=600, reg_alpha=1.0, reg_lambda=0.7939570816096269, scale_pos_weight=1.0, subsample=0.8011124455849747;, score=0.692 total time=  40.9s
[CV 3/5] END colsample_bytree=0.5483916112207247, gamma=1.7248770639337172, learning_rate=0.2901171807661146, max_depth=3, n_estimators=469, reg_alpha=0.05478183965827356, reg_lambda=0.7858281286046424, scale_pos_weight=7.64762007555792, subsample=0.9633436682021976;, score=0.678 total time=  15.9s
[CV 5/5] END colsample_bytree=0.5589051861932357, gamma=5.0, learning_rate=0.015359349853574452, max_depth=8, n_estimators=600, reg_alpha=1.0, reg_lambda=0.7901512927199086, scale_pos_weight=1.0, subsample=0.7717049154030224;, score=0.692 total time=  47.3s
[CV 4/5] END colsample_bytree=0.501761620688272, gamma=5.0, learning_rate=0.018959052973882694, max_depth=7, n_estimators=600, reg_alpha=1.0, reg_lambda=0.65980694042235, scale_pos_weight=1.0, subsample=0.7083250482413225;, score=0.690 total time=  40.8s
[CV 4/5] END colsample_bytree=0.9788353569139764, gamma=0.6588634649688575, learning_rate=0.29869337024599235, max_depth=9, n_estimators=574, reg_alpha=0.0911548392557713, reg_lambda=0.8688635621725508, scale_pos_weight=1.5888363613451575, subsample=0.9820176199753354;, score=0.634 total time=  37.2s
[CV 5/5] END colsample_bytree=0.5, gamma=5.0, learning_rate=0.024471054260909612, max_depth=7, n_estimators=600, reg_alpha=1.0, reg_lambda=1.0, scale_pos_weight=1.0, subsample=0.6780316960925297;, score=0.691 total time=  38.2s
[CV 3/5] END colsample_bytree=1.0, gamma=4.177985613912076, learning_rate=0.03825108190885519, max_depth=5, n_estimators=600, reg_alpha=1.0, reg_lambda=0.8847301716182515, scale_pos_weight=3.5709449746285653, subsample=0.6471552004606377;, score=0.684 total time=  30.2s
[CV 3/5] END colsample_bytree=0.5367863046670956, gamma=5.0, learning_rate=0.018905759465316013, max_depth=8, n_estimators=600, reg_alpha=1.0, reg_lambda=1.0, scale_pos_weight=1.0, subsample=0.8622393792223197;, score=0.685 total time=  42.0s
[CV 5/5] END colsample_bytree=0.5, gamma=5.0, learning_rate=0.030041149826355043, max_depth=6, n_estimators=516, reg_alpha=1.0, reg_lambda=1.0, scale_pos_weight=1.0, subsample=0.751967091649121;, score=0.691 total time=  29.7s
[CV 2/5] END colsample_bytree=0.5, gamma=5.0, learning_rate=0.01, max_depth=8, n_estimators=371, reg_alpha=1.0, reg_lambda=0.8688434015011293, scale_pos_weight=10.0, subsample=1.0;, score=0.684 total time=  35.2s
[CV 2/5] END colsample_bytree=0.5362510081854247, gamma=1.7632751943005718, learning_rate=0.01802667662678334, max_depth=8, n_estimators=600, reg_alpha=1.0, reg_lambda=0.8660068815626706, scale_pos_weight=1.0, subsample=0.7951949643556017;, score=0.688 total time=  47.2s
[CV 1/5] END colsample_bytree=0.5, gamma=5.0, learning_rate=0.01964404470854053, max_depth=8, n_estimators=537, reg_alpha=1.0, reg_lambda=0.5666378964770225, scale_pos_weight=1.0, subsample=0.8233237437751075;, score=0.690 total time=  39.5s
[CV 5/5] END colsample_bytree=0.6896560393019711, gamma=5.0, learning_rate=0.016900382941267906, max_depth=8, n_estimators=600, reg_alpha=1.0, reg_lambda=1.0, scale_pos_weight=1.0, subsample=0.7896478080820996;, score=0.693 total time=  46.7s
[CV 2/5] END colsample_bytree=0.8516993706500677, gamma=5.0, learning_rate=0.017976795334136954, max_depth=8, n_estimators=600, reg_alpha=1.0, reg_lambda=0.8709212213768088, scale_pos_weight=1.0, subsample=0.8075171544316467;, score=0.687 total time=  45.5s
[CV 5/5] END colsample_bytree=0.5893971255438586, gamma=4.829775666919132, learning_rate=0.015722057475900716, max_depth=7, n_estimators=600, reg_alpha=1.0, reg_lambda=0.8714227905480803, scale_pos_weight=1.0, subsample=0.7412377989092173;, score=0.692 total time=  41.7s
[CV 4/5] END colsample_bytree=0.8446006009071587, gamma=5.0, learning_rate=0.01687763354498768, max_depth=7, n_estimators=600, reg_alpha=1.0, reg_lambda=0.9662683579463136, scale_pos_weight=1.0, subsample=0.760932119910124;, score=0.689 total time=  42.2s
[CV 3/5] END colsample_bytree=0.5, gamma=5.0, learning_rate=0.042575154242346924, max_depth=5, n_estimators=511, reg_alpha=1.0, reg_lambda=1.0, scale_pos_weight=1.0, subsample=0.7330485251776723;, score=0.684 total time=  24.2s
[CV 5/5] END colsample_bytree=0.5, gamma=3.8320942317470497, learning_rate=0.018295735169366306, max_depth=8, n_estimators=600, reg_alpha=1.0, reg_lambda=0.1813214167590683, scale_pos_weight=1.0, subsample=0.8486467356458087;, score=0.691 total time=  47.2s
[CV 4/5] END colsample_bytree=0.5, gamma=5.0, learning_rate=0.016740225122076305, max_depth=8, n_estimators=600, reg_alpha=1.0, reg_lambda=0.8778410219391897, scale_pos_weight=1.0, subsample=0.869289186708568;, score=0.690 total time=  45.1s
[CV 4/5] END colsample_bytree=0.5, gamma=5.0, learning_rate=0.018417750895914506, max_depth=8, n_estimators=600, reg_alpha=1.0, reg_lambda=0.8965860924606595, scale_pos_weight=1.0, subsample=0.8179072137712499;, score=0.689 total time=  44.6s
[CV 4/5] END colsample_bytree=0.5, gamma=5.0, learning_rate=0.030041149826355043, max_depth=6, n_estimators=516, reg_alpha=1.0, reg_lambda=1.0, scale_pos_weight=1.0, subsample=0.751967091649121;, score=0.690 total time=  29.7s
[CV 5/5] END colsample_bytree=0.5, gamma=5.0, learning_rate=0.017076487984918766, max_depth=8, n_estimators=600, reg_alpha=1.0, reg_lambda=0.2248901618806292, scale_pos_weight=1.0, subsample=0.7753933700939193;, score=0.691 total time=  46.2s
[CV 3/5] END colsample_bytree=0.7929345321777899, gamma=5.0, learning_rate=0.018144887066417502, max_depth=8, n_estimators=600, reg_alpha=1.0, reg_lambda=1.0, scale_pos_weight=1.0, subsample=0.7737204084202025;, score=0.685 total time=  46.1s
[CV 2/5] END colsample_bytree=0.7486182360539095, gamma=1.4901516745071188, learning_rate=0.2962784537565927, max_depth=5, n_estimators=72, reg_alpha=0.5550096750894812, reg_lambda=0.10561223480575058, scale_pos_weight=9.016371148575669, subsample=0.5135597630711817;, score=0.674 total time=   5.8s
[CV 1/5] END colsample_bytree=0.575957218851479, gamma=5.0, learning_rate=0.017428002629913814, max_depth=8, n_estimators=600, reg_alpha=1.0, reg_lambda=0.7958841219213598, scale_pos_weight=1.0, subsample=0.7982997354231705;, score=0.691 total time=  45.1s
[CV 1/5] END colsample_bytree=0.515670680274454, gamma=2.95931755718337, learning_rate=0.018700615775352453, max_depth=8, n_estimators=600, reg_alpha=1.0, reg_lambda=1.0, scale_pos_weight=1.0, subsample=0.8203147499887007;, score=0.690 total time=  47.1s
[CV 3/5] END colsample_bytree=0.5, gamma=4.4330625126314285, learning_rate=0.017638458917739023, max_depth=8, n_estimators=600, reg_alpha=1.0, reg_lambda=0.6995011082222706, scale_pos_weight=1.0, subsample=0.7798482915723516;, score=0.685 total time=  46.0s
[CV 4/5] END colsample_bytree=0.6160939216740393, gamma=5.0, learning_rate=0.01875436788980455, max_depth=8, n_estimators=600, reg_alpha=1.0, reg_lambda=0.6000791556155033, scale_pos_weight=1.0, subsample=0.7961577999262541;, score=0.690 total time=  44.2s
[CV 3/5] END colsample_bytree=0.5, gamma=3.8320942317470497, learning_rate=0.018295735169366306, max_depth=8, n_estimators=600, reg_alpha=1.0, reg_lambda=0.1813214167590683, scale_pos_weight=1.0, subsample=0.8486467356458087;, score=0.685 total time=  45.7s
[CV 1/5] END colsample_bytree=0.5, gamma=5.0, learning_rate=0.016740225122076305, max_depth=8, n_estimators=600, reg_alpha=1.0, reg_lambda=0.8778410219391897, scale_pos_weight=1.0, subsample=0.869289186708568;, score=0.690 total time=  44.1s
[CV 1/5] END colsample_bytree=0.5, gamma=5.0, learning_rate=0.018417750895914506, max_depth=8, n_estimators=600, reg_alpha=1.0, reg_lambda=0.8965860924606595, scale_pos_weight=1.0, subsample=0.8179072137712499;, score=0.691 total time=  44.5s
[CV 2/5] END colsample_bytree=0.5, gamma=5.0, learning_rate=0.030041149826355043, max_depth=6, n_estimators=516, reg_alpha=1.0, reg_lambda=1.0, scale_pos_weight=1.0, subsample=0.751967091649121;, score=0.687 total time=  29.9s
[CV 3/5] END colsample_bytree=0.5, gamma=5.0, learning_rate=0.02060364291205758, max_depth=7, n_estimators=600, reg_alpha=1.0, reg_lambda=1.0, scale_pos_weight=1.0, subsample=0.7866200384823914;, score=0.685 total time=  39.1s
[CV 1/5] END colsample_bytree=0.5, gamma=3.3297151269011342, learning_rate=0.018228078052541265, max_depth=8, n_estimators=600, reg_alpha=1.0, reg_lambda=1.0, scale_pos_weight=1.0, subsample=0.7535774187777649;, score=0.690 total time=  46.2s
[CV 1/5] END colsample_bytree=0.673436560330357, gamma=5.0, learning_rate=0.0201143064251605, max_depth=8, n_estimators=532, reg_alpha=1.0, reg_lambda=0.1727454190341175, scale_pos_weight=1.0, subsample=0.8224747023497874;, score=0.690 total time=  40.8s
[CV 3/5] END colsample_bytree=0.5, gamma=2.09563734535653, learning_rate=0.017993601947624567, max_depth=8, n_estimators=600, reg_alpha=1.0, reg_lambda=1.0, scale_pos_weight=1.0, subsample=0.8155160003567078;, score=0.685 total time=  47.2s
[CV 1/5] END colsample_bytree=0.5893971255438586, gamma=4.829775666919132, learning_rate=0.015722057475900716, max_depth=7, n_estimators=600, reg_alpha=1.0, reg_lambda=0.8714227905480803, scale_pos_weight=1.0, subsample=0.7412377989092173;, score=0.690 total time=  41.1s
[CV 2/5] END colsample_bytree=0.8446006009071587, gamma=5.0, learning_rate=0.01687763354498768, max_depth=7, n_estimators=600, reg_alpha=1.0, reg_lambda=0.9662683579463136, scale_pos_weight=1.0, subsample=0.760932119910124;, score=0.687 total time=  42.5s
[CV 4/5] END colsample_bytree=0.5, gamma=5.0, learning_rate=0.042575154242346924, max_depth=5, n_estimators=511, reg_alpha=1.0, reg_lambda=1.0, scale_pos_weight=1.0, subsample=0.7330485251776723;, score=0.689 total time=  26.8s
[CV 4/5] END colsample_bytree=0.5, gamma=5.0, learning_rate=0.024471054260909612, max_depth=7, n_estimators=600, reg_alpha=1.0, reg_lambda=1.0, scale_pos_weight=1.0, subsample=0.6780316960925297;, score=0.690 total time=  38.2s
[CV 4/5] END colsample_bytree=1.0, gamma=4.177985613912076, learning_rate=0.03825108190885519, max_depth=5, n_estimators=600, reg_alpha=1.0, reg_lambda=0.8847301716182515, scale_pos_weight=3.5709449746285653, subsample=0.6471552004606377;, score=0.689 total time=  29.7s
[CV 1/5] END colsample_bytree=0.5367863046670956, gamma=5.0, learning_rate=0.018905759465316013, max_depth=8, n_estimators=600, reg_alpha=1.0, reg_lambda=1.0, scale_pos_weight=1.0, subsample=0.8622393792223197;, score=0.690 total time=  43.1s
[CV 3/5] END colsample_bytree=0.5, gamma=5.0, learning_rate=0.019716976499849076, max_depth=8, n_estimators=600, reg_alpha=1.0, reg_lambda=0.47617316373178353, scale_pos_weight=1.0, subsample=0.7862873190939379;, score=0.685 total time=  42.7s
[CV 4/5] END colsample_bytree=0.5, gamma=5.0, learning_rate=0.01, max_depth=8, n_estimators=371, reg_alpha=1.0, reg_lambda=0.8688434015011293, scale_pos_weight=10.0, subsample=1.0;, score=0.686 total time=  34.5s
[CV 5/5] END colsample_bytree=0.5169940942131084, gamma=4.797969459624477, learning_rate=0.016499357353307265, max_depth=8, n_estimators=600, reg_alpha=1.0, reg_lambda=1.0, scale_pos_weight=1.0, subsample=0.7991889492774586;, score=0.692 total time=  46.0s
[CV 4/5] END colsample_bytree=0.7310669381942081, gamma=0.06187085398414284, learning_rate=0.25438719901160217, max_depth=3, n_estimators=303, reg_alpha=0.527609600079309, reg_lambda=0.2579015495555847, scale_pos_weight=9.862301021505381, subsample=0.532262818078325;, score=0.682 total time=  12.7s
[CV 3/5] END colsample_bytree=0.6896560393019711, gamma=5.0, learning_rate=0.016900382941267906, max_depth=8, n_estimators=600, reg_alpha=1.0, reg_lambda=1.0, scale_pos_weight=1.0, subsample=0.7896478080820996;, score=0.684 total time=  46.0s
[CV 5/5] END colsample_bytree=0.5, gamma=2.09563734535653, learning_rate=0.017993601947624567, max_depth=8, n_estimators=600, reg_alpha=1.0, reg_lambda=1.0, scale_pos_weight=1.0, subsample=0.8155160003567078;, score=0.692 total time=  47.6s
[CV 3/5] END colsample_bytree=0.5893971255438586, gamma=4.829775666919132, learning_rate=0.015722057475900716, max_depth=7, n_estimators=600, reg_alpha=1.0, reg_lambda=0.8714227905480803, scale_pos_weight=1.0, subsample=0.7412377989092173;, score=0.685 total time=  41.6s
[CV 3/5] END colsample_bytree=0.8446006009071587, gamma=5.0, learning_rate=0.01687763354498768, max_depth=7, n_estimators=600, reg_alpha=1.0, reg_lambda=0.9662683579463136, scale_pos_weight=1.0, subsample=0.760932119910124;, score=0.684 total time=  41.5s
[CV 1/5] END colsample_bytree=0.5, gamma=5.0, learning_rate=0.042575154242346924, max_depth=5, n_estimators=511, reg_alpha=1.0, reg_lambda=1.0, scale_pos_weight=1.0, subsample=0.7330485251776723;, score=0.689 total time=  24.9s
[CV 3/5] END colsample_bytree=0.5, gamma=5.0, learning_rate=0.024471054260909612, max_depth=7, n_estimators=600, reg_alpha=1.0, reg_lambda=1.0, scale_pos_weight=1.0, subsample=0.6780316960925297;, score=0.685 total time=  37.5s
[CV 1/5] END colsample_bytree=1.0, gamma=4.177985613912076, learning_rate=0.03825108190885519, max_depth=5, n_estimators=600, reg_alpha=1.0, reg_lambda=0.8847301716182515, scale_pos_weight=3.5709449746285653, subsample=0.6471552004606377;, score=0.689 total time=  29.8s
[CV 2/5] END colsample_bytree=0.5367863046670956, gamma=5.0, learning_rate=0.018905759465316013, max_depth=8, n_estimators=600, reg_alpha=1.0, reg_lambda=1.0, scale_pos_weight=1.0, subsample=0.8622393792223197;, score=0.688 total time=  43.0s
[CV 2/5] END colsample_bytree=0.5, gamma=5.0, learning_rate=0.019716976499849076, max_depth=8, n_estimators=600, reg_alpha=1.0, reg_lambda=0.47617316373178353, scale_pos_weight=1.0, subsample=0.7862873190939379;, score=0.688 total time=  43.1s
[CV 2/5] END colsample_bytree=0.5, gamma=5.0, learning_rate=0.01, max_depth=9, n_estimators=600, reg_alpha=1.0, reg_lambda=0.5372550057611839, scale_pos_weight=1.0, subsample=0.7767904863735082;, score=0.687 total time=  57.5s
[CV 3/5] END colsample_bytree=0.5, gamma=5.0, learning_rate=0.01878717311818811, max_depth=8, n_estimators=600, reg_alpha=1.0, reg_lambda=0.7606199193728933, scale_pos_weight=1.0, subsample=0.8155609282638829;, score=0.685 total time=  44.2s
[CV 3/5] END colsample_bytree=0.9160755683402928, gamma=5.0, learning_rate=0.016700717362472965, max_depth=8, n_estimators=600, reg_alpha=1.0, reg_lambda=0.6530995392345237, scale_pos_weight=1.0, subsample=0.7658281432936898;, score=0.684 total time=  48.3s
[CV 4/5] END colsample_bytree=0.7082068511735469, gamma=5.0, learning_rate=0.016434829251836598, max_depth=8, n_estimators=600, reg_alpha=1.0, reg_lambda=0.8267603468200675, scale_pos_weight=1.0, subsample=0.7749190739611057;, score=0.690 total time=  47.1s
[CV 3/5] END colsample_bytree=0.710037423309274, gamma=5.0, learning_rate=0.018045453184777863, max_depth=8, n_estimators=600, reg_alpha=1.0, reg_lambda=0.30405369037074803, scale_pos_weight=1.0, subsample=0.7912720712784505;, score=0.685 total time=  46.6s
[CV 3/5] END colsample_bytree=0.943195607738972, gamma=4.174707369255899, learning_rate=0.017334528927818636, max_depth=8, n_estimators=600, reg_alpha=1.0, reg_lambda=0.5292189099783913, scale_pos_weight=1.0, subsample=0.7810911356272141;, score=0.684 total time=  48.1s
[CV 5/5] END colsample_bytree=0.6247679934354318, gamma=5.0, learning_rate=0.03164197376853069, max_depth=7, n_estimators=433, reg_alpha=1.0, reg_lambda=0.07013100734133476, scale_pos_weight=1.7928974581772936, subsample=0.8477831580775417;, score=0.691 total time=  29.9s
[CV 3/5] END colsample_bytree=0.7665436523488088, gamma=5.0, learning_rate=0.01855747665150895, max_depth=8, n_estimators=600, reg_alpha=1.0, reg_lambda=0.46673987193356764, scale_pos_weight=1.0, subsample=0.8301598236661731;, score=0.685 total time=  44.6s
[CV 5/5] END colsample_bytree=0.5, gamma=4.896327849259572, learning_rate=0.030536835770439183, max_depth=6, n_estimators=490, reg_alpha=1.0, reg_lambda=1.0, scale_pos_weight=1.0, subsample=0.7668818621764796;, score=0.691 total time=  28.5s
[CV 4/5] END colsample_bytree=0.5, gamma=4.1333291613671745, learning_rate=0.017424241670594427, max_depth=8, n_estimators=600, reg_alpha=1.0, reg_lambda=1.0, scale_pos_weight=1.0, subsample=0.7956453646530147;, score=0.690 total time=  45.6s
[CV 5/5] END colsample_bytree=0.5367863046670956, gamma=5.0, learning_rate=0.018905759465316013, max_depth=8, n_estimators=600, reg_alpha=1.0, reg_lambda=1.0, scale_pos_weight=1.0, subsample=0.8622393792223197;, score=0.692 total time=  42.9s
[CV 1/5] END colsample_bytree=0.5, gamma=5.0, learning_rate=0.019716976499849076, max_depth=8, n_estimators=600, reg_alpha=1.0, reg_lambda=0.47617316373178353, scale_pos_weight=1.0, subsample=0.7862873190939379;, score=0.690 total time=  43.4s
[CV 5/5] END colsample_bytree=0.5, gamma=5.0, learning_rate=0.01, max_depth=9, n_estimators=600, reg_alpha=1.0, reg_lambda=0.5372550057611839, scale_pos_weight=1.0, subsample=0.7767904863735082;, score=0.691 total time=  57.0s
[CV 1/5] END colsample_bytree=0.5, gamma=5.0, learning_rate=0.01878717311818811, max_depth=8, n_estimators=600, reg_alpha=1.0, reg_lambda=0.7606199193728933, scale_pos_weight=1.0, subsample=0.8155609282638829;, score=0.690 total time=  43.4s
[CV 5/5] END colsample_bytree=0.5, gamma=5.0, learning_rate=0.01964404470854053, max_depth=8, n_estimators=537, reg_alpha=1.0, reg_lambda=0.5666378964770225, scale_pos_weight=1.0, subsample=0.8233237437751075;, score=0.692 total time=  40.2s
[CV 3/5] END colsample_bytree=0.6854482562327594, gamma=4.4990655539152975, learning_rate=0.01895323829191362, max_depth=7, n_estimators=600, reg_alpha=1.0, reg_lambda=0.7939570816096269, scale_pos_weight=1.0, subsample=0.8011124455849747;, score=0.685 total time=  39.6s
[CV 5/5] END colsample_bytree=0.8516993706500677, gamma=5.0, learning_rate=0.017976795334136954, max_depth=8, n_estimators=600, reg_alpha=1.0, reg_lambda=0.8709212213768088, scale_pos_weight=1.0, subsample=0.8075171544316467;, score=0.692 total time=  46.4s
[CV 2/5] END colsample_bytree=0.5589051861932357, gamma=5.0, learning_rate=0.015359349853574452, max_depth=8, n_estimators=600, reg_alpha=1.0, reg_lambda=0.7901512927199086, scale_pos_weight=1.0, subsample=0.7717049154030224;, score=0.688 total time=  46.8s
[CV 3/5] END colsample_bytree=0.501761620688272, gamma=5.0, learning_rate=0.018959052973882694, max_depth=7, n_estimators=600, reg_alpha=1.0, reg_lambda=0.65980694042235, scale_pos_weight=1.0, subsample=0.7083250482413225;, score=0.685 total time=  39.4s
[CV 1/5] END colsample_bytree=0.9788353569139764, gamma=0.6588634649688575, learning_rate=0.29869337024599235, max_depth=9, n_estimators=574, reg_alpha=0.0911548392557713, reg_lambda=0.8688635621725508, scale_pos_weight=1.5888363613451575, subsample=0.9820176199753354;, score=0.632 total time=  37.6s
[CV 2/5] END colsample_bytree=0.5, gamma=4.896327849259572, learning_rate=0.030536835770439183, max_depth=6, n_estimators=490, reg_alpha=1.0, reg_lambda=1.0, scale_pos_weight=1.0, subsample=0.7668818621764796;, score=0.688 total time=  28.2s
[CV 2/5] END colsample_bytree=0.5, gamma=4.1333291613671745, learning_rate=0.017424241670594427, max_depth=8, n_estimators=600, reg_alpha=1.0, reg_lambda=1.0, scale_pos_weight=1.0, subsample=0.7956453646530147;, score=0.688 total time=  46.8s
[CV 3/5] END colsample_bytree=0.5, gamma=4.731238773689772, learning_rate=0.021224216900940385, max_depth=8, n_estimators=600, reg_alpha=1.0, reg_lambda=0.8975340965340807, scale_pos_weight=1.0, subsample=0.8830713011018686;, score=0.684 total time=  40.6s
[CV 5/5] END colsample_bytree=0.5, gamma=5.0, learning_rate=0.019716976499849076, max_depth=8, n_estimators=600, reg_alpha=1.0, reg_lambda=0.47617316373178353, scale_pos_weight=1.0, subsample=0.7862873190939379;, score=0.692 total time=  44.5s
[CV 1/5] END colsample_bytree=0.5, gamma=5.0, learning_rate=0.01, max_depth=8, n_estimators=371, reg_alpha=1.0, reg_lambda=0.8688434015011293, scale_pos_weight=10.0, subsample=1.0;, score=0.685 total time=  34.9s
[CV 1/5] END colsample_bytree=0.5362510081854247, gamma=1.7632751943005718, learning_rate=0.01802667662678334, max_depth=8, n_estimators=600, reg_alpha=1.0, reg_lambda=0.8660068815626706, scale_pos_weight=1.0, subsample=0.7951949643556017;, score=0.689 total time=  47.0s
[CV 5/5] END colsample_bytree=0.7310669381942081, gamma=0.06187085398414284, learning_rate=0.25438719901160217, max_depth=3, n_estimators=303, reg_alpha=0.527609600079309, reg_lambda=0.2579015495555847, scale_pos_weight=9.862301021505381, subsample=0.532262818078325;, score=0.682 total time=  12.5s
[CV 2/5] END colsample_bytree=0.6896560393019711, gamma=5.0, learning_rate=0.016900382941267906, max_depth=8, n_estimators=600, reg_alpha=1.0, reg_lambda=1.0, scale_pos_weight=1.0, subsample=0.7896478080820996;, score=0.688 total time=  46.2s
[CV 1/5] END colsample_bytree=0.8516993706500677, gamma=5.0, learning_rate=0.017976795334136954, max_depth=8, n_estimators=600, reg_alpha=1.0, reg_lambda=0.8709212213768088, scale_pos_weight=1.0, subsample=0.8075171544316467;, score=0.690 total time=  47.0s
[CV 3/5] END colsample_bytree=0.5589051861932357, gamma=5.0, learning_rate=0.015359349853574452, max_depth=8, n_estimators=600, reg_alpha=1.0, reg_lambda=0.7901512927199086, scale_pos_weight=1.0, subsample=0.7717049154030224;, score=0.685 total time=  46.5s
[CV 1/5] END colsample_bytree=0.501761620688272, gamma=5.0, learning_rate=0.018959052973882694, max_depth=7, n_estimators=600, reg_alpha=1.0, reg_lambda=0.65980694042235, scale_pos_weight=1.0, subsample=0.7083250482413225;, score=0.690 total time=  39.2s
[CV 5/5] END colsample_bytree=0.5, gamma=5.0, learning_rate=0.042575154242346924, max_depth=5, n_estimators=511, reg_alpha=1.0, reg_lambda=1.0, scale_pos_weight=1.0, subsample=0.7330485251776723;, score=0.692 total time=  24.5s
[CV 1/5] END colsample_bytree=0.5, gamma=5.0, learning_rate=0.024471054260909612, max_depth=7, n_estimators=600, reg_alpha=1.0, reg_lambda=1.0, scale_pos_weight=1.0, subsample=0.6780316960925297;, score=0.690 total time=  37.8s
[CV 2/5] END colsample_bytree=1.0, gamma=4.177985613912076, learning_rate=0.03825108190885519, max_depth=5, n_estimators=600, reg_alpha=1.0, reg_lambda=0.8847301716182515, scale_pos_weight=3.5709449746285653, subsample=0.6471552004606377;, score=0.686 total time=  30.2s
[CV 4/5] END colsample_bytree=0.5367863046670956, gamma=5.0, learning_rate=0.018905759465316013, max_depth=8, n_estimators=600, reg_alpha=1.0, reg_lambda=1.0, scale_pos_weight=1.0, subsample=0.8622393792223197;, score=0.690 total time=  43.9s
[CV 4/5] END colsample_bytree=0.5, gamma=5.0, learning_rate=0.019716976499849076, max_depth=8, n_estimators=600, reg_alpha=1.0, reg_lambda=0.47617316373178353, scale_pos_weight=1.0, subsample=0.7862873190939379;, score=0.689 total time=  44.6s
[CV 5/5] END colsample_bytree=0.8340519363019165, gamma=0.3049665880451086, learning_rate=0.16334353846639826, max_depth=3, n_estimators=351, reg_alpha=0.10660444307211572, reg_lambda=0.9566974632288276, scale_pos_weight=5.932225351096681, subsample=0.9805696256578594;, score=0.689 total time=  13.4s
[CV 3/5] END colsample_bytree=0.5, gamma=5.0, learning_rate=0.021575987165567342, max_depth=7, n_estimators=583, reg_alpha=1.0, reg_lambda=0.7973332971428171, scale_pos_weight=1.0, subsample=0.6749279261333956;, score=0.685 total time=  38.8s
[CV 4/5] END colsample_bytree=0.5, gamma=4.5030954395601706, learning_rate=0.020178790078507248, max_depth=8, n_estimators=530, reg_alpha=1.0, reg_lambda=0.5753097194580499, scale_pos_weight=1.0, subsample=0.7498770076627889;, score=0.690 total time=  41.2s
[CV 4/5] END colsample_bytree=0.6045545229570837, gamma=5.0, learning_rate=0.01763857412070709, max_depth=7, n_estimators=600, reg_alpha=1.0, reg_lambda=1.0, scale_pos_weight=1.0, subsample=0.7039641873244621;, score=0.690 total time=  41.0s
[CV 4/5] END colsample_bytree=0.6485755767463101, gamma=2.313012530780717, learning_rate=0.11518780225993307, max_depth=6, n_estimators=413, reg_alpha=0.31640351621284074, reg_lambda=0.6729390080449894, scale_pos_weight=9.6891997646947, subsample=0.9643821899667286;, score=0.680 total time=  21.0s
[CV 3/5] END colsample_bytree=0.7142434550183843, gamma=5.0, learning_rate=0.014832996297657091, max_depth=8, n_estimators=600, reg_alpha=1.0, reg_lambda=1.0, scale_pos_weight=1.0, subsample=0.7681582411406329;, score=0.685 total time=  47.0s
[CV 1/5] END colsample_bytree=1.0, gamma=5.0, learning_rate=0.01, max_depth=12, n_estimators=600, reg_alpha=0.4667823419276229, reg_lambda=1.0, scale_pos_weight=1.0, subsample=0.8867630180831897;, score=0.689 total time= 1.7min
[CV 2/5] END colsample_bytree=0.5169940942131084, gamma=4.797969459624477, learning_rate=0.016499357353307265, max_depth=8, n_estimators=600, reg_alpha=1.0, reg_lambda=1.0, scale_pos_weight=1.0, subsample=0.7991889492774586;, score=0.688 total time=  45.4s
[CV 2/5] END colsample_bytree=0.7310669381942081, gamma=0.06187085398414284, learning_rate=0.25438719901160217, max_depth=3, n_estimators=303, reg_alpha=0.527609600079309, reg_lambda=0.2579015495555847, scale_pos_weight=9.862301021505381, subsample=0.532262818078325;, score=0.677 total time=  12.4s
[CV 1/5] END colsample_bytree=0.6896560393019711, gamma=5.0, learning_rate=0.016900382941267906, max_depth=8, n_estimators=600, reg_alpha=1.0, reg_lambda=1.0, scale_pos_weight=1.0, subsample=0.7896478080820996;, score=0.690 total time=  46.7s
[CV 3/5] END colsample_bytree=0.8516993706500677, gamma=5.0, learning_rate=0.017976795334136954, max_depth=8, n_estimators=600, reg_alpha=1.0, reg_lambda=0.8709212213768088, scale_pos_weight=1.0, subsample=0.8075171544316467;, score=0.684 total time=  45.5s
[CV 1/5] END colsample_bytree=0.5589051861932357, gamma=5.0, learning_rate=0.015359349853574452, max_depth=8, n_estimators=600, reg_alpha=1.0, reg_lambda=0.7901512927199086, scale_pos_weight=1.0, subsample=0.7717049154030224;, score=0.690 total time=  46.5s
[CV 2/5] END colsample_bytree=0.501761620688272, gamma=5.0, learning_rate=0.018959052973882694, max_depth=7, n_estimators=600, reg_alpha=1.0, reg_lambda=0.65980694042235, scale_pos_weight=1.0, subsample=0.7083250482413225;, score=0.687 total time=  40.1s
[CV 2/5] END colsample_bytree=0.9788353569139764, gamma=0.6588634649688575, learning_rate=0.29869337024599235, max_depth=9, n_estimators=574, reg_alpha=0.0911548392557713, reg_lambda=0.8688635621725508, scale_pos_weight=1.5888363613451575, subsample=0.9820176199753354;, score=0.630 total time=  37.3s
[CV 1/5] END colsample_bytree=0.5, gamma=4.896327849259572, learning_rate=0.030536835770439183, max_depth=6, n_estimators=490, reg_alpha=1.0, reg_lambda=1.0, scale_pos_weight=1.0, subsample=0.7668818621764796;, score=0.690 total time=  27.9s
[CV 1/5] END colsample_bytree=0.5, gamma=4.1333291613671745, learning_rate=0.017424241670594427, max_depth=8, n_estimators=600, reg_alpha=1.0, reg_lambda=1.0, scale_pos_weight=1.0, subsample=0.7956453646530147;, score=0.690 total time=  45.8s
[CV 1/5] END colsample_bytree=0.5, gamma=4.731238773689772, learning_rate=0.021224216900940385, max_depth=8, n_estimators=600, reg_alpha=1.0, reg_lambda=0.8975340965340807, scale_pos_weight=1.0, subsample=0.8830713011018686;, score=0.689 total time=  41.0s
[CV 1/5] END colsample_bytree=0.5, gamma=5.0, learning_rate=0.017435624978544978, max_depth=8, n_estimators=600, reg_alpha=1.0, reg_lambda=0.435712409503413, scale_pos_weight=1.0, subsample=0.7808904172989541;, score=0.690 total time=  44.8s
[CV 3/5] END colsample_bytree=0.5, gamma=5.0, learning_rate=0.01, max_depth=9, n_estimators=600, reg_alpha=1.0, reg_lambda=0.5372550057611839, scale_pos_weight=1.0, subsample=0.7767904863735082;, score=0.685 total time=  58.5s
[CV 4/5] END colsample_bytree=0.5, gamma=5.0, learning_rate=0.01878717311818811, max_depth=8, n_estimators=600, reg_alpha=1.0, reg_lambda=0.7606199193728933, scale_pos_weight=1.0, subsample=0.8155609282638829;, score=0.690 total time=  44.1s
[CV 2/5] END colsample_bytree=0.9160755683402928, gamma=5.0, learning_rate=0.016700717362472965, max_depth=8, n_estimators=600, reg_alpha=1.0, reg_lambda=0.6530995392345237, scale_pos_weight=1.0, subsample=0.7658281432936898;, score=0.687 total time=  47.4s
[CV 1/5] END colsample_bytree=0.7082068511735469, gamma=5.0, learning_rate=0.016434829251836598, max_depth=8, n_estimators=600, reg_alpha=1.0, reg_lambda=0.8267603468200675, scale_pos_weight=1.0, subsample=0.7749190739611057;, score=0.690 total time=  46.8s
[CV 1/5] END colsample_bytree=0.710037423309274, gamma=5.0, learning_rate=0.018045453184777863, max_depth=8, n_estimators=600, reg_alpha=1.0, reg_lambda=0.30405369037074803, scale_pos_weight=1.0, subsample=0.7912720712784505;, score=0.690 total time=  44.7s
[CV 5/5] END colsample_bytree=0.5, gamma=5.0, learning_rate=0.017837294338978356, max_depth=8, n_estimators=600, reg_alpha=1.0, reg_lambda=0.7246517902320264, scale_pos_weight=1.0, subsample=0.8003683910969936;, score=0.692 total time=  44.9s
[CV 3/5] END colsample_bytree=0.6247679934354318, gamma=5.0, learning_rate=0.03164197376853069, max_depth=7, n_estimators=433, reg_alpha=1.0, reg_lambda=0.07013100734133476, scale_pos_weight=1.7928974581772936, subsample=0.8477831580775417;, score=0.684 total time=  28.3s
[CV 5/5] END colsample_bytree=0.9788353569139764, gamma=0.6588634649688575, learning_rate=0.29869337024599235, max_depth=9, n_estimators=574, reg_alpha=0.0911548392557713, reg_lambda=0.8688635621725508, scale_pos_weight=1.5888363613451575, subsample=0.9820176199753354;, score=0.637 total time=  37.9s
[CV 3/5] END colsample_bytree=0.5, gamma=4.896327849259572, learning_rate=0.030536835770439183, max_depth=6, n_estimators=490, reg_alpha=1.0, reg_lambda=1.0, scale_pos_weight=1.0, subsample=0.7668818621764796;, score=0.685 total time=  28.5s
[CV 3/5] END colsample_bytree=0.5, gamma=4.1333291613671745, learning_rate=0.017424241670594427, max_depth=8, n_estimators=600, reg_alpha=1.0, reg_lambda=1.0, scale_pos_weight=1.0, subsample=0.7956453646530147;, score=0.685 total time=  46.9s
[CV 4/5] END colsample_bytree=0.5, gamma=4.731238773689772, learning_rate=0.021224216900940385, max_depth=8, n_estimators=600, reg_alpha=1.0, reg_lambda=0.8975340965340807, scale_pos_weight=1.0, subsample=0.8830713011018686;, score=0.689 total time=  42.1s
[CV 4/5] END colsample_bytree=0.5, gamma=5.0, learning_rate=0.017435624978544978, max_depth=8, n_estimators=600, reg_alpha=1.0, reg_lambda=0.435712409503413, scale_pos_weight=1.0, subsample=0.7808904172989541;, score=0.689 total time=  45.2s
[CV 4/5] END colsample_bytree=0.5, gamma=5.0, learning_rate=0.017076487984918766, max_depth=8, n_estimators=600, reg_alpha=1.0, reg_lambda=0.2248901618806292, scale_pos_weight=1.0, subsample=0.7753933700939193;, score=0.690 total time=  46.2s
[CV 4/5] END colsample_bytree=0.7929345321777899, gamma=5.0, learning_rate=0.018144887066417502, max_depth=8, n_estimators=600, reg_alpha=1.0, reg_lambda=1.0, scale_pos_weight=1.0, subsample=0.7737204084202025;, score=0.690 total time=  46.5s
[CV 3/5] END colsample_bytree=0.7486182360539095, gamma=1.4901516745071188, learning_rate=0.2962784537565927, max_depth=5, n_estimators=72, reg_alpha=0.5550096750894812, reg_lambda=0.10561223480575058, scale_pos_weight=9.016371148575669, subsample=0.5135597630711817;, score=0.669 total time=   5.8s
[CV 5/5] END colsample_bytree=0.7082068511735469, gamma=5.0, learning_rate=0.016434829251836598, max_depth=8, n_estimators=600, reg_alpha=1.0, reg_lambda=0.8267603468200675, scale_pos_weight=1.0, subsample=0.7749190739611057;, score=0.691 total time=  48.0s
[CV 4/5] END colsample_bytree=0.710037423309274, gamma=5.0, learning_rate=0.018045453184777863, max_depth=8, n_estimators=600, reg_alpha=1.0, reg_lambda=0.30405369037074803, scale_pos_weight=1.0, subsample=0.7912720712784505;, score=0.690 total time=  45.1s
[CV 2/5] END colsample_bytree=0.943195607738972, gamma=4.174707369255899, learning_rate=0.017334528927818636, max_depth=8, n_estimators=600, reg_alpha=1.0, reg_lambda=0.5292189099783913, scale_pos_weight=1.0, subsample=0.7810911356272141;, score=0.687 total time=  49.6s
[CV 4/5] END colsample_bytree=0.5, gamma=5.0, learning_rate=0.018398929933916966, max_depth=8, n_estimators=600, reg_alpha=1.0, reg_lambda=0.6861101813333258, scale_pos_weight=1.0, subsample=0.7299998343154325;, score=0.690 total time=  44.8s
[CV 3/5] END colsample_bytree=0.8618899189138092, gamma=1.9593359631039178, learning_rate=0.017956459795693984, max_depth=8, n_estimators=532, reg_alpha=1.0, reg_lambda=0.7680526675106595, scale_pos_weight=1.0, subsample=0.7632517200430604;, score=0.684 total time=  44.0s
[CV 5/5] END colsample_bytree=0.5, gamma=5.0, learning_rate=0.03783138923542925, max_depth=6, n_estimators=395, reg_alpha=1.0, reg_lambda=0.9718679792437456, scale_pos_weight=1.0, subsample=0.8609342271716312;, score=0.691 total time=  22.1s
[CV 5/5] END colsample_bytree=0.5, gamma=4.1333291613671745, learning_rate=0.017424241670594427, max_depth=8, n_estimators=600, reg_alpha=1.0, reg_lambda=1.0, scale_pos_weight=1.0, subsample=0.7956453646530147;, score=0.692 total time=  46.6s
[CV 2/5] END colsample_bytree=0.5, gamma=4.731238773689772, learning_rate=0.021224216900940385, max_depth=8, n_estimators=600, reg_alpha=1.0, reg_lambda=0.8975340965340807, scale_pos_weight=1.0, subsample=0.8830713011018686;, score=0.687 total time=  41.3s
[CV 3/5] END colsample_bytree=0.5, gamma=5.0, learning_rate=0.017435624978544978, max_depth=8, n_estimators=600, reg_alpha=1.0, reg_lambda=0.435712409503413, scale_pos_weight=1.0, subsample=0.7808904172989541;, score=0.684 total time=  45.2s
[CV 2/5] END colsample_bytree=0.5, gamma=5.0, learning_rate=0.017076487984918766, max_depth=8, n_estimators=600, reg_alpha=1.0, reg_lambda=0.2248901618806292, scale_pos_weight=1.0, subsample=0.7753933700939193;, score=0.688 total time=  44.1s
[CV 5/5] END colsample_bytree=0.5, gamma=5.0, learning_rate=0.01878717311818811, max_depth=8, n_estimators=600, reg_alpha=1.0, reg_lambda=0.7606199193728933, scale_pos_weight=1.0, subsample=0.8155609282638829;, score=0.693 total time=  44.0s
[CV 1/5] END colsample_bytree=0.9160755683402928, gamma=5.0, learning_rate=0.016700717362472965, max_depth=8, n_estimators=600, reg_alpha=1.0, reg_lambda=0.6530995392345237, scale_pos_weight=1.0, subsample=0.7658281432936898;, score=0.690 total time=  47.8s
[CV 2/5] END colsample_bytree=0.7082068511735469, gamma=5.0, learning_rate=0.016434829251836598, max_depth=8, n_estimators=600, reg_alpha=1.0, reg_lambda=0.8267603468200675, scale_pos_weight=1.0, subsample=0.7749190739611057;, score=0.688 total time=  46.9s
[CV 2/5] END colsample_bytree=0.710037423309274, gamma=5.0, learning_rate=0.018045453184777863, max_depth=8, n_estimators=600, reg_alpha=1.0, reg_lambda=0.30405369037074803, scale_pos_weight=1.0, subsample=0.7912720712784505;, score=0.687 total time=  45.0s
[CV 1/5] END colsample_bytree=0.943195607738972, gamma=4.174707369255899, learning_rate=0.017334528927818636, max_depth=8, n_estimators=600, reg_alpha=1.0, reg_lambda=0.5292189099783913, scale_pos_weight=1.0, subsample=0.7810911356272141;, score=0.689 total time=  48.8s
[CV 1/5] END colsample_bytree=0.5, gamma=5.0, learning_rate=0.018398929933916966, max_depth=8, n_estimators=600, reg_alpha=1.0, reg_lambda=0.6861101813333258, scale_pos_weight=1.0, subsample=0.7299998343154325;, score=0.690 total time=  43.4s
[CV 5/5] END colsample_bytree=0.7665436523488088, gamma=5.0, learning_rate=0.01855747665150895, max_depth=8, n_estimators=600, reg_alpha=1.0, reg_lambda=0.46673987193356764, scale_pos_weight=1.0, subsample=0.8301598236661731;, score=0.692 total time=  45.0s
[CV 3/5] END colsample_bytree=0.5, gamma=5.0, learning_rate=0.03783138923542925, max_depth=6, n_estimators=395, reg_alpha=1.0, reg_lambda=0.9718679792437456, scale_pos_weight=1.0, subsample=0.8609342271716312;, score=0.684 total time=  22.4s
[CV 1/5] END colsample_bytree=0.5, gamma=5.0, learning_rate=0.017635312669106566, max_depth=8, n_estimators=600, reg_alpha=1.0, reg_lambda=1.0, scale_pos_weight=1.0, subsample=0.8077355965933404;, score=0.690 total time=  44.6s
[CV 2/5] END colsample_bytree=0.55218472441564, gamma=2.5430477887945035, learning_rate=0.015085932283078616, max_depth=7, n_estimators=600, reg_alpha=1.0, reg_lambda=0.6855616333440295, scale_pos_weight=1.0, subsample=0.7783517584648043;, score=0.687 total time=  41.7s
[CV 5/5] END colsample_bytree=0.5, gamma=5.0, learning_rate=0.017435624978544978, max_depth=8, n_estimators=600, reg_alpha=1.0, reg_lambda=0.435712409503413, scale_pos_weight=1.0, subsample=0.7808904172989541;, score=0.692 total time=  45.2s
[CV 3/5] END colsample_bytree=0.5, gamma=5.0, learning_rate=0.01, max_depth=8, n_estimators=371, reg_alpha=1.0, reg_lambda=0.8688434015011293, scale_pos_weight=10.0, subsample=1.0;, score=0.679 total time=  35.4s
[CV 4/5] END colsample_bytree=0.5362510081854247, gamma=1.7632751943005718, learning_rate=0.01802667662678334, max_depth=8, n_estimators=600, reg_alpha=1.0, reg_lambda=0.8660068815626706, scale_pos_weight=1.0, subsample=0.7951949643556017;, score=0.689 total time=  48.0s
[CV 4/5] END colsample_bytree=0.5, gamma=5.0, learning_rate=0.01964404470854053, max_depth=8, n_estimators=537, reg_alpha=1.0, reg_lambda=0.5666378964770225, scale_pos_weight=1.0, subsample=0.8233237437751075;, score=0.690 total time=  40.9s
[CV 4/5] END colsample_bytree=0.6854482562327594, gamma=4.4990655539152975, learning_rate=0.01895323829191362, max_depth=7, n_estimators=600, reg_alpha=1.0, reg_lambda=0.7939570816096269, scale_pos_weight=1.0, subsample=0.8011124455849747;, score=0.689 total time=  39.9s
[CV 2/5] END colsample_bytree=0.5483916112207247, gamma=1.7248770639337172, learning_rate=0.2901171807661146, max_depth=3, n_estimators=469, reg_alpha=0.05478183965827356, reg_lambda=0.7858281286046424, scale_pos_weight=7.64762007555792, subsample=0.9633436682021976;, score=0.678 total time=  16.1s
[CV 1/5] END colsample_bytree=0.5, gamma=5.0, learning_rate=0.017837294338978356, max_depth=8, n_estimators=600, reg_alpha=1.0, reg_lambda=0.7246517902320264, scale_pos_weight=1.0, subsample=0.8003683910969936;, score=0.690 total time=  44.7s
[CV 2/5] END colsample_bytree=0.6247679934354318, gamma=5.0, learning_rate=0.03164197376853069, max_depth=7, n_estimators=433, reg_alpha=1.0, reg_lambda=0.07013100734133476, scale_pos_weight=1.7928974581772936, subsample=0.8477831580775417;, score=0.686 total time=  30.3s
[CV 4/5] END colsample_bytree=0.7665436523488088, gamma=5.0, learning_rate=0.01855747665150895, max_depth=8, n_estimators=600, reg_alpha=1.0, reg_lambda=0.46673987193356764, scale_pos_weight=1.0, subsample=0.8301598236661731;, score=0.690 total time=  44.7s
[CV 1/5] END colsample_bytree=0.5, gamma=5.0, learning_rate=0.03783138923542925, max_depth=6, n_estimators=395, reg_alpha=1.0, reg_lambda=0.9718679792437456, scale_pos_weight=1.0, subsample=0.8609342271716312;, score=0.689 total time=  22.6s
[CV 2/5] END colsample_bytree=0.5, gamma=5.0, learning_rate=0.017635312669106566, max_depth=8, n_estimators=600, reg_alpha=1.0, reg_lambda=1.0, scale_pos_weight=1.0, subsample=0.8077355965933404;, score=0.687 total time=  44.2s
[CV 5/5] END colsample_bytree=0.5, gamma=4.731238773689772, learning_rate=0.021224216900940385, max_depth=8, n_estimators=600, reg_alpha=1.0, reg_lambda=0.8975340965340807, scale_pos_weight=1.0, subsample=0.8830713011018686;, score=0.692 total time=  41.3s
[CV 2/5] END colsample_bytree=0.5, gamma=5.0, learning_rate=0.017435624978544978, max_depth=8, n_estimators=600, reg_alpha=1.0, reg_lambda=0.435712409503413, scale_pos_weight=1.0, subsample=0.7808904172989541;, score=0.688 total time=  45.9s
[CV 5/5] END colsample_bytree=0.5, gamma=5.0, learning_rate=0.01, max_depth=8, n_estimators=371, reg_alpha=1.0, reg_lambda=0.8688434015011293, scale_pos_weight=10.0, subsample=1.0;, score=0.687 total time=  35.1s
[CV 3/5] END colsample_bytree=0.5362510081854247, gamma=1.7632751943005718, learning_rate=0.01802667662678334, max_depth=8, n_estimators=600, reg_alpha=1.0, reg_lambda=0.8660068815626706, scale_pos_weight=1.0, subsample=0.7951949643556017;, score=0.685 total time=  47.5s
[CV 2/5] END colsample_bytree=0.5, gamma=5.0, learning_rate=0.01964404470854053, max_depth=8, n_estimators=537, reg_alpha=1.0, reg_lambda=0.5666378964770225, scale_pos_weight=1.0, subsample=0.8233237437751075;, score=0.688 total time=  40.2s
[CV 2/5] END colsample_bytree=0.6854482562327594, gamma=4.4990655539152975, learning_rate=0.01895323829191362, max_depth=7, n_estimators=600, reg_alpha=1.0, reg_lambda=0.7939570816096269, scale_pos_weight=1.0, subsample=0.8011124455849747;, score=0.687 total time=  39.7s
[CV 1/5] END colsample_bytree=0.5483916112207247, gamma=1.7248770639337172, learning_rate=0.2901171807661146, max_depth=3, n_estimators=469, reg_alpha=0.05478183965827356, reg_lambda=0.7858281286046424, scale_pos_weight=7.64762007555792, subsample=0.9633436682021976;, score=0.681 total time=  16.4s
[CV 2/5] END colsample_bytree=0.5, gamma=5.0, learning_rate=0.017837294338978356, max_depth=8, n_estimators=600, reg_alpha=1.0, reg_lambda=0.7246517902320264, scale_pos_weight=1.0, subsample=0.8003683910969936;, score=0.687 total time=  45.7s
[CV 4/5] END colsample_bytree=0.6247679934354318, gamma=5.0, learning_rate=0.03164197376853069, max_depth=7, n_estimators=433, reg_alpha=1.0, reg_lambda=0.07013100734133476, scale_pos_weight=1.7928974581772936, subsample=0.8477831580775417;, score=0.689 total time=  29.5s
[CV 2/5] END colsample_bytree=0.7665436523488088, gamma=5.0, learning_rate=0.01855747665150895, max_depth=8, n_estimators=600, reg_alpha=1.0, reg_lambda=0.46673987193356764, scale_pos_weight=1.0, subsample=0.8301598236661731;, score=0.687 total time=  45.5s
[CV 4/5] END colsample_bytree=0.5, gamma=5.0, learning_rate=0.03783138923542925, max_depth=6, n_estimators=395, reg_alpha=1.0, reg_lambda=0.9718679792437456, scale_pos_weight=1.0, subsample=0.8609342271716312;, score=0.689 total time=  22.6s
[CV 3/5] END colsample_bytree=0.5, gamma=5.0, learning_rate=0.017635312669106566, max_depth=8, n_estimators=600, reg_alpha=1.0, reg_lambda=1.0, scale_pos_weight=1.0, subsample=0.8077355965933404;, score=0.685 total time=  44.3s
[CV 1/5] END colsample_bytree=0.55218472441564, gamma=2.5430477887945035, learning_rate=0.015085932283078616, max_depth=7, n_estimators=600, reg_alpha=1.0, reg_lambda=0.6855616333440295, scale_pos_weight=1.0, subsample=0.7783517584648043;, score=0.689 total time=  42.0s
[CV 1/5] END colsample_bytree=0.5, gamma=5.0, learning_rate=0.01730187236389106, max_depth=8, n_estimators=600, reg_alpha=1.0, reg_lambda=1.0, scale_pos_weight=1.0, subsample=0.7925709464820722;, score=0.690 total time=  44.3s
[CV 3/5] END colsample_bytree=0.5, gamma=5.0, learning_rate=0.017076487984918766, max_depth=8, n_estimators=600, reg_alpha=1.0, reg_lambda=0.2248901618806292, scale_pos_weight=1.0, subsample=0.7753933700939193;, score=0.685 total time=  44.8s
[CV 1/5] END colsample_bytree=0.7929345321777899, gamma=5.0, learning_rate=0.018144887066417502, max_depth=8, n_estimators=600, reg_alpha=1.0, reg_lambda=1.0, scale_pos_weight=1.0, subsample=0.7737204084202025;, score=0.690 total time=  45.9s
[CV 1/5] END colsample_bytree=0.7486182360539095, gamma=1.4901516745071188, learning_rate=0.2962784537565927, max_depth=5, n_estimators=72, reg_alpha=0.5550096750894812, reg_lambda=0.10561223480575058, scale_pos_weight=9.016371148575669, subsample=0.5135597630711817;, score=0.674 total time=   6.1s
[CV 4/5] END colsample_bytree=0.575957218851479, gamma=5.0, learning_rate=0.017428002629913814, max_depth=8, n_estimators=600, reg_alpha=1.0, reg_lambda=0.7958841219213598, scale_pos_weight=1.0, subsample=0.7982997354231705;, score=0.690 total time=  45.2s
[CV 2/5] END colsample_bytree=0.515670680274454, gamma=2.95931755718337, learning_rate=0.018700615775352453, max_depth=8, n_estimators=600, reg_alpha=1.0, reg_lambda=1.0, scale_pos_weight=1.0, subsample=0.8203147499887007;, score=0.688 total time=  45.9s
[CV 1/5] END colsample_bytree=0.5, gamma=4.4330625126314285, learning_rate=0.017638458917739023, max_depth=8, n_estimators=600, reg_alpha=1.0, reg_lambda=0.6995011082222706, scale_pos_weight=1.0, subsample=0.7798482915723516;, score=0.690 total time=  46.0s
[CV 3/5] END colsample_bytree=0.6160939216740393, gamma=5.0, learning_rate=0.01875436788980455, max_depth=8, n_estimators=600, reg_alpha=1.0, reg_lambda=0.6000791556155033, scale_pos_weight=1.0, subsample=0.7961577999262541;, score=0.684 total time=  44.7s
[CV 4/5] END colsample_bytree=0.5, gamma=3.8320942317470497, learning_rate=0.018295735169366306, max_depth=8, n_estimators=600, reg_alpha=1.0, reg_lambda=0.1813214167590683, scale_pos_weight=1.0, subsample=0.8486467356458087;, score=0.690 total time=  46.6s
[CV 3/5] END colsample_bytree=0.5, gamma=5.0, learning_rate=0.016740225122076305, max_depth=8, n_estimators=600, reg_alpha=1.0, reg_lambda=0.8778410219391897, scale_pos_weight=1.0, subsample=0.869289186708568;, score=0.686 total time=  44.0s
[CV 5/5] END colsample_bytree=0.5, gamma=5.0, learning_rate=0.01797422127171689, max_depth=8, n_estimators=600, reg_alpha=1.0, reg_lambda=1.0, scale_pos_weight=1.0, subsample=0.7905087337993992;, score=0.692 total time=  44.3s
[CV 3/5] END colsample_bytree=0.5, gamma=5.0, learning_rate=0.018723862221041276, max_depth=7, n_estimators=600, reg_alpha=1.0, reg_lambda=1.0, scale_pos_weight=1.0, subsample=0.7952283397396855;, score=0.684 total time=  38.5s
[CV 5/5] END colsample_bytree=0.5, gamma=5.0, learning_rate=0.01730187236389106, max_depth=8, n_estimators=600, reg_alpha=1.0, reg_lambda=1.0, scale_pos_weight=1.0, subsample=0.7925709464820722;, score=0.692 total time=  44.3s
[CV 4/5] END colsample_bytree=0.5, gamma=5.0, learning_rate=0.01, max_depth=9, n_estimators=600, reg_alpha=1.0, reg_lambda=0.5372550057611839, scale_pos_weight=1.0, subsample=0.7767904863735082;, score=0.689 total time=  57.4s
[CV 2/5] END colsample_bytree=0.5, gamma=5.0, learning_rate=0.01878717311818811, max_depth=8, n_estimators=600, reg_alpha=1.0, reg_lambda=0.7606199193728933, scale_pos_weight=1.0, subsample=0.8155609282638829;, score=0.688 total time=  47.7s
[CV 4/5] END colsample_bytree=0.9160755683402928, gamma=5.0, learning_rate=0.016700717362472965, max_depth=8, n_estimators=600, reg_alpha=1.0, reg_lambda=0.6530995392345237, scale_pos_weight=1.0, subsample=0.7658281432936898;, score=0.690 total time=  48.1s
[CV 3/5] END colsample_bytree=0.7082068511735469, gamma=5.0, learning_rate=0.016434829251836598, max_depth=8, n_estimators=600, reg_alpha=1.0, reg_lambda=0.8267603468200675, scale_pos_weight=1.0, subsample=0.7749190739611057;, score=0.685 total time=  45.8s
[CV 5/5] END colsample_bytree=0.5483916112207247, gamma=1.7248770639337172, learning_rate=0.2901171807661146, max_depth=3, n_estimators=469, reg_alpha=0.05478183965827356, reg_lambda=0.7858281286046424, scale_pos_weight=7.64762007555792, subsample=0.9633436682021976;, score=0.684 total time=  16.9s
[CV 4/5] END colsample_bytree=0.5, gamma=5.0, learning_rate=0.017837294338978356, max_depth=8, n_estimators=600, reg_alpha=1.0, reg_lambda=0.7246517902320264, scale_pos_weight=1.0, subsample=0.8003683910969936;, score=0.689 total time=  44.5s
[CV 1/5] END colsample_bytree=0.6247679934354318, gamma=5.0, learning_rate=0.03164197376853069, max_depth=7, n_estimators=433, reg_alpha=1.0, reg_lambda=0.07013100734133476, scale_pos_weight=1.7928974581772936, subsample=0.8477831580775417;, score=0.689 total time=  29.2s
[CV 1/5] END colsample_bytree=0.7665436523488088, gamma=5.0, learning_rate=0.01855747665150895, max_depth=8, n_estimators=600, reg_alpha=1.0, reg_lambda=0.46673987193356764, scale_pos_weight=1.0, subsample=0.8301598236661731;, score=0.690 total time=  44.8s
[CV 2/5] END colsample_bytree=0.5, gamma=5.0, learning_rate=0.03783138923542925, max_depth=6, n_estimators=395, reg_alpha=1.0, reg_lambda=0.9718679792437456, scale_pos_weight=1.0, subsample=0.8609342271716312;, score=0.687 total time=  23.0s
[CV 4/5] END colsample_bytree=0.5, gamma=5.0, learning_rate=0.017635312669106566, max_depth=8, n_estimators=600, reg_alpha=1.0, reg_lambda=1.0, scale_pos_weight=1.0, subsample=0.8077355965933404;, score=0.690 total time=  44.7s
[CV 3/5] END colsample_bytree=0.55218472441564, gamma=2.5430477887945035, learning_rate=0.015085932283078616, max_depth=7, n_estimators=600, reg_alpha=1.0, reg_lambda=0.6855616333440295, scale_pos_weight=1.0, subsample=0.7783517584648043;, score=0.685 total time=  42.9s
[CV 3/5] END colsample_bytree=0.5, gamma=5.0, learning_rate=0.01730187236389106, max_depth=8, n_estimators=600, reg_alpha=1.0, reg_lambda=1.0, scale_pos_weight=1.0, subsample=0.7925709464820722;, score=0.685 total time=  44.9s
[CV 1/5] END colsample_bytree=0.5, gamma=5.0, learning_rate=0.017076487984918766, max_depth=8, n_estimators=600, reg_alpha=1.0, reg_lambda=0.2248901618806292, scale_pos_weight=1.0, subsample=0.7753933700939193;, score=0.689 total time=  45.8s
[CV 2/5] END colsample_bytree=0.7929345321777899, gamma=5.0, learning_rate=0.018144887066417502, max_depth=8, n_estimators=600, reg_alpha=1.0, reg_lambda=1.0, scale_pos_weight=1.0, subsample=0.7737204084202025;, score=0.688 total time=  46.6s
[CV 4/5] END colsample_bytree=0.7486182360539095, gamma=1.4901516745071188, learning_rate=0.2962784537565927, max_depth=5, n_estimators=72, reg_alpha=0.5550096750894812, reg_lambda=0.10561223480575058, scale_pos_weight=9.016371148575669, subsample=0.5135597630711817;, score=0.675 total time=   6.1s
[CV 3/5] END colsample_bytree=0.575957218851479, gamma=5.0, learning_rate=0.017428002629913814, max_depth=8, n_estimators=600, reg_alpha=1.0, reg_lambda=0.7958841219213598, scale_pos_weight=1.0, subsample=0.7982997354231705;, score=0.685 total time=  44.1s
[CV 5/5] END colsample_bytree=0.710037423309274, gamma=5.0, learning_rate=0.018045453184777863, max_depth=8, n_estimators=600, reg_alpha=1.0, reg_lambda=0.30405369037074803, scale_pos_weight=1.0, subsample=0.7912720712784505;, score=0.692 total time=  46.6s
[CV 4/5] END colsample_bytree=0.943195607738972, gamma=4.174707369255899, learning_rate=0.017334528927818636, max_depth=8, n_estimators=600, reg_alpha=1.0, reg_lambda=0.5292189099783913, scale_pos_weight=1.0, subsample=0.7810911356272141;, score=0.690 total time=  49.1s
[CV 3/5] END colsample_bytree=0.5, gamma=5.0, learning_rate=0.018398929933916966, max_depth=8, n_estimators=600, reg_alpha=1.0, reg_lambda=0.6861101813333258, scale_pos_weight=1.0, subsample=0.7299998343154325;, score=0.684 total time=  45.0s
[CV 4/5] END colsample_bytree=0.8618899189138092, gamma=1.9593359631039178, learning_rate=0.017956459795693984, max_depth=8, n_estimators=532, reg_alpha=1.0, reg_lambda=0.7680526675106595, scale_pos_weight=1.0, subsample=0.7632517200430604;, score=0.690 total time=  46.6s
[CV 4/5] END colsample_bytree=0.5, gamma=5.0, learning_rate=0.018203006016466662, max_depth=8, n_estimators=600, reg_alpha=1.0, reg_lambda=1.0, scale_pos_weight=1.0, subsample=0.8104231128171473;, score=0.690 total time=  43.6s
[CV 1/5] END colsample_bytree=0.5, gamma=5.0, learning_rate=0.01797422127171689, max_depth=8, n_estimators=600, reg_alpha=1.0, reg_lambda=1.0, scale_pos_weight=1.0, subsample=0.7905087337993992;, score=0.690 total time=  43.6s
[CV 5/5] END colsample_bytree=0.55218472441564, gamma=2.5430477887945035, learning_rate=0.015085932283078616, max_depth=7, n_estimators=600, reg_alpha=1.0, reg_lambda=0.6855616333440295, scale_pos_weight=1.0, subsample=0.7783517584648043;, score=0.691 total time=  42.9s
[CV 4/5] END colsample_bytree=0.5, gamma=5.0, learning_rate=0.01730187236389106, max_depth=8, n_estimators=600, reg_alpha=1.0, reg_lambda=1.0, scale_pos_weight=1.0, subsample=0.7925709464820722;, score=0.689 total time=  45.1s
[CV 5/5] END colsample_bytree=0.5, gamma=5.0, learning_rate=0.018915023521780816, max_depth=8, n_estimators=600, reg_alpha=1.0, reg_lambda=1.0, scale_pos_weight=1.0, subsample=0.7563578934203523;, score=0.691 total time=  44.5s
[CV 4/5] END colsample_bytree=0.5, gamma=4.742364943826034, learning_rate=0.022010866833465127, max_depth=8, n_estimators=530, reg_alpha=1.0, reg_lambda=0.5213083226107063, scale_pos_weight=1.0, subsample=0.8599963221724529;, score=0.690 total time=  38.4s
[CV 3/5] END colsample_bytree=0.629280217116383, gamma=5.0, learning_rate=0.021103283453890335, max_depth=8, n_estimators=549, reg_alpha=1.0, reg_lambda=1.0, scale_pos_weight=1.0, subsample=0.7753621740662766;, score=0.684 total time=  40.2s
[CV 1/5] END colsample_bytree=0.5319196097720752, gamma=5.0, learning_rate=0.021460919791502327, max_depth=7, n_estimators=552, reg_alpha=1.0, reg_lambda=0.9476360789414479, scale_pos_weight=1.0, subsample=0.7536135667513206;, score=0.690 total time=  36.3s
[CV 5/5] END colsample_bytree=0.6485755767463101, gamma=2.313012530780717, learning_rate=0.11518780225993307, max_depth=6, n_estimators=413, reg_alpha=0.31640351621284074, reg_lambda=0.6729390080449894, scale_pos_weight=9.6891997646947, subsample=0.9643821899667286;, score=0.682 total time=  20.8s
[CV 2/5] END colsample_bytree=0.7142434550183843, gamma=5.0, learning_rate=0.014832996297657091, max_depth=8, n_estimators=600, reg_alpha=1.0, reg_lambda=1.0, scale_pos_weight=1.0, subsample=0.7681582411406329;, score=0.688 total time=  48.4s
[CV 5/5] END colsample_bytree=1.0, gamma=5.0, learning_rate=0.01, max_depth=12, n_estimators=600, reg_alpha=0.4667823419276229, reg_lambda=1.0, scale_pos_weight=1.0, subsample=0.8867630180831897;, score=0.691 total time= 1.7min
[CV 3/5] END colsample_bytree=0.5169940942131084, gamma=4.797969459624477, learning_rate=0.016499357353307265, max_depth=8, n_estimators=600, reg_alpha=1.0, reg_lambda=1.0, scale_pos_weight=1.0, subsample=0.7991889492774586;, score=0.685 total time=  45.1s
[CV 5/5] END colsample_bytree=0.5, gamma=3.3297151269011342, learning_rate=0.018228078052541265, max_depth=8, n_estimators=600, reg_alpha=1.0, reg_lambda=1.0, scale_pos_weight=1.0, subsample=0.7535774187777649;, score=0.692 total time=  46.9s
[CV 4/5] END colsample_bytree=0.673436560330357, gamma=5.0, learning_rate=0.0201143064251605, max_depth=8, n_estimators=532, reg_alpha=1.0, reg_lambda=0.1727454190341175, scale_pos_weight=1.0, subsample=0.8224747023497874;, score=0.690 total time=  41.4s
[CV 4/5] END colsample_bytree=0.5, gamma=2.09563734535653, learning_rate=0.017993601947624567, max_depth=8, n_estimators=600, reg_alpha=1.0, reg_lambda=1.0, scale_pos_weight=1.0, subsample=0.8155160003567078;, score=0.689 total time=  47.8s
[CV 4/5] END colsample_bytree=0.5893971255438586, gamma=4.829775666919132, learning_rate=0.015722057475900716, max_depth=7, n_estimators=600, reg_alpha=1.0, reg_lambda=0.8714227905480803, scale_pos_weight=1.0, subsample=0.7412377989092173;, score=0.690 total time=  41.0s
[CV 5/5] END colsample_bytree=0.5, gamma=4.4330625126314285, learning_rate=0.017638458917739023, max_depth=8, n_estimators=600, reg_alpha=1.0, reg_lambda=0.6995011082222706, scale_pos_weight=1.0, subsample=0.7798482915723516;, score=0.692 total time=  45.8s
[CV 5/5] END colsample_bytree=0.5, gamma=5.0, learning_rate=0.018398929933916966, max_depth=8, n_estimators=600, reg_alpha=1.0, reg_lambda=0.6861101813333258, scale_pos_weight=1.0, subsample=0.7299998343154325;, score=0.692 total time=  44.4s
[CV 1/5] END colsample_bytree=0.8618899189138092, gamma=1.9593359631039178, learning_rate=0.017956459795693984, max_depth=8, n_estimators=532, reg_alpha=1.0, reg_lambda=0.7680526675106595, scale_pos_weight=1.0, subsample=0.7632517200430604;, score=0.689 total time=  45.3s
[CV 2/5] END colsample_bytree=0.5, gamma=5.0, learning_rate=0.018203006016466662, max_depth=8, n_estimators=600, reg_alpha=1.0, reg_lambda=1.0, scale_pos_weight=1.0, subsample=0.8104231128171473;, score=0.688 total time=  43.6s
[CV 5/5] END colsample_bytree=0.5, gamma=5.0, learning_rate=0.017635312669106566, max_depth=8, n_estimators=600, reg_alpha=1.0, reg_lambda=1.0, scale_pos_weight=1.0, subsample=0.8077355965933404;, score=0.692 total time=  45.5s
[CV 4/5] END colsample_bytree=0.55218472441564, gamma=2.5430477887945035, learning_rate=0.015085932283078616, max_depth=7, n_estimators=600, reg_alpha=1.0, reg_lambda=0.6855616333440295, scale_pos_weight=1.0, subsample=0.7783517584648043;, score=0.690 total time=  42.1s
[CV 2/5] END colsample_bytree=0.5, gamma=5.0, learning_rate=0.01730187236389106, max_depth=8, n_estimators=600, reg_alpha=1.0, reg_lambda=1.0, scale_pos_weight=1.0, subsample=0.7925709464820722;, score=0.688 total time=  45.2s
[CV 1/5] END colsample_bytree=0.5, gamma=5.0, learning_rate=0.02060364291205758, max_depth=7, n_estimators=600, reg_alpha=1.0, reg_lambda=1.0, scale_pos_weight=1.0, subsample=0.7866200384823914;, score=0.690 total time=  39.7s
[CV 4/5] END colsample_bytree=0.5, gamma=3.3297151269011342, learning_rate=0.018228078052541265, max_depth=8, n_estimators=600, reg_alpha=1.0, reg_lambda=1.0, scale_pos_weight=1.0, subsample=0.7535774187777649;, score=0.690 total time=  46.6s
[CV 3/5] END colsample_bytree=0.673436560330357, gamma=5.0, learning_rate=0.0201143064251605, max_depth=8, n_estimators=532, reg_alpha=1.0, reg_lambda=0.1727454190341175, scale_pos_weight=1.0, subsample=0.8224747023497874;, score=0.685 total time=  38.9s
[CV 5/5] END colsample_bytree=0.575957218851479, gamma=5.0, learning_rate=0.017428002629913814, max_depth=8, n_estimators=600, reg_alpha=1.0, reg_lambda=0.7958841219213598, scale_pos_weight=1.0, subsample=0.7982997354231705;, score=0.692 total time=  47.1s
[CV 4/5] END colsample_bytree=0.515670680274454, gamma=2.95931755718337, learning_rate=0.018700615775352453, max_depth=8, n_estimators=600, reg_alpha=1.0, reg_lambda=1.0, scale_pos_weight=1.0, subsample=0.8203147499887007;, score=0.689 total time=  47.4s
[CV 4/5] END colsample_bytree=0.5, gamma=4.4330625126314285, learning_rate=0.017638458917739023, max_depth=8, n_estimators=600, reg_alpha=1.0, reg_lambda=0.6995011082222706, scale_pos_weight=1.0, subsample=0.7798482915723516;, score=0.689 total time=  45.8s
[CV 1/5] END colsample_bytree=0.6160939216740393, gamma=5.0, learning_rate=0.01875436788980455, max_depth=8, n_estimators=600, reg_alpha=1.0, reg_lambda=0.6000791556155033, scale_pos_weight=1.0, subsample=0.7961577999262541;, score=0.690 total time=  43.9s
[CV 1/5] END colsample_bytree=0.5, gamma=3.8320942317470497, learning_rate=0.018295735169366306, max_depth=8, n_estimators=600, reg_alpha=1.0, reg_lambda=0.1813214167590683, scale_pos_weight=1.0, subsample=0.8486467356458087;, score=0.690 total time=  45.6s
[CV 5/5] END colsample_bytree=0.5, gamma=5.0, learning_rate=0.018203006016466662, max_depth=8, n_estimators=600, reg_alpha=1.0, reg_lambda=1.0, scale_pos_weight=1.0, subsample=0.8104231128171473;, score=0.692 total time=  45.0s
[CV 4/5] END colsample_bytree=0.5, gamma=5.0, learning_rate=0.01797422127171689, max_depth=8, n_estimators=600, reg_alpha=1.0, reg_lambda=1.0, scale_pos_weight=1.0, subsample=0.7905087337993992;, score=0.690 total time=  45.8s
[CV 4/5] END colsample_bytree=0.5, gamma=5.0, learning_rate=0.018723862221041276, max_depth=7, n_estimators=600, reg_alpha=1.0, reg_lambda=1.0, scale_pos_weight=1.0, subsample=0.7952283397396855;, score=0.690 total time=  40.0s
[CV 3/5] END colsample_bytree=0.6551038164121656, gamma=5.0, learning_rate=0.017450176326797493, max_depth=8, n_estimators=600, reg_alpha=1.0, reg_lambda=0.566800555327835, scale_pos_weight=1.0, subsample=0.8104228171274332;, score=0.685 total time=  45.3s
[CV 2/5] END colsample_bytree=0.5, gamma=5.0, learning_rate=0.02060364291205758, max_depth=7, n_estimators=600, reg_alpha=1.0, reg_lambda=1.0, scale_pos_weight=1.0, subsample=0.7866200384823914;, score=0.688 total time=  39.5s
[CV 3/5] END colsample_bytree=0.5, gamma=3.3297151269011342, learning_rate=0.018228078052541265, max_depth=8, n_estimators=600, reg_alpha=1.0, reg_lambda=1.0, scale_pos_weight=1.0, subsample=0.7535774187777649;, score=0.685 total time=  46.1s
[CV 5/5] END colsample_bytree=0.7486182360539095, gamma=1.4901516745071188, learning_rate=0.2962784537565927, max_depth=5, n_estimators=72, reg_alpha=0.5550096750894812, reg_lambda=0.10561223480575058, scale_pos_weight=9.016371148575669, subsample=0.5135597630711817;, score=0.678 total time=   5.9s
[CV 2/5] END colsample_bytree=0.575957218851479, gamma=5.0, learning_rate=0.017428002629913814, max_depth=8, n_estimators=600, reg_alpha=1.0, reg_lambda=0.7958841219213598, scale_pos_weight=1.0, subsample=0.7982997354231705;, score=0.687 total time=  45.4s
[CV 3/5] END colsample_bytree=0.515670680274454, gamma=2.95931755718337, learning_rate=0.018700615775352453, max_depth=8, n_estimators=600, reg_alpha=1.0, reg_lambda=1.0, scale_pos_weight=1.0, subsample=0.8203147499887007;, score=0.685 total time=  45.6s
[CV 5/5] END colsample_bytree=0.943195607738972, gamma=4.174707369255899, learning_rate=0.017334528927818636, max_depth=8, n_estimators=600, reg_alpha=1.0, reg_lambda=0.5292189099783913, scale_pos_weight=1.0, subsample=0.7810911356272141;, score=0.692 total time=  48.8s
[CV 2/5] END colsample_bytree=0.5, gamma=5.0, learning_rate=0.018398929933916966, max_depth=8, n_estimators=600, reg_alpha=1.0, reg_lambda=0.6861101813333258, scale_pos_weight=1.0, subsample=0.7299998343154325;, score=0.688 total time=  44.5s
[CV 2/5] END colsample_bytree=0.8618899189138092, gamma=1.9593359631039178, learning_rate=0.017956459795693984, max_depth=8, n_estimators=532, reg_alpha=1.0, reg_lambda=0.7680526675106595, scale_pos_weight=1.0, subsample=0.7632517200430604;, score=0.687 total time=  45.2s
[CV 1/5] END colsample_bytree=0.5, gamma=5.0, learning_rate=0.018203006016466662, max_depth=8, n_estimators=600, reg_alpha=1.0, reg_lambda=1.0, scale_pos_weight=1.0, subsample=0.8104231128171473;, score=0.690 total time=  44.5s
[CV 3/5] END colsample_bytree=0.5, gamma=5.0, learning_rate=0.01797422127171689, max_depth=8, n_estimators=600, reg_alpha=1.0, reg_lambda=1.0, scale_pos_weight=1.0, subsample=0.7905087337993992;, score=0.685 total time=  43.6s
[CV 1/5] END colsample_bytree=0.5, gamma=5.0, learning_rate=0.018723862221041276, max_depth=7, n_estimators=600, reg_alpha=1.0, reg_lambda=1.0, scale_pos_weight=1.0, subsample=0.7952283397396855;, score=0.690 total time=  39.8s
[CV 2/5] END colsample_bytree=0.6551038164121656, gamma=5.0, learning_rate=0.017450176326797493, max_depth=8, n_estimators=600, reg_alpha=1.0, reg_lambda=0.566800555327835, scale_pos_weight=1.0, subsample=0.8104228171274332;, score=0.687 total time=  45.5s
[CV 1/5] END colsample_bytree=0.5, gamma=5.0, learning_rate=0.018915023521780816, max_depth=8, n_estimators=600, reg_alpha=1.0, reg_lambda=1.0, scale_pos_weight=1.0, subsample=0.7563578934203523;, score=0.690 total time=  43.8s
[CV 3/5] END colsample_bytree=0.5, gamma=4.742364943826034, learning_rate=0.022010866833465127, max_depth=8, n_estimators=530, reg_alpha=1.0, reg_lambda=0.5213083226107063, scale_pos_weight=1.0, subsample=0.8599963221724529;, score=0.685 total time=  37.6s
[CV 1/5] END colsample_bytree=0.629280217116383, gamma=5.0, learning_rate=0.021103283453890335, max_depth=8, n_estimators=549, reg_alpha=1.0, reg_lambda=1.0, scale_pos_weight=1.0, subsample=0.7753621740662766;, score=0.689 total time=  39.9s
[CV 5/5] END colsample_bytree=0.6045545229570837, gamma=5.0, learning_rate=0.01763857412070709, max_depth=7, n_estimators=600, reg_alpha=1.0, reg_lambda=1.0, scale_pos_weight=1.0, subsample=0.7039641873244621;, score=0.692 total time=  40.7s
[CV 2/5] END colsample_bytree=0.6485755767463101, gamma=2.313012530780717, learning_rate=0.11518780225993307, max_depth=6, n_estimators=413, reg_alpha=0.31640351621284074, reg_lambda=0.6729390080449894, scale_pos_weight=9.6891997646947, subsample=0.9643821899667286;, score=0.675 total time=  20.6s
[CV 1/5] END colsample_bytree=0.7142434550183843, gamma=5.0, learning_rate=0.014832996297657091, max_depth=8, n_estimators=600, reg_alpha=1.0, reg_lambda=1.0, scale_pos_weight=1.0, subsample=0.7681582411406329;, score=0.690 total time=  47.3s
[CV 2/5] END colsample_bytree=1.0, gamma=5.0, learning_rate=0.01, max_depth=12, n_estimators=600, reg_alpha=0.4667823419276229, reg_lambda=1.0, scale_pos_weight=1.0, subsample=0.8867630180831897;, score=0.686 total time= 1.7min
[CV 1/5] END colsample_bytree=0.5169940942131084, gamma=4.797969459624477, learning_rate=0.016499357353307265, max_depth=8, n_estimators=600, reg_alpha=1.0, reg_lambda=1.0, scale_pos_weight=1.0, subsample=0.7991889492774586;, score=0.690 total time=  45.4s
[CV 1/5] END colsample_bytree=0.7310669381942081, gamma=0.06187085398414284, learning_rate=0.25438719901160217, max_depth=3, n_estimators=303, reg_alpha=0.527609600079309, reg_lambda=0.2579015495555847, scale_pos_weight=9.862301021505381, subsample=0.532262818078325;, score=0.680 total time=  13.1s
[CV 4/5] END colsample_bytree=0.6896560393019711, gamma=5.0, learning_rate=0.016900382941267906, max_depth=8, n_estimators=600, reg_alpha=1.0, reg_lambda=1.0, scale_pos_weight=1.0, subsample=0.7896478080820996;, score=0.690 total time=  46.8s
[CV 4/5] END colsample_bytree=0.8516993706500677, gamma=5.0, learning_rate=0.017976795334136954, max_depth=8, n_estimators=600, reg_alpha=1.0, reg_lambda=0.8709212213768088, scale_pos_weight=1.0, subsample=0.8075171544316467;, score=0.690 total time=  47.4s
[CV 4/5] END colsample_bytree=0.5589051861932357, gamma=5.0, learning_rate=0.015359349853574452, max_depth=8, n_estimators=600, reg_alpha=1.0, reg_lambda=0.7901512927199086, scale_pos_weight=1.0, subsample=0.7717049154030224;, score=0.690 total time=  46.1s
[CV 5/5] END colsample_bytree=0.8446006009071587, gamma=5.0, learning_rate=0.01687763354498768, max_depth=7, n_estimators=600, reg_alpha=1.0, reg_lambda=0.9662683579463136, scale_pos_weight=1.0, subsample=0.760932119910124;, score=0.692 total time=  40.6s
[CV 5/5] END colsample_bytree=0.6160939216740393, gamma=5.0, learning_rate=0.01875436788980455, max_depth=8, n_estimators=600, reg_alpha=1.0, reg_lambda=0.6000791556155033, scale_pos_weight=1.0, subsample=0.7961577999262541;, score=0.692 total time=  43.5s
[CV 5/5] END colsample_bytree=0.8618899189138092, gamma=1.9593359631039178, learning_rate=0.017956459795693984, max_depth=8, n_estimators=532, reg_alpha=1.0, reg_lambda=0.7680526675106595, scale_pos_weight=1.0, subsample=0.7632517200430604;, score=0.692 total time=  46.4s
[CV 3/5] END colsample_bytree=0.5, gamma=5.0, learning_rate=0.018203006016466662, max_depth=8, n_estimators=600, reg_alpha=1.0, reg_lambda=1.0, scale_pos_weight=1.0, subsample=0.8104231128171473;, score=0.685 total time=  43.8s
[CV 2/5] END colsample_bytree=0.5, gamma=5.0, learning_rate=0.01797422127171689, max_depth=8, n_estimators=600, reg_alpha=1.0, reg_lambda=1.0, scale_pos_weight=1.0, subsample=0.7905087337993992;, score=0.688 total time=  44.2s
[CV 2/5] END colsample_bytree=0.5, gamma=5.0, learning_rate=0.018723862221041276, max_depth=7, n_estimators=600, reg_alpha=1.0, reg_lambda=1.0, scale_pos_weight=1.0, subsample=0.7952283397396855;, score=0.687 total time=  39.5s
[CV 1/5] END colsample_bytree=0.6551038164121656, gamma=5.0, learning_rate=0.017450176326797493, max_depth=8, n_estimators=600, reg_alpha=1.0, reg_lambda=0.566800555327835, scale_pos_weight=1.0, subsample=0.8104228171274332;, score=0.690 total time=  45.5s
[CV 4/5] END colsample_bytree=0.5, gamma=5.0, learning_rate=0.02060364291205758, max_depth=7, n_estimators=600, reg_alpha=1.0, reg_lambda=1.0, scale_pos_weight=1.0, subsample=0.7866200384823914;, score=0.690 total time=  39.3s
[CV 2/5] END colsample_bytree=0.5, gamma=3.3297151269011342, learning_rate=0.018228078052541265, max_depth=8, n_estimators=600, reg_alpha=1.0, reg_lambda=1.0, scale_pos_weight=1.0, subsample=0.7535774187777649;, score=0.687 total time=  46.6s
[CV 2/5] END colsample_bytree=0.673436560330357, gamma=5.0, learning_rate=0.0201143064251605, max_depth=8, n_estimators=532, reg_alpha=1.0, reg_lambda=0.1727454190341175, scale_pos_weight=1.0, subsample=0.8224747023497874;, score=0.687 total time=  40.2s
[CV 2/5] END colsample_bytree=0.5, gamma=2.09563734535653, learning_rate=0.017993601947624567, max_depth=8, n_estimators=600, reg_alpha=1.0, reg_lambda=1.0, scale_pos_weight=1.0, subsample=0.8155160003567078;, score=0.688 total time=  47.2s
[CV 5/5] END colsample_bytree=0.515670680274454, gamma=2.95931755718337, learning_rate=0.018700615775352453, max_depth=8, n_estimators=600, reg_alpha=1.0, reg_lambda=1.0, scale_pos_weight=1.0, subsample=0.8203147499887007;, score=0.692 total time=  46.9s
[CV 2/5] END colsample_bytree=0.5, gamma=4.4330625126314285, learning_rate=0.017638458917739023, max_depth=8, n_estimators=600, reg_alpha=1.0, reg_lambda=0.6995011082222706, scale_pos_weight=1.0, subsample=0.7798482915723516;, score=0.687 total time=  45.9s
[CV 2/5] END colsample_bytree=0.6160939216740393, gamma=5.0, learning_rate=0.01875436788980455, max_depth=8, n_estimators=600, reg_alpha=1.0, reg_lambda=0.6000791556155033, scale_pos_weight=1.0, subsample=0.7961577999262541;, score=0.687 total time=  44.0s
[CV 2/5] END colsample_bytree=0.5, gamma=3.8320942317470497, learning_rate=0.018295735169366306, max_depth=8, n_estimators=600, reg_alpha=1.0, reg_lambda=0.1813214167590683, scale_pos_weight=1.0, subsample=0.8486467356458087;, score=0.688 total time=  45.8s
[CV 2/5] END colsample_bytree=0.5, gamma=5.0, learning_rate=0.016740225122076305, max_depth=8, n_estimators=600, reg_alpha=1.0, reg_lambda=0.8778410219391897, scale_pos_weight=1.0, subsample=0.869289186708568;, score=0.688 total time=  44.3s
[CV 2/5] END colsample_bytree=0.5, gamma=5.0, learning_rate=0.018417750895914506, max_depth=8, n_estimators=600, reg_alpha=1.0, reg_lambda=0.8965860924606595, scale_pos_weight=1.0, subsample=0.8179072137712499;, score=0.688 total time=  44.6s
[CV 3/5] END colsample_bytree=0.5, gamma=5.0, learning_rate=0.030041149826355043, max_depth=6, n_estimators=516, reg_alpha=1.0, reg_lambda=1.0, scale_pos_weight=1.0, subsample=0.751967091649121;, score=0.685 total time=  28.7s
[CV 5/5] END colsample_bytree=0.6551038164121656, gamma=5.0, learning_rate=0.017450176326797493, max_depth=8, n_estimators=600, reg_alpha=1.0, reg_lambda=0.566800555327835, scale_pos_weight=1.0, subsample=0.8104228171274332;, score=0.692 total time=  45.5s
[CV 4/5] END colsample_bytree=0.5249977000784193, gamma=5.0, learning_rate=0.0216579768405847, max_depth=8, n_estimators=544, reg_alpha=1.0, reg_lambda=0.4062286635251464, scale_pos_weight=1.0, subsample=0.7785552821992844;, score=0.690 total time=  39.2s
[CV 1/5] END colsample_bytree=0.5, gamma=5.0, learning_rate=0.021633288000960753, max_depth=8, n_estimators=558, reg_alpha=1.0, reg_lambda=0.843917985826988, scale_pos_weight=1.0, subsample=0.8414101769165114;, score=0.690 total time=  38.0s
[CV 5/5] END colsample_bytree=0.629280217116383, gamma=5.0, learning_rate=0.021103283453890335, max_depth=8, n_estimators=549, reg_alpha=1.0, reg_lambda=1.0, scale_pos_weight=1.0, subsample=0.7753621740662766;, score=0.692 total time=  40.9s
[CV 3/5] END colsample_bytree=0.5319196097720752, gamma=5.0, learning_rate=0.021460919791502327, max_depth=7, n_estimators=552, reg_alpha=1.0, reg_lambda=0.9476360789414479, scale_pos_weight=1.0, subsample=0.7536135667513206;, score=0.685 total time=  38.1s
[CV 3/5] END colsample_bytree=0.7934695088502912, gamma=5.0, learning_rate=0.01901889589312362, max_depth=8, n_estimators=600, reg_alpha=1.0, reg_lambda=0.5086947077169869, scale_pos_weight=1.0, subsample=0.7671915331529156;, score=0.684 total time=  44.7s
[CV 5/5] END colsample_bytree=0.7142434550183843, gamma=5.0, learning_rate=0.014832996297657091, max_depth=8, n_estimators=600, reg_alpha=1.0, reg_lambda=1.0, scale_pos_weight=1.0, subsample=0.7681582411406329;, score=0.692 total time=  48.1s
[CV 4/5] END colsample_bytree=1.0, gamma=5.0, learning_rate=0.01, max_depth=12, n_estimators=600, reg_alpha=0.4667823419276229, reg_lambda=1.0, scale_pos_weight=1.0, subsample=0.8867630180831897;, score=0.688 total time= 1.7min
[CV 4/5] END colsample_bytree=0.5169940942131084, gamma=4.797969459624477, learning_rate=0.016499357353307265, max_depth=8, n_estimators=600, reg_alpha=1.0, reg_lambda=1.0, scale_pos_weight=1.0, subsample=0.7991889492774586;, score=0.689 total time=  45.5s
[CV 3/5] END colsample_bytree=0.7310669381942081, gamma=0.06187085398414284, learning_rate=0.25438719901160217, max_depth=3, n_estimators=303, reg_alpha=0.527609600079309, reg_lambda=0.2579015495555847, scale_pos_weight=9.862301021505381, subsample=0.532262818078325;, score=0.674 total time=  12.4s
[CV 5/5] END colsample_bytree=0.673436560330357, gamma=5.0, learning_rate=0.0201143064251605, max_depth=8, n_estimators=532, reg_alpha=1.0, reg_lambda=0.1727454190341175, scale_pos_weight=1.0, subsample=0.8224747023497874;, score=0.692 total time=  39.5s
[CV 1/5] END colsample_bytree=0.5, gamma=2.09563734535653, learning_rate=0.017993601947624567, max_depth=8, n_estimators=600, reg_alpha=1.0, reg_lambda=1.0, scale_pos_weight=1.0, subsample=0.8155160003567078;, score=0.690 total time=  47.4s
[CV 2/5] END colsample_bytree=0.5893971255438586, gamma=4.829775666919132, learning_rate=0.015722057475900716, max_depth=7, n_estimators=600, reg_alpha=1.0, reg_lambda=0.8714227905480803, scale_pos_weight=1.0, subsample=0.7412377989092173;, score=0.688 total time=  41.1s
[CV 1/5] END colsample_bytree=0.8446006009071587, gamma=5.0, learning_rate=0.01687763354498768, max_depth=7, n_estimators=600, reg_alpha=1.0, reg_lambda=0.9662683579463136, scale_pos_weight=1.0, subsample=0.760932119910124;, score=0.690 total time=  42.0s
[CV 2/5] END colsample_bytree=0.5, gamma=5.0, learning_rate=0.042575154242346924, max_depth=5, n_estimators=511, reg_alpha=1.0, reg_lambda=1.0, scale_pos_weight=1.0, subsample=0.7330485251776723;, score=0.686 total time=  24.6s
[CV 2/5] END colsample_bytree=0.5, gamma=5.0, learning_rate=0.024471054260909612, max_depth=7, n_estimators=600, reg_alpha=1.0, reg_lambda=1.0, scale_pos_weight=1.0, subsample=0.6780316960925297;, score=0.687 total time=  37.4s
[CV 5/5] END colsample_bytree=0.5, gamma=5.0, learning_rate=0.016740225122076305, max_depth=8, n_estimators=600, reg_alpha=1.0, reg_lambda=0.8778410219391897, scale_pos_weight=1.0, subsample=0.869289186708568;, score=0.692 total time=  44.5s
[CV 3/5] END colsample_bytree=0.5, gamma=5.0, learning_rate=0.018417750895914506, max_depth=8, n_estimators=600, reg_alpha=1.0, reg_lambda=0.8965860924606595, scale_pos_weight=1.0, subsample=0.8179072137712499;, score=0.685 total time=  44.3s
[CV 5/5] END colsample_bytree=0.5, gamma=5.0, learning_rate=0.018723862221041276, max_depth=7, n_estimators=600, reg_alpha=1.0, reg_lambda=1.0, scale_pos_weight=1.0, subsample=0.7952283397396855;, score=0.692 total time=  41.0s
[CV 4/5] END colsample_bytree=0.6551038164121656, gamma=5.0, learning_rate=0.017450176326797493, max_depth=8, n_estimators=600, reg_alpha=1.0, reg_lambda=0.566800555327835, scale_pos_weight=1.0, subsample=0.8104228171274332;, score=0.690 total time=  46.3s
