nohup: ignoring input
Fitting 3 folds for each of 500 candidates, totalling 1500 fits[[CV 1/3] END colsample_bytree=0.9041986740582306, gamma=1.5230688458668533, learning_rate=0.02953442280127678, max_depth=6, n_estimators=391, reg_alpha=0.4401524937396013, reg_lambda=0.12203823484477883, scale_pos_weight=5.951769101112702, subsample=0.5171942605576092;, score=0.688 total time= 1.5min
[CV 2/3] END colsample_bytree=0.7613664146909971, gamma=2.137705091792748, learning_rate=0.015083825348819038, max_depth=5, n_estimators=362, reg_alpha=0.8957635956735194, reg_lambda=0.47537022318211175, scale_pos_weight=6.6327557197638365, subsample=0.8477580432130638;, score=0.680 total time= 1.4min
[CV 2/3] END colsample_bytree=0.7553736512887829, gamma=2.087055015743895, learning_rate=0.05442156209414605, max_depth=5, n_estimators=533, reg_alpha=0.33761517140362796, reg_lambda=0.9429097039125192, scale_pos_weight=4.232029320207552, subsample=0.7593953108716831;, score=0.683 total time= 1.5min
[CV 1/3] END colsample_bytree=0.8167648553804474, gamma=2.6788734203737925, learning_rate=0.02805795401088166, max_depth=3, n_estimators=500, reg_alpha=0.32078006497173583, reg_lambda=0.18651851039985423, scale_pos_weight=1.4077514155476392, subsample=0.795446471594121;, score=0.685 total time=  49.3s
[CV 3/3] END colsample_bytree=0.9910841716647179, gamma=2.5831794563550714, learning_rate=0.06216583496608181, max_depth=3, n_estimators=553, reg_alpha=0.8972157579533268, reg_lambda=0.9004180571633305, scale_pos_weight=7.33101457273268, subsample=0.6695148955243504;, score=0.688 total time= 1.1min
[CV 2/3] END colsample_bytree=0.8155693129986314, gamma=3.974056517708242, learning_rate=0.11052741862103842, max_depth=14, n_estimators=446, reg_alpha=0.5720041992091831, reg_lambda=0.768554014306309, scale_pos_weight=1.4360377175443375, subsample=0.9972752553986706;, score=0.667 total time= 1.3min
[CV 2/3] END colsample_bytree=0.9901657918580229, gamma=0.37673128003064105, learning_rate=0.07113940385743638, max_depth=9, n_estimators=460, reg_alpha=0.31692200515627766, reg_lambda=0.1694927466860925, scale_pos_weight=6.568012624583502, subsample=0.9680773870803905;, score=0.659 total time= 2.7min
[CV 1/3] END colsample_bytree=0.7703175608050532, gamma=3.187149507491033, learning_rate=0.15521826674453232, max_depth=4, n_estimators=423, reg_alpha=0.7145951041799521, reg_lambda=0.04106751676787579, scale_pos_weight=4.988209014447945, subsample=0.716760368790371;, score=0.682 total time=  48.0s
[CV 1/3] END colsample_bytree=0.8058603731171761, gamma=2.0980003121389497, learning_rate=0.059546197900231496, max_depth=5, n_estimators=385, reg_alpha=0.014393488629755868, reg_lambda=0.11607264050691624, scale_pos_weight=1.4600264202175275, subsample=0.520364401159485;, score=0.686 total time=  49.3s
[CV 2/3] END colsample_bytree=0.8079255821949569, gamma=4.719458022803786, learning_rate=0.1988503194250335, max_depth=14, n_estimators=459, reg_alpha=0.9402302414249576, reg_lambda=0.575474177875879, scale_pos_weight=4.881699262065219, subsample=0.8216441092211766;, score=0.638 total time= 2.0min
[CV 3/3] END colsample_bytree=0.7482805953415388, gamma=1.9480904310960172, learning_rate=0.06952703490186217, max_depth=5, n_estimators=476, reg_alpha=0.053485296747368904, reg_lambda=0.9585414968831983, scale_pos_weight=9.471431440955898, subsample=0.6774525952313604;, score=0.686 total time= 1.1min
[CV 1/3] END colsample_bytree=0.9401799843192085, gamma=1.1834259684103938, learning_rate=0.19153874126970927, max_depth=6, n_estimators=591, reg_alpha=0.37625958553091576, reg_lambda=0.08350071669866876, scale_pos_weight=8.771469159274368, subsample=0.7792021248679025;, score=0.649 total time= 1.7min
[CV 1/3] END colsample_bytree=0.775793936272035, gamma=0.8241713056850047, learning_rate=0.09225102331707381, max_depth=8, n_estimators=364, reg_alpha=0.48037008186635466, reg_lambda=0.9852860506655043, scale_pos_weight=4.767389699379407, subsample=0.874789149988036;, score=0.672 total time= 1.4min
[CV 1/3] END colsample_bytree=0.8204373724016073, gamma=0.9094004219957241, learning_rate=0.07913345666477264, max_depth=5, n_estimators=494, reg_alpha=0.5152360548642109, reg_lambda=0.9731103492701043, scale_pos_weight=7.019353955409602, subsample=0.6119245329531603;, score=0.683 total time= 1.1min
[CV 1/3] END colsample_bytree=0.9336074905373617, gamma=1.7707333539656274, learning_rate=0.0894327665008165, max_depth=11, n_estimators=418, reg_alpha=0.37728416310462265, reg_lambda=0.02007119777772637, scale_pos_weight=4.220791655831783, subsample=0.6057240034982723;, score=0.644 total time= 4.7min
[CV 2/3] END colsample_bytree=0.9139704435887459, gamma=3.7525096238265676, learning_rate=0.16990742618390314, max_depth=5, n_estimators=512, reg_alpha=0.1864049867881441, reg_lambda=0.23569174606499976, scale_pos_weight=7.337585637201773, subsample=0.953933065231258;, score=0.670 total time= 1.1min
[CV 1/3] END colsample_bytree=0.7992213506026136, gamma=2.827541736614869, learning_rate=0.15323581494659044, max_depth=13, n_estimators=368, reg_alpha=0.8267988278090783, reg_lambda=0.9590747945640278, scale_pos_weight=4.425242571785434, subsample=0.6136754915149936;, score=0.637 total time= 3.2min
[CV 2/3] END colsample_bytree=0.6025698202410036, gamma=0.9534386033183329, learning_rate=0.017309933569618977, max_depth=10, n_estimators=318, reg_alpha=0.06570863942835237, reg_lambda=0.7755276166950106, scale_pos_weight=5.532888347480276, subsample=0.7621951346637901;, score=0.681 total time= 3.1min
[CV 1/3] END colsample_bytree=0.533587699957855, gamma=2.0262404401384435, learning_rate=0.10949297879597812, max_depth=14, n_estimators=386, reg_alpha=0.10657873012867436, reg_lambda=0.140018538660449, scale_pos_weight=3.6368380263461644, subsample=0.6332491966854411;, score=0.640 total time= 4.1min
[CV 1/3] END colsample_bytree=0.7022427248409253, gamma=2.8621387971673284, learning_rate=0.17079539588017956, max_depth=6, n_estimators=509, reg_alpha=0.5201681098787319, reg_lambda=0.42681705665486436, scale_pos_weight=9.766653778624494, subsample=0.7087530420139461;, score=0.658 total time= 1.6min
[CV 3/3] END colsample_bytree=0.8687911507944457, gamma=1.1938857288415117, learning_rate=0.032094822626278934, max_depth=10, n_estimators=457, reg_alpha=0.8528218216919013, reg_lambda=0.7155533152342419, scale_pos_weight=6.891085344708948, subsample=0.6386328228483868;, score=0.674 total time= 4.0min
[CV 3/3] END colsample_bytree=0.580200052665036, gamma=1.6700443937261893, learning_rate=0.057738006260203506, max_depth=7, n_estimators=469, reg_alpha=0.105834093828584, reg_lambda=0.6989907380395877, scale_pos_weight=2.892215397850059, subsample=0.9408185663851751;, score=0.686 total time= 1.8min
[CV 1/3] END colsample_bytree=0.8768494170252596, gamma=3.9440349093537215, learning_rate=0.044750695061513364, max_depth=6, n_estimators=541, reg_alpha=0.947297888256338, reg_lambda=0.16637758693227234, scale_pos_weight=8.709842925321356, subsample=0.8542860023013147;, score=0.685 total time= 1.7min
[CV 3/3] END colsample_bytree=0.8864113900084023, gamma=1.1502684151571696, learning_rate=0.036267025281875614, max_depth=5, n_estimators=535, reg_alpha=0.03130231374751624, reg_lambda=0.7312700669736856, scale_pos_weight=10.095245109478183, subsample=0.9286800460462493;, score=0.688 total time= 1.4min
[CV 3/3] END colsample_bytree=0.6629627319760374, gamma=2.951319694428112, learning_rate=0.09664934979433112, max_depth=3, n_estimators=371, reg_alpha=0.46459859663581016, reg_lambda=0.6804566263593252, scale_pos_weight=4.9554508387996865, subsample=0.9873499259353449;, score=0.687 total time=  38.3s
[CV 1/3] END colsample_bytree=0.5513962022463328, gamma=2.8545225092208213, learning_rate=0.013673527388108, max_depth=8, n_estimators=385, reg_alpha=0.2103495799188686, reg_lambda=0.34601656764483957, scale_pos_weight=8.758047357929561, subsample=0.9706187521161933;, score=0.687 total time= 2.0min
[CV 1/3] END colsample_bytree=0.7490978582265695, gamma=2.7768177546881563, learning_rate=0.15384035565445278, max_depth=8, n_estimators=336, reg_alpha=0.9963339160567419, reg_lambda=0.9747931621467831, scale_pos_weight=7.503256863469369, subsample=0.5997712254645726;, score=0.649 total time= 1.4min
[CV 3/3] END colsample_bytree=0.7571172192068059, gamma=2.9620728443102124, learning_rate=0.019290082543999547, max_depth=5, n_estimators=434, reg_alpha=0.17052412368729153, reg_lambda=0.06505159298527952, scale_pos_weight=10.488855372533333, subsample=0.9828160165372797;, score=0.686 total time= 1.5min
[CV 3/3] END colsample_bytree=0.7613664146909971, gamma=2.137705091792748, learning_rate=0.015083825348819038, max_depth=5, n_estimators=362, reg_alpha=0.8957635956735194, reg_lambda=0.47537022318211175, scale_pos_weight=6.6327557197638365, subsample=0.8477580432130638;, score=0.684 total time= 1.5min
[CV 3/3] END colsample_bytree=0.7553736512887829, gamma=2.087055015743895, learning_rate=0.05442156209414605, max_depth=5, n_estimators=533, reg_alpha=0.33761517140362796, reg_lambda=0.9429097039125192, scale_pos_weight=4.232029320207552, subsample=0.7593953108716831;, score=0.689 total time= 1.5min
[CV 3/3] END colsample_bytree=0.8167648553804474, gamma=2.6788734203737925, learning_rate=0.02805795401088166, max_depth=3, n_estimators=500, reg_alpha=0.32078006497173583, reg_lambda=0.18651851039985423, scale_pos_weight=1.4077514155476392, subsample=0.795446471594121;, score=0.685 total time=  53.3s
[CV 2/3] END colsample_bytree=0.6746047873063304, gamma=3.629778394351197, learning_rate=0.18942205199051543, max_depth=10, n_estimators=353, reg_alpha=0.7798755458576239, reg_lambda=0.6420316461542878, scale_pos_weight=1.8413996499504883, subsample=0.5808143570473069;, score=0.633 total time= 1.8min
[CV 1/3] END colsample_bytree=0.7349722569954715, gamma=1.3978017089837929, learning_rate=0.18669880445325182, max_depth=14, n_estimators=532, reg_alpha=0.9530718470239532, reg_lambda=0.3307503046705137, scale_pos_weight=6.527649668354899, subsample=0.7861462345854191;, score=0.631 total time= 3.5min
[CV 3/3] END colsample_bytree=0.8720213214995577, gamma=1.254302636733306, learning_rate=0.04686673486627401, max_depth=9, n_estimators=426, reg_alpha=0.695974206093698, reg_lambda=0.4089529444142699, scale_pos_weight=2.7329432007084575, subsample=0.5782185213355431;, score=0.679 total time= 2.9min
[CV 1/3] END colsample_bytree=0.933558303604861, gamma=2.809333460718868, learning_rate=0.05771937195806804, max_depth=9, n_estimators=312, reg_alpha=0.7399087604473745, reg_lambda=0.23823615240397944, scale_pos_weight=4.7772888617629485, subsample=0.7671637367652817;, score=0.677 total time= 1.8min
[CV 2/3] END colsample_bytree=0.7121110046234882, gamma=4.53177192547368, learning_rate=0.03223949646123027, max_depth=5, n_estimators=472, reg_alpha=0.011353644767419069, reg_lambda=0.46866064199412627, scale_pos_weight=1.5630327568183735, subsample=0.559408958134036;, score=0.684 total time= 1.4min
[CV 2/3] END colsample_bytree=0.5665925626118749, gamma=0.38100189799581574, learning_rate=0.1981063654270767, max_depth=5, n_estimators=555, reg_alpha=0.5811626211808263, reg_lambda=0.9191765518355596, scale_pos_weight=1.8274842003530614, subsample=0.9383307429628964;, score=0.667 total time=  57.6s
[CV 3/3] END colsample_bytree=0.7400229835092376, gamma=2.1026788933253755, learning_rate=0.16693365278886194, max_depth=4, n_estimators=374, reg_alpha=0.21296416150891073, reg_lambda=0.13637147558676976, scale_pos_weight=1.1454466566788193, subsample=0.6752937794032985;, score=0.682 total time=  46.2s
[CV 3/3] END colsample_bytree=0.9108953184222246, gamma=1.7254131391119336, learning_rate=0.0795238428965367, max_depth=8, n_estimators=300, reg_alpha=0.534423503732523, reg_lambda=0.3559914842719861, scale_pos_weight=9.942172628959257, subsample=0.5643741991498219;, score=0.668 total time= 1.5min
[CV 1/3] END colsample_bytree=0.768553270909274, gamma=2.9342055901043955, learning_rate=0.159087894836866, max_depth=3, n_estimators=535, reg_alpha=0.12758030279556376, reg_lambda=0.28377590579872447, scale_pos_weight=4.6308229639863505, subsample=0.8229586206658006;, score=0.685 total time= 1.1min
[CV 1/3] END colsample_bytree=0.5560194510840262, gamma=1.9892779952287083, learning_rate=0.2038940866550738, max_depth=6, n_estimators=433, reg_alpha=0.9750671629451425, reg_lambda=0.49074877925878446, scale_pos_weight=8.228960966217757, subsample=0.9104307365766763;, score=0.661 total time= 1.3min
[CV 1/3] END colsample_bytree=0.8592286354182768, gamma=2.675183660224553, learning_rate=0.1053238968252824, max_depth=14, n_estimators=432, reg_alpha=0.18704374855752337, reg_lambda=0.3236792364042437, scale_pos_weight=5.254364386164168, subsample=0.7538051893422275;, score=0.643 total time= 4.1min
[CV 1/3] END colsample_bytree=0.5623313406016335, gamma=4.604209413086862, learning_rate=0.18397927241242568, max_depth=9, n_estimators=448, reg_alpha=0.37930569838554884, reg_lambda=0.7442496518432888, scale_pos_weight=3.055798083756375, subsample=0.8938949443572461;, score=0.658 total time= 1.3min
[CV 1/3] END colsample_bytree=0.8902478537730438, gamma=1.3879358631470906, learning_rate=0.05401944281621942, max_depth=4, n_estimators=348, reg_alpha=0.17803596686975143, reg_lambda=0.9610703174694551, scale_pos_weight=2.4866272775311296, subsample=0.7073120618635118;, score=0.687 total time=  46.0s
[CV 3/3] END colsample_bytree=0.6025698202410036, gamma=0.9534386033183329, learning_rate=0.017309933569618977, max_depth=10, n_estimators=318, reg_alpha=0.06570863942835237, reg_lambda=0.7755276166950106, scale_pos_weight=5.532888347480276, subsample=0.7621951346637901;, score=0.685 total time= 2.9min
[CV 2/3] END colsample_bytree=0.5661381055626652, gamma=4.502861506181929, learning_rate=0.1482443715219309, max_depth=7, n_estimators=374, reg_alpha=0.8225838759116739, reg_lambda=0.5296616786550811, scale_pos_weight=9.150544284024571, subsample=0.7490453767555029;, score=0.654 total time= 1.2min
[CV 3/3] END colsample_bytree=0.6349556111960974, gamma=2.699213894540967, learning_rate=0.042402775578316926, max_depth=6, n_estimators=500, reg_alpha=0.7709122037458219, reg_lambda=0.1065982531337718, scale_pos_weight=1.7513778173580876, subsample=0.8640943781018017;, score=0.688 total time= 1.6min
[CV 2/3] END colsample_bytree=0.5257979033293549, gamma=3.349587322750196, learning_rate=0.018833087542020035, max_depth=9, n_estimators=581, reg_alpha=0.5679452305526295, reg_lambda=0.9154882975880418, scale_pos_weight=1.3394597858579884, subsample=0.84871013362342;, score=0.684 total time= 3.9min
[CV 2/3] END colsample_bytree=0.6152845979025094, gamma=4.153212588753123, learning_rate=0.03406775240699919, max_depth=13, n_estimators=525, reg_alpha=0.38409061149124957, reg_lambda=0.036731937426613626, scale_pos_weight=10.572702629833255, subsample=0.9131028478969829;, score=0.648 total time= 8.0min
[CV 3/3] END colsample_bytree=0.500615917583213, gamma=2.9916363256121348, learning_rate=0.13146128965253426, max_depth=6, n_estimators=527, reg_alpha=0.5584126725831979, reg_lambda=0.22554014244373544, scale_pos_weight=2.6082546907819006, subsample=0.8257597334011324;, score=0.672 total time= 1.4min
[CV 3/3] END colsample_bytree=0.5362081360731707, gamma=2.6712110298822256, learning_rate=0.18650669716392002, max_depth=3, n_estimators=376, reg_alpha=0.07857849715502074, reg_lambda=0.39692327620159606, scale_pos_weight=2.3271575404306035, subsample=0.783770424130779;, score=0.685 total time=  35.1s
[CV 3/3] END colsample_bytree=0.8447324845686328, gamma=4.002933495545414, learning_rate=0.050030048848962026, max_depth=9, n_estimators=422, reg_alpha=0.03158614482564204, reg_lambda=0.9362122462436898, scale_pos_weight=1.519712836514724, subsample=0.7706481676505352;, score=0.682 total time= 2.2min
[CV 2/3] END colsample_bytree=0.9847061611676438, gamma=1.2906671635056377, learning_rate=0.14134733290825846, max_depth=3, n_estimators=463, reg_alpha=0.9698210450785447, reg_lambda=0.45378954138363925, scale_pos_weight=3.3605046334646396, subsample=0.5367483736650063;, score=0.680 total time=  47.1s
[CV 3/3] END colsample_bytree=0.5024699904672048, gamma=4.759058927116195, learning_rate=0.13782398756310008, max_depth=11, n_estimators=338, reg_alpha=0.4547398556338591, reg_lambda=0.5155960285792502, scale_pos_weight=5.888465802569202, subsample=0.8334321287730522;, score=0.646 total time= 2.2min
[CV 1/3] END colsample_bytree=0.954660201039391, gamma=1.2938999080000846, learning_rate=0.1425044568707964, max_depth=4, n_estimators=353, reg_alpha=0.5467102793432796, reg_lambda=0.18485445552552704, scale_pos_weight=10.695846277645586, subsample=0.8875664116805573;, score=0.684 total time=  44.6s
[CV 2/3] END colsample_bytree=0.6974407590877849, gamma=1.4674408735901907, learning_rate=0.012815964543016891, max_depth=5, n_estimators=380, reg_alpha=0.71134195274865, reg_lambda=0.7901755405312056, scale_pos_weight=7.059599747810114, subsample=0.9631504392566745;, score=0.679 total time= 1.2min
[CV 2/3] END colsample_bytree=0.9040601897822085, gamma=3.1670187825521174, learning_rate=0.18429211803754356, max_depth=14, n_estimators=407, reg_alpha=0.18657005888603584, reg_lambda=0.8925589984899778, scale_pos_weight=6.393422419156507, subsample=0.9037200775820313;, score=0.636 total time= 2.9min
[CV 2/3] END colsample_bytree=0.8387821809211412, gamma=0.08293914463928076, learning_rate=0.1124186116598562, max_depth=5, n_estimators=447, reg_alpha=0.6451727904094499, reg_lambda=0.17436642900499144, scale_pos_weight=7.90937738102466, subsample=0.6933676731502687;, score=0.675 total time= 1.1min
[CV 1/3] END colsample_bytree=0.7242120714931237, gamma=4.972287313054103, learning_rate=0.045185050535469076, max_depth=6, n_estimators=588, reg_alpha=0.4938937151834346, reg_lambda=0.1788227092213288, scale_pos_weight=4.664687845828599, subsample=0.8720852615282811;, score=0.687 total time= 2.1min
[CV 1/3] END colsample_bytree=0.848507870497634, gamma=3.5124204199355464, learning_rate=0.08189823024395103, max_depth=12, n_estimators=546, reg_alpha=0.4197808564462765, reg_lambda=0.25620694359445806, scale_pos_weight=7.115137108656805, subsample=0.5407970902001202;, score=0.637 total time= 6.0min
[CV 2/3] END colsample_bytree=0.7482805953415388, gamma=1.9480904310960172, learning_rate=0.06952703490186217, max_depth=5, n_estimators=476, reg_alpha=0.053485296747368904, reg_lambda=0.9585414968831983, scale_pos_weight=9.471431440955898, subsample=0.6774525952313604;, score=0.680 total time= 1.2min
[CV 3/3] END colsample_bytree=0.9401799843192085, gamma=1.1834259684103938, learning_rate=0.19153874126970927, max_depth=6, n_estimators=591, reg_alpha=0.37625958553091576, reg_lambda=0.08350071669866876, scale_pos_weight=8.771469159274368, subsample=0.7792021248679025;, score=0.651 total time= 2.0min
[CV 3/3] END colsample_bytree=0.8458571985844561, gamma=2.6717313751473153, learning_rate=0.15998214989399437, max_depth=5, n_estimators=322, reg_alpha=0.7689874151805105, reg_lambda=0.944765729882428, scale_pos_weight=9.496473906774115, subsample=0.6236740508715988;, score=0.675 total time=  41.3s
[CV 3/3] END colsample_bytree=0.9311818543733725, gamma=4.747603118288211, learning_rate=0.03941469618580759, max_depth=10, n_estimators=572, reg_alpha=0.25824438829895835, reg_lambda=0.4591357562382613, scale_pos_weight=10.800325752854771, subsample=0.7463090469964349;, score=0.662 total time= 4.8min
[CV 1/3] END colsample_bytree=0.6846152407549481, gamma=2.2713398610954982, learning_rate=0.11972062358763064, max_depth=12, n_estimators=471, reg_alpha=0.20173046233023584, reg_lambda=0.6845715478798333, scale_pos_weight=1.878681112426568, subsample=0.5694123867210101;, score=0.643 total time= 3.4min
[CV 1/3] END colsample_bytree=0.712065335651193, gamma=3.6822211781236143, learning_rate=0.19687340295380298, max_depth=8, n_estimators=566, reg_alpha=0.4508393714041321, reg_lambda=0.11323804584075525, scale_pos_weight=10.848411989623346, subsample=0.919449043222967;, score=0.629 total time= 2.2min
[CV 1/3] END colsample_bytree=0.6025698202410036, gamma=0.9534386033183329, learning_rate=0.017309933569618977, max_depth=10, n_estimators=318, reg_alpha=0.06570863942835237, reg_lambda=0.7755276166950106, scale_pos_weight=5.532888347480276, subsample=0.7621951346637901;, score=0.685 total time= 2.9min
[CV 1/3] END colsample_bytree=0.5661381055626652, gamma=4.502861506181929, learning_rate=0.1482443715219309, max_depth=7, n_estimators=374, reg_alpha=0.8225838759116739, reg_lambda=0.5296616786550811, scale_pos_weight=9.150544284024571, subsample=0.7490453767555029;, score=0.658 total time= 1.2min
[CV 3/3] END colsample_bytree=0.957756838645957, gamma=3.607664305609528, learning_rate=0.13208093340159152, max_depth=8, n_estimators=397, reg_alpha=0.3966493730520543, reg_lambda=0.9540869365396331, scale_pos_weight=2.350012774212069, subsample=0.7418774709662064;, score=0.659 total time= 1.8min
[CV 3/3] END colsample_bytree=0.6486745036862753, gamma=4.621980976882652, learning_rate=0.20421164903307357, max_depth=9, n_estimators=381, reg_alpha=0.7450645481202204, reg_lambda=0.054882614646474925, scale_pos_weight=5.551436850361561, subsample=0.7612172880355845;, score=0.637 total time= 2.2min
[CV 2/3] END colsample_bytree=0.7309714252877938, gamma=4.951706566708886, learning_rate=0.010047504715176916, max_depth=4, n_estimators=395, reg_alpha=0.7987832357736654, reg_lambda=0.9979341105333375, scale_pos_weight=4.5071181545171015, subsample=0.8835941444655635;, score=0.675 total time= 1.2min
[CV 3/3] END colsample_bytree=0.9551695510287672, gamma=0.2255033861016159, learning_rate=0.03189351973582303, max_depth=11, n_estimators=439, reg_alpha=0.956415697559425, reg_lambda=0.7979893221433834, scale_pos_weight=3.5898265160181366, subsample=0.7942771144866227;, score=0.678 total time= 5.6min
[CV 2/3] END colsample_bytree=0.7367869442175443, gamma=0.28960230279399146, learning_rate=0.024938883551570805, max_depth=4, n_estimators=569, reg_alpha=0.9734889691773969, reg_lambda=0.9688778552856915, scale_pos_weight=8.496518317429247, subsample=0.565043120065316;, score=0.682 total time= 1.4min
[CV 1/3] END colsample_bytree=0.8864113900084023, gamma=1.1502684151571696, learning_rate=0.036267025281875614, max_depth=5, n_estimators=535, reg_alpha=0.03130231374751624, reg_lambda=0.7312700669736856, scale_pos_weight=10.095245109478183, subsample=0.9286800460462493;, score=0.688 total time= 1.4min
[CV 2/3] END colsample_bytree=0.500615917583213, gamma=2.9916363256121348, learning_rate=0.13146128965253426, max_depth=6, n_estimators=527, reg_alpha=0.5584126725831979, reg_lambda=0.22554014244373544, scale_pos_weight=2.6082546907819006, subsample=0.8257597334011324;, score=0.666 total time= 1.5min
[CV 2/3] END colsample_bytree=0.5362081360731707, gamma=2.6712110298822256, learning_rate=0.18650669716392002, max_depth=3, n_estimators=376, reg_alpha=0.07857849715502074, reg_lambda=0.39692327620159606, scale_pos_weight=2.3271575404306035, subsample=0.783770424130779;, score=0.680 total time=  39.8s
[CV 2/3] END colsample_bytree=0.8545302597254583, gamma=4.354845618730428, learning_rate=0.15281738642648557, max_depth=6, n_estimators=410, reg_alpha=0.8148251137465122, reg_lambda=0.08011484638467514, scale_pos_weight=9.948166560605276, subsample=0.7737961880768681;, score=0.659 total time= 1.1min
[CV 1/3] END colsample_bytree=0.8401141212156457, gamma=0.3609920448958792, learning_rate=0.016130500441161214, max_depth=3, n_estimators=512, reg_alpha=0.727169069766308, reg_lambda=0.742706521199981, scale_pos_weight=5.2549333444807536, subsample=0.6729674962734815;, score=0.682 total time=  44.9s
[CV 3/3] END colsample_bytree=0.7988617826279322, gamma=3.9647804730281577, learning_rate=0.14100186776642173, max_depth=5, n_estimators=485, reg_alpha=0.912363345616691, reg_lambda=0.21066218900566658, scale_pos_weight=7.229665835634828, subsample=0.8157801100462603;, score=0.678 total time= 1.0min
[CV 1/3] END colsample_bytree=0.61235058848634, gamma=0.9000521873636175, learning_rate=0.027711116844648276, max_depth=3, n_estimators=478, reg_alpha=0.0415728590503921, reg_lambda=0.14834320096208886, scale_pos_weight=10.86630122958847, subsample=0.9825593482180228;, score=0.684 total time=  52.6s
[CV 2/3] END colsample_bytree=0.5780819223960869, gamma=1.1728064666741433, learning_rate=0.20266936656407983, max_depth=4, n_estimators=492, reg_alpha=0.8381152896481102, reg_lambda=0.9446142194740232, scale_pos_weight=7.832480282896459, subsample=0.7485873820042137;, score=0.672 total time= 1.1min
[CV 2/3] END colsample_bytree=0.9041986740582306, gamma=1.5230688458668533, learning_rate=0.02953442280127678, max_depth=6, n_estimators=391, reg_alpha=0.4401524937396013, reg_lambda=0.12203823484477883, scale_pos_weight=5.951769101112702, subsample=0.5171942605576092;, score=0.683 total time= 1.4min
[CV 1/3] END colsample_bytree=0.8187787356776066, gamma=4.436063712881633, learning_rate=0.10444298503238986, max_depth=7, n_estimators=430, reg_alpha=0.7607850486168974, reg_lambda=0.5612771975694962, scale_pos_weight=8.70967179954561, subsample=0.7468977981821954;, score=0.670 total time= 1.8min
[CV 1/3] END colsample_bytree=0.5184434736772664, gamma=3.047821669899484, learning_rate=0.1105358046457723, max_depth=8, n_estimators=523, reg_alpha=0.9082658859666537, reg_lambda=0.23956189066697242, scale_pos_weight=2.448948720912231, subsample=0.7447263801387816;, score=0.662 total time= 2.4min
[CV 2/3] END colsample_bytree=0.9492770942635396, gamma=3.0321452982979498, learning_rate=0.01183941032332593, max_depth=11, n_estimators=398, reg_alpha=0.9736638367553173, reg_lambda=0.2839209747374657, scale_pos_weight=4.053638603443934, subsample=0.7428068767931133;, score=0.681 total time= 5.9min
[CV 2/3] END colsample_bytree=0.9277302920055036, gamma=3.5182892969001185, learning_rate=0.10483476581746504, max_depth=12, n_estimators=338, reg_alpha=0.3463043210894008, reg_lambda=0.4646738129396114, scale_pos_weight=7.497736826427634, subsample=0.5240294620985169;, score=0.629 total time= 4.0min
[CV 3/3] END colsample_bytree=0.5587631233885524, gamma=3.246051510580318, learning_rate=0.15920897585308466, max_depth=14, n_estimators=489, reg_alpha=0.40022289287202484, reg_lambda=0.47771489088022767, scale_pos_weight=1.8289132169335423, subsample=0.7641850606486046;, score=0.652 total time= 1.6min
[CV 3/3] END colsample_bytree=0.6964947244894295, gamma=4.1458211035325725, learning_rate=0.12381629383314953, max_depth=3, n_estimators=397, reg_alpha=0.03682186763599138, reg_lambda=0.1338521188006332, scale_pos_weight=1.1367196482699728, subsample=0.5376795301762312;, score=0.686 total time=  36.4s
[CV 2/3] END colsample_bytree=0.7949588434273165, gamma=1.9612202254986615, learning_rate=0.09749498440474581, max_depth=4, n_estimators=548, reg_alpha=0.5139894891598108, reg_lambda=0.7836530127411431, scale_pos_weight=4.965427823212702, subsample=0.8110433501139367;, score=0.681 total time= 1.1min
[CV 2/3] END colsample_bytree=0.6650497566550777, gamma=1.6079138234001449, learning_rate=0.028458117245749218, max_depth=11, n_estimators=513, reg_alpha=0.08175903194887191, reg_lambda=0.8735786241067772, scale_pos_weight=10.208724005318132, subsample=0.5305389799274318;, score=0.656 total time= 5.4min
[CV 1/3] END colsample_bytree=0.6580982911482474, gamma=2.9415333789752833, learning_rate=0.1465964126834265, max_depth=10, n_estimators=594, reg_alpha=0.713782454855326, reg_lambda=0.8996674452921731, scale_pos_weight=7.2410154418183765, subsample=0.7698905309573165;, score=0.637 total time= 3.6min
[CV 1/3] END colsample_bytree=0.5426748340393219, gamma=4.984371259229737, learning_rate=0.11043900206624852, max_depth=3, n_estimators=523, reg_alpha=0.06707647738842748, reg_lambda=0.7499604703991778, scale_pos_weight=3.0990559309558576, subsample=0.9490271447203569;, score=0.686 total time=  44.5s
[CV 1/3] END colsample_bytree=0.6155373982940358, gamma=3.359463717993642, learning_rate=0.013942107550872832, max_depth=8, n_estimators=548, reg_alpha=0.7999160853731894, reg_lambda=0.1785446620543336, scale_pos_weight=7.527461078518747, subsample=0.6190913905233633;, score=0.686 total time= 3.0min
[CV 3/3] END colsample_bytree=0.533587699957855, gamma=2.0262404401384435, learning_rate=0.10949297879597812, max_depth=14, n_estimators=386, reg_alpha=0.10657873012867436, reg_lambda=0.140018538660449, scale_pos_weight=3.6368380263461644, subsample=0.6332491966854411;, score=0.642 total time= 4.3min
[CV 2/3] END colsample_bytree=0.7022427248409253, gamma=2.8621387971673284, learning_rate=0.17079539588017956, max_depth=6, n_estimators=509, reg_alpha=0.5201681098787319, reg_lambda=0.42681705665486436, scale_pos_weight=9.766653778624494, subsample=0.7087530420139461;, score=0.651 total time= 1.6min
[CV 2/3] END colsample_bytree=0.9911652575400408, gamma=4.420994890657514, learning_rate=0.13015968928843963, max_depth=4, n_estimators=452, reg_alpha=0.7433528228936241, reg_lambda=0.06498640948289403, scale_pos_weight=5.015802364254874, subsample=0.9189128676416227;, score=0.680 total time= 1.0min
[CV 1/3] END colsample_bytree=0.9003848435649375, gamma=3.1488896149807655, learning_rate=0.05326480460731071, max_depth=11, n_estimators=398, reg_alpha=0.597274072430341, reg_lambda=0.5250315008602682, scale_pos_weight=3.602333679515273, subsample=0.7576239621573629;, score=0.669 total time= 4.4min
[CV 3/3] END colsample_bytree=0.8768494170252596, gamma=3.9440349093537215, learning_rate=0.044750695061513364, max_depth=6, n_estimators=541, reg_alpha=0.947297888256338, reg_lambda=0.16637758693227234, scale_pos_weight=8.709842925321356, subsample=0.8542860023013147;, score=0.687 total time= 1.6min
[CV 2/3] END colsample_bytree=0.8864113900084023, gamma=1.1502684151571696, learning_rate=0.036267025281875614, max_depth=5, n_estimators=535, reg_alpha=0.03130231374751624, reg_lambda=0.7312700669736856, scale_pos_weight=10.095245109478183, subsample=0.9286800460462493;, score=0.683 total time= 1.4min
[CV 1/3] END colsample_bytree=0.6629627319760374, gamma=2.951319694428112, learning_rate=0.09664934979433112, max_depth=3, n_estimators=371, reg_alpha=0.46459859663581016, reg_lambda=0.6804566263593252, scale_pos_weight=4.9554508387996865, subsample=0.9873499259353449;, score=0.686 total time=  40.9s
[CV 2/3] END colsample_bytree=0.5513962022463328, gamma=2.8545225092208213, learning_rate=0.013673527388108, max_depth=8, n_estimators=385, reg_alpha=0.2103495799188686, reg_lambda=0.34601656764483957, scale_pos_weight=8.758047357929561, subsample=0.9706187521161933;, score=0.682 total time= 2.1min
[CV 2/3] END colsample_bytree=0.7490978582265695, gamma=2.7768177546881563, learning_rate=0.15384035565445278, max_depth=8, n_estimators=336, reg_alpha=0.9963339160567419, reg_lambda=0.9747931621467831, scale_pos_weight=7.503256863469369, subsample=0.5997712254645726;, score=0.643 total time= 1.3min
[CV 1/3] END colsample_bytree=0.9847061611676438, gamma=1.2906671635056377, learning_rate=0.14134733290825846, max_depth=3, n_estimators=463, reg_alpha=0.9698210450785447, reg_lambda=0.45378954138363925, scale_pos_weight=3.3605046334646396, subsample=0.5367483736650063;, score=0.684 total time=  45.1s
[CV 2/3] END colsample_bytree=0.61235058848634, gamma=0.9000521873636175, learning_rate=0.027711116844648276, max_depth=3, n_estimators=478, reg_alpha=0.0415728590503921, reg_lambda=0.14834320096208886, scale_pos_weight=10.86630122958847, subsample=0.9825593482180228;, score=0.679 total time=  58.8s
[CV 2/3] END colsample_bytree=0.8089236201006069, gamma=4.344524922393591, learning_rate=0.12412194932776593, max_depth=14, n_estimators=588, reg_alpha=0.6006095425462361, reg_lambda=0.9408753563380648, scale_pos_weight=9.268388837118774, subsample=0.8334857584954536;, score=0.640 total time= 3.4min
[CV 1/3] END colsample_bytree=0.5477676569173341, gamma=3.119296623382865, learning_rate=0.10035353574744582, max_depth=4, n_estimators=368, reg_alpha=0.16801420774486342, reg_lambda=0.7368737449441821, scale_pos_weight=9.627970775432285, subsample=0.6083699000453878;, score=0.684 total time=  48.2s
[CV 1/3] END colsample_bytree=0.5641971447270626, gamma=0.5205482469208317, learning_rate=0.15486776342574823, max_depth=12, n_estimators=587, reg_alpha=0.27416066655980587, reg_lambda=0.0794193689889866, scale_pos_weight=1.8565824959643054, subsample=0.9470954373320591;, score=0.645 total time= 4.3min
[CV 2/3] END colsample_bytree=0.7236012702524178, gamma=3.0029716668030866, learning_rate=0.11313588553929955, max_depth=5, n_estimators=442, reg_alpha=0.9921580148233127, reg_lambda=0.8514249577450957, scale_pos_weight=3.085105143573358, subsample=0.9652976073219581;, score=0.679 total time= 1.0min
[CV 1/3] END colsample_bytree=0.6872700594236812, gamma=4.75357153204958, learning_rate=0.15639878836228102, max_depth=7, n_estimators=402, reg_alpha=0.44583275285359114, reg_lambda=0.09997491581800289, scale_pos_weight=5.592488919658671, subsample=0.6668543055695109;, score=0.658 total time= 1.7min
[CV 3/3] END colsample_bytree=0.5696657272029378, gamma=3.0220868963890863, learning_rate=0.11796821826033463, max_depth=6, n_estimators=312, reg_alpha=0.07697990982879299, reg_lambda=0.289751452913768, scale_pos_weight=2.612212872540044, subsample=0.9648488261712865;, score=0.683 total time= 1.2min
[CV 1/3] END colsample_bytree=0.7553736512887829, gamma=2.087055015743895, learning_rate=0.05442156209414605, max_depth=5, n_estimators=533, reg_alpha=0.33761517140362796, reg_lambda=0.9429097039125192, scale_pos_weight=4.232029320207552, subsample=0.7593953108716831;, score=0.688 total time= 1.6min
[CV 2/3] END colsample_bytree=0.8167648553804474, gamma=2.6788734203737925, learning_rate=0.02805795401088166, max_depth=3, n_estimators=500, reg_alpha=0.32078006497173583, reg_lambda=0.18651851039985423, scale_pos_weight=1.4077514155476392, subsample=0.795446471594121;, score=0.680 total time= 1.0min
[CV 1/3] END colsample_bytree=0.9492770942635396, gamma=3.0321452982979498, learning_rate=0.01183941032332593, max_depth=11, n_estimators=398, reg_alpha=0.9736638367553173, reg_lambda=0.2839209747374657, scale_pos_weight=4.053638603443934, subsample=0.7428068767931133;, score=0.685 total time= 5.6min
[CV 2/3] END colsample_bytree=0.6251214490822976, gamma=2.7461333235306022, learning_rate=0.1529191845400125, max_depth=10, n_estimators=536, reg_alpha=0.27993389694594284, reg_lambda=0.9548652806631941, scale_pos_weight=8.378969166957685, subsample=0.7771770262557003;, score=0.629 total time= 3.6min
[CV 1/3] END colsample_bytree=0.7729578850824945, gamma=3.5291574193934725, learning_rate=0.203730388794827, max_depth=11, n_estimators=373, reg_alpha=0.8369638742373738, reg_lambda=0.8668687053108414, scale_pos_weight=9.38480763763985, subsample=0.7130457375234706;, score=0.626 total time= 2.9min
[CV 1/3] END colsample_bytree=0.738105348394507, gamma=4.156857450312506, learning_rate=0.07155544795420989, max_depth=3, n_estimators=353, reg_alpha=0.967973765439823, reg_lambda=0.08840822336564658, scale_pos_weight=8.91817839469633, subsample=0.794977948568818;, score=0.686 total time=  40.3s
[CV 1/3] END colsample_bytree=0.664375805143754, gamma=3.167004271583629, learning_rate=0.058029123755638616, max_depth=5, n_estimators=410, reg_alpha=0.12887972191064923, reg_lambda=0.12804583895777244, scale_pos_weight=2.5190269351229437, subsample=0.5694135863247051;, score=0.687 total time= 1.1min
[CV 2/3] END colsample_bytree=0.7656328769867671, gamma=3.602580306957324, learning_rate=0.02246827250224829, max_depth=13, n_estimators=306, reg_alpha=0.6871655054033311, reg_lambda=0.8444406726336288, scale_pos_weight=8.496162320085874, subsample=0.5152360763667971;, score=0.661 total time= 5.4min
[CV 2/3] END colsample_bytree=0.8652745684046508, gamma=3.4685880370166924, learning_rate=0.043346151998676634, max_depth=3, n_estimators=530, reg_alpha=0.5731508492573887, reg_lambda=0.9976926159238433, scale_pos_weight=8.524031200388226, subsample=0.8534902306217296;, score=0.682 total time=  55.5s
[CV 2/3] END colsample_bytree=0.7117984312102414, gamma=1.4396480823786306, learning_rate=0.1329900526305309, max_depth=12, n_estimators=440, reg_alpha=0.13911619414306187, reg_lambda=0.1007946030158865, scale_pos_weight=3.560155318536622, subsample=0.8630477930312004;, score=0.638 total time= 3.6min
[CV 2/3] END colsample_bytree=0.8166203874554803, gamma=3.6795230659800113, learning_rate=0.1796256190933767, max_depth=5, n_estimators=335, reg_alpha=0.6429255636142532, reg_lambda=0.7039461351385095, scale_pos_weight=10.10624003540304, subsample=0.8123806355216255;, score=0.670 total time=  47.9s
[CV 1/3] END colsample_bytree=0.6472328797709588, gamma=4.742266534810783, learning_rate=0.16272115883195218, max_depth=10, n_estimators=380, reg_alpha=0.8684679758979128, reg_lambda=0.48743119824951364, scale_pos_weight=9.945522268940914, subsample=0.8999276279736577;, score=0.636 total time= 2.3min
[CV 2/3] END colsample_bytree=0.957756838645957, gamma=3.607664305609528, learning_rate=0.13208093340159152, max_depth=8, n_estimators=397, reg_alpha=0.3966493730520543, reg_lambda=0.9540869365396331, scale_pos_weight=2.350012774212069, subsample=0.7418774709662064;, score=0.654 total time= 1.8min
[CV 3/3] END colsample_bytree=0.5257979033293549, gamma=3.349587322750196, learning_rate=0.018833087542020035, max_depth=9, n_estimators=581, reg_alpha=0.5679452305526295, reg_lambda=0.9154882975880418, scale_pos_weight=1.3394597858579884, subsample=0.84871013362342;, score=0.690 total time= 3.9min
[CV 3/3] END colsample_bytree=0.6152845979025094, gamma=4.153212588753123, learning_rate=0.03406775240699919, max_depth=13, n_estimators=525, reg_alpha=0.38409061149124957, reg_lambda=0.036731937426613626, scale_pos_weight=10.572702629833255, subsample=0.9131028478969829;, score=0.651 total time= 8.0min
[CV 2/3] END colsample_bytree=0.6629627319760374, gamma=2.951319694428112, learning_rate=0.09664934979433112, max_depth=3, n_estimators=371, reg_alpha=0.46459859663581016, reg_lambda=0.6804566263593252, scale_pos_weight=4.9554508387996865, subsample=0.9873499259353449;, score=0.682 total time=  42.4s
[CV 3/3] END colsample_bytree=0.5513962022463328, gamma=2.8545225092208213, learning_rate=0.013673527388108, max_depth=8, n_estimators=385, reg_alpha=0.2103495799188686, reg_lambda=0.34601656764483957, scale_pos_weight=8.758047357929561, subsample=0.9706187521161933;, score=0.687 total time= 2.1min
[CV 3/3] END colsample_bytree=0.7490978582265695, gamma=2.7768177546881563, learning_rate=0.15384035565445278, max_depth=8, n_estimators=336, reg_alpha=0.9963339160567419, reg_lambda=0.9747931621467831, scale_pos_weight=7.503256863469369, subsample=0.5997712254645726;, score=0.650 total time= 1.4min
[CV 3/3] END colsample_bytree=0.9847061611676438, gamma=1.2906671635056377, learning_rate=0.14134733290825846, max_depth=3, n_estimators=463, reg_alpha=0.9698210450785447, reg_lambda=0.45378954138363925, scale_pos_weight=3.3605046334646396, subsample=0.5367483736650063;, score=0.685 total time=  48.1s
[CV 1/3] END colsample_bytree=0.5698256273781565, gamma=0.14986794936338976, learning_rate=0.07158598831823819, max_depth=4, n_estimators=533, reg_alpha=0.7328989183413418, reg_lambda=0.1623818946623209, scale_pos_weight=2.8834908376560144, subsample=0.8654147374354382;, score=0.688 total time= 1.1min
[CV 2/3] END colsample_bytree=0.788592618355874, gamma=1.7428683362098525, learning_rate=0.04185748904856103, max_depth=8, n_estimators=362, reg_alpha=0.9771741842213173, reg_lambda=0.4069079607228706, scale_pos_weight=9.707534503372592, subsample=0.8911927420291368;, score=0.676 total time= 1.8min
[CV 1/3] END colsample_bytree=0.6217411482881496, gamma=4.635172723981533, learning_rate=0.02205347805791217, max_depth=7, n_estimators=440, reg_alpha=0.3516226872396344, reg_lambda=0.10142082844921652, scale_pos_weight=5.858717591863257, subsample=0.6283882838602539;, score=0.688 total time= 1.6min
[CV 1/3] END colsample_bytree=0.5708871967635509, gamma=1.372701270000627, learning_rate=0.12940938337913835, max_depth=4, n_estimators=341, reg_alpha=0.42819961492561476, reg_lambda=0.7175977656581762, scale_pos_weight=7.924361513243697, subsample=0.9956279968510942;, score=0.685 total time=  45.8s
[CV 1/3] END colsample_bytree=0.5959336623593714, gamma=1.6168578105776037, learning_rate=0.05533128044539761, max_depth=11, n_estimators=495, reg_alpha=0.4424099364806695, reg_lambda=0.831863113251422, scale_pos_weight=7.696026161339619, subsample=0.5349658028547171;, score=0.649 total time= 5.1min
[CV 3/3] END colsample_bytree=0.6612639889232076, gamma=0.11446912488060124, learning_rate=0.04075822993360622, max_depth=5, n_estimators=505, reg_alpha=0.9756102008599149, reg_lambda=0.640972077345332, scale_pos_weight=9.224805636343609, subsample=0.5662623363709243;, score=0.688 total time= 1.2min
[CV 3/3] END colsample_bytree=0.5714334089609704, gamma=3.254442364744264, learning_rate=0.021282315805420053, max_depth=10, n_estimators=593, reg_alpha=0.0007787658410143283, reg_lambda=0.9922115592912175, scale_pos_weight=7.1748150962771655, subsample=0.8058265802441404;, score=0.680 total time= 5.0min
[CV 3/3] END colsample_bytree=0.9683649943683672, gamma=0.6876047207299663, learning_rate=0.0782132702100517, max_depth=11, n_estimators=450, reg_alpha=0.5414479738275658, reg_lambda=0.6957843993450822, scale_pos_weight=3.285500217972997, subsample=0.587477463547968;, score=0.651 total time= 5.6min
[CV 3/3] END colsample_bytree=0.7703175608050532, gamma=3.187149507491033, learning_rate=0.15521826674453232, max_depth=4, n_estimators=423, reg_alpha=0.7145951041799521, reg_lambda=0.04106751676787579, scale_pos_weight=4.988209014447945, subsample=0.716760368790371;, score=0.683 total time=  46.8s
[CV 2/3] END colsample_bytree=0.8058603731171761, gamma=2.0980003121389497, learning_rate=0.059546197900231496, max_depth=5, n_estimators=385, reg_alpha=0.014393488629755868, reg_lambda=0.11607264050691624, scale_pos_weight=1.4600264202175275, subsample=0.520364401159485;, score=0.682 total time=  49.4s
[CV 3/3] END colsample_bytree=0.7291264452457583, gamma=2.728083946579675, learning_rate=0.19829296175530506, max_depth=5, n_estimators=364, reg_alpha=0.9611905638239142, reg_lambda=0.9053506419560637, scale_pos_weight=2.9579113478929644, subsample=0.5346806504375827;, score=0.668 total time= 1.2min
[CV 3/3] END colsample_bytree=0.9072342412944678, gamma=1.4092738738669996, learning_rate=0.03363296552433125, max_depth=7, n_estimators=413, reg_alpha=0.628942846779884, reg_lambda=0.877472013527053, scale_pos_weight=8.350710438038858, subsample=0.9017404651924243;, score=0.687 total time= 1.7min
[CV 2/3] END colsample_bytree=0.6112882087855153, gamma=1.9832580097712593, learning_rate=0.18837938175535535, max_depth=4, n_estimators=304, reg_alpha=0.5133261686923929, reg_lambda=0.2332280724245278, scale_pos_weight=6.813054172267823, subsample=0.9315692609945019;, score=0.679 total time=  45.5s
[CV 1/3] END colsample_bytree=0.9846512678095495, gamma=2.615489220850744, learning_rate=0.13587972762705253, max_depth=3, n_estimators=353, reg_alpha=0.5843143119231002, reg_lambda=0.901158010490989, scale_pos_weight=1.4544638034145787, subsample=0.6404815947961151;, score=0.686 total time=  52.5s
[CV 2/3] END colsample_bytree=0.6329689624821195, gamma=1.8017254760263413, learning_rate=0.06198997257085254, max_depth=13, n_estimators=444, reg_alpha=0.2797635071689457, reg_lambda=0.41120672087218624, scale_pos_weight=7.027818820232985, subsample=0.6354788212575649;, score=0.636 total time= 6.8min
[CV 3/3] END colsample_bytree=0.5013554497071648, gamma=0.5834803207084066, learning_rate=0.10463324021037844, max_depth=8, n_estimators=393, reg_alpha=0.10669925011343606, reg_lambda=0.8507274600164547, scale_pos_weight=8.459745255487181, subsample=0.7042591464679584;, score=0.661 total time= 1.5min
[CV 3/3] END colsample_bytree=0.8892859695253755, gamma=0.7156399277423481, learning_rate=0.05090891863389266, max_depth=4, n_estimators=309, reg_alpha=0.49398148713086265, reg_lambda=0.7546352918601166, scale_pos_weight=2.02916030744145, subsample=0.7682406757422974;, score=0.687 total time=  45.6s
[CV 2/3] END colsample_bytree=0.7964814526294108, gamma=0.511063321125998, learning_rate=0.19375010445214932, max_depth=7, n_estimators=592, reg_alpha=0.7072386343133986, reg_lambda=0.15253904291426135, scale_pos_weight=6.762883601668132, subsample=0.803357523191428;, score=0.639 total time= 2.0min
[CV 3/3] END colsample_bytree=0.7935341120682836, gamma=0.16423335121719174, learning_rate=0.19254989257582578, max_depth=8, n_estimators=451, reg_alpha=0.5776319540915472, reg_lambda=0.16551331742797382, scale_pos_weight=1.3387916024659499, subsample=0.6557365855663787;, score=0.639 total time= 2.0min
[CV 2/3] END colsample_bytree=0.6679329285749176, gamma=4.125536657113299, learning_rate=0.0826118424390181, max_depth=9, n_estimators=319, reg_alpha=0.624148907849134, reg_lambda=0.4094116521912404, scale_pos_weight=6.520471808519803, subsample=0.7180632645676583;, score=0.660 total time= 1.9min
[CV 2/3] END colsample_bytree=0.533587699957855, gamma=2.0262404401384435, learning_rate=0.10949297879597812, max_depth=14, n_estimators=386, reg_alpha=0.10657873012867436, reg_lambda=0.140018538660449, scale_pos_weight=3.6368380263461644, subsample=0.6332491966854411;, score=0.637 total time= 4.5min
[CV 3/3] END colsample_bytree=0.7022427248409253, gamma=2.8621387971673284, learning_rate=0.17079539588017956, max_depth=6, n_estimators=509, reg_alpha=0.5201681098787319, reg_lambda=0.42681705665486436, scale_pos_weight=9.766653778624494, subsample=0.7087530420139461;, score=0.657 total time= 1.6min
[CV 3/3] END colsample_bytree=0.9911652575400408, gamma=4.420994890657514, learning_rate=0.13015968928843963, max_depth=4, n_estimators=452, reg_alpha=0.7433528228936241, reg_lambda=0.06498640948289403, scale_pos_weight=5.015802364254874, subsample=0.9189128676416227;, score=0.685 total time= 1.1min
[CV 2/3] END colsample_bytree=0.9003848435649375, gamma=3.1488896149807655, learning_rate=0.05326480460731071, max_depth=11, n_estimators=398, reg_alpha=0.597274072430341, reg_lambda=0.5250315008602682, scale_pos_weight=3.602333679515273, subsample=0.7576239621573629;, score=0.664 total time= 4.4min
[CV 1/3] END colsample_bytree=0.7367869442175443, gamma=0.28960230279399146, learning_rate=0.024938883551570805, max_depth=4, n_estimators=569, reg_alpha=0.9734889691773969, reg_lambda=0.9688778552856915, scale_pos_weight=8.496518317429247, subsample=0.565043120065316;, score=0.687 total time= 1.4min
[CV 3/3] END colsample_bytree=0.7342697083842922, gamma=4.721518174789149, learning_rate=0.0304387239387438, max_depth=11, n_estimators=338, reg_alpha=0.5270240962118621, reg_lambda=0.8259207657998966, scale_pos_weight=3.983744309899926, subsample=0.9199735823362359;, score=0.682 total time= 3.5min
[CV 1/3] END colsample_bytree=0.8545302597254583, gamma=4.354845618730428, learning_rate=0.15281738642648557, max_depth=6, n_estimators=410, reg_alpha=0.8148251137465122, reg_lambda=0.08011484638467514, scale_pos_weight=9.948166560605276, subsample=0.7737961880768681;, score=0.666 total time= 1.1min
[CV 2/3] END colsample_bytree=0.8401141212156457, gamma=0.3609920448958792, learning_rate=0.016130500441161214, max_depth=3, n_estimators=512, reg_alpha=0.727169069766308, reg_lambda=0.742706521199981, scale_pos_weight=5.2549333444807536, subsample=0.6729674962734815;, score=0.677 total time=  46.6s
[CV 3/3] END colsample_bytree=0.8665565112076405, gamma=0.657838425636299, learning_rate=0.15316499293641772, max_depth=9, n_estimators=597, reg_alpha=0.23754332492387764, reg_lambda=0.9713950940416396, scale_pos_weight=2.8097695270948977, subsample=0.9271925466847896;, score=0.644 total time= 3.6min
[CV 3/3] END colsample_bytree=0.8097451730048073, gamma=2.3174702190028618, learning_rate=0.08595715603584596, max_depth=12, n_estimators=416, reg_alpha=0.8137662883195864, reg_lambda=0.10891834184673144, scale_pos_weight=2.4899185597019473, subsample=0.7633118986344798;, score=0.660 total time= 3.9min
[CV 1/3] END colsample_bytree=0.8774189099704239, gamma=0.8523896908695877, learning_rate=0.09189557060104078, max_depth=11, n_estimators=354, reg_alpha=0.7561633288952461, reg_lambda=0.3475715242389821, scale_pos_weight=7.64911724487218, subsample=0.8977249803948646;, score=0.646 total time= 3.9min
[CV 2/3] END colsample_bytree=0.6612639889232076, gamma=0.11446912488060124, learning_rate=0.04075822993360622, max_depth=5, n_estimators=505, reg_alpha=0.9756102008599149, reg_lambda=0.640972077345332, scale_pos_weight=9.224805636343609, subsample=0.5662623363709243;, score=0.682 total time= 1.2min
[CV 1/3] END colsample_bytree=0.9069851347530093, gamma=3.0760971911550543, learning_rate=0.07125072415732234, max_depth=6, n_estimators=423, reg_alpha=0.8480158852494014, reg_lambda=0.7243174696766612, scale_pos_weight=8.920936337605433, subsample=0.7023992145425999;, score=0.681 total time=  56.3s
[CV 3/3] END colsample_bytree=0.9697494707820946, gamma=4.474136752138244, learning_rate=0.12957999576221704, max_depth=10, n_estimators=514, reg_alpha=0.5208342600258237, reg_lambda=0.9611720243493491, scale_pos_weight=9.445338486781514, subsample=0.8736600550686904;, score=0.642 total time= 3.5min
[CV 2/3] END colsample_bytree=0.9928252270553004, gamma=1.2102763575575022, learning_rate=0.14442710948117574, max_depth=13, n_estimators=483, reg_alpha=0.23763754399239967, reg_lambda=0.7282163486118596, scale_pos_weight=4.677831327192532, subsample=0.8161529152967897;, score=0.637 total time= 5.0min
[CV 2/3] END colsample_bytree=0.5025924313869934, gamma=3.13947207474318, learning_rate=0.04885479070240845, max_depth=10, n_estimators=441, reg_alpha=0.8900053418175663, reg_lambda=0.3379951568515358, scale_pos_weight=4.75582952639944, subsample=0.5469909699204345;, score=0.661 total time= 3.6min
[CV 1/3] END colsample_bytree=0.7291264452457583, gamma=2.728083946579675, learning_rate=0.19829296175530506, max_depth=5, n_estimators=364, reg_alpha=0.9611905638239142, reg_lambda=0.9053506419560637, scale_pos_weight=2.9579113478929644, subsample=0.5346806504375827;, score=0.669 total time= 1.0min
[CV 2/3] END colsample_bytree=0.9072342412944678, gamma=1.4092738738669996, learning_rate=0.03363296552433125, max_depth=7, n_estimators=413, reg_alpha=0.628942846779884, reg_lambda=0.877472013527053, scale_pos_weight=8.350710438038858, subsample=0.9017404651924243;, score=0.681 total time= 1.7min
[CV 3/3] END colsample_bytree=0.7729578850824945, gamma=3.5291574193934725, learning_rate=0.203730388794827, max_depth=11, n_estimators=373, reg_alpha=0.8369638742373738, reg_lambda=0.8668687053108414, scale_pos_weight=9.38480763763985, subsample=0.7130457375234706;, score=0.629 total time= 2.7min
[CV 3/3] END colsample_bytree=0.7252720676550468, gamma=0.6457970757574749, learning_rate=0.2008102054517445, max_depth=6, n_estimators=587, reg_alpha=0.04689646779121992, reg_lambda=0.26867248202530736, scale_pos_weight=1.2218474203030163, subsample=0.7490825933229465;, score=0.655 total time= 1.5min
[CV 1/3] END colsample_bytree=0.6384388240736019, gamma=4.031006398965307, learning_rate=0.1596519380767317, max_depth=6, n_estimators=506, reg_alpha=0.5365906459873325, reg_lambda=0.9240417591074331, scale_pos_weight=3.3611653311740435, subsample=0.8799777044687929;, score=0.668 total time= 1.3min
[CV 1/3] END colsample_bytree=0.7853891523344559, gamma=1.7804836294892312, learning_rate=0.20730304975859595, max_depth=7, n_estimators=588, reg_alpha=0.00753436313407474, reg_lambda=0.22533279771252823, scale_pos_weight=4.653568196740577, subsample=0.743904900404369;, score=0.637 total time= 2.3min
[CV 3/3] END colsample_bytree=0.8592286354182768, gamma=2.675183660224553, learning_rate=0.1053238968252824, max_depth=14, n_estimators=432, reg_alpha=0.18704374855752337, reg_lambda=0.3236792364042437, scale_pos_weight=5.254364386164168, subsample=0.7538051893422275;, score=0.644 total time= 3.9min
[CV 3/3] END colsample_bytree=0.5623313406016335, gamma=4.604209413086862, learning_rate=0.18397927241242568, max_depth=9, n_estimators=448, reg_alpha=0.37930569838554884, reg_lambda=0.7442496518432888, scale_pos_weight=3.055798083756375, subsample=0.8938949443572461;, score=0.659 total time= 1.3min
[CV 2/3] END colsample_bytree=0.8902478537730438, gamma=1.3879358631470906, learning_rate=0.05401944281621942, max_depth=4, n_estimators=348, reg_alpha=0.17803596686975143, reg_lambda=0.9610703174694551, scale_pos_weight=2.4866272775311296, subsample=0.7073120618635118;, score=0.683 total time=  49.6s
[CV 2/3] END colsample_bytree=0.720381373469114, gamma=2.00381530437663, learning_rate=0.12192806626164358, max_depth=6, n_estimators=563, reg_alpha=0.8617856210135173, reg_lambda=0.9461154621336327, scale_pos_weight=4.7330931627975295, subsample=0.6353723365717769;, score=0.664 total time= 1.6min
[CV 2/3] END colsample_bytree=0.7126067522346167, gamma=0.11234654160058699, learning_rate=0.06373547187698922, max_depth=10, n_estimators=536, reg_alpha=0.40255004359698054, reg_lambda=0.2180231074940865, scale_pos_weight=7.450541677693295, subsample=0.7108519672766409;, score=0.645 total time= 4.2min
[CV 1/3] END colsample_bytree=0.8222733253129111, gamma=3.2508367522161405, learning_rate=0.08293944989146117, max_depth=14, n_estimators=487, reg_alpha=0.48106188384408644, reg_lambda=0.8849983565232811, scale_pos_weight=6.302651326349002, subsample=0.7205160808740808;, score=0.650 total time= 5.4min
[CV 1/3] END colsample_bytree=0.7455931704343133, gamma=4.9816788790336215, learning_rate=0.1894872296092408, max_depth=5, n_estimators=568, reg_alpha=0.22381761482262308, reg_lambda=0.5369744228934136, scale_pos_weight=6.929399348417031, subsample=0.7900431039189055;, score=0.667 total time= 1.4min
[CV 2/3] END colsample_bytree=0.785659470959787, gamma=3.310560050532823, learning_rate=0.11875578159947985, max_depth=3, n_estimators=561, reg_alpha=0.5212603121804149, reg_lambda=0.8681608040515469, scale_pos_weight=3.4528553225533454, subsample=0.578670329851263;, score=0.681 total time= 1.1min
[CV 1/3] END colsample_bytree=0.9806576440924537, gamma=2.327350043849918, learning_rate=0.18581429604562635, max_depth=12, n_estimators=459, reg_alpha=0.3351188542591419, reg_lambda=0.7435082562916078, scale_pos_weight=2.607598960483082, subsample=0.9089835120595311;, score=0.647 total time= 2.0min
[CV 2/3] END colsample_bytree=0.8791315979645113, gamma=0.12293458229400755, learning_rate=0.014424710305799452, max_depth=8, n_estimators=378, reg_alpha=0.8187856433570937, reg_lambda=0.2525087496883822, scale_pos_weight=1.010294798456334, subsample=0.5794691416383783;, score=0.684 total time= 2.3min
[CV 2/3] END colsample_bytree=0.8609438139634675, gamma=3.2849192878224653, learning_rate=0.16141185352224469, max_depth=14, n_estimators=401, reg_alpha=0.9078186529846402, reg_lambda=0.7242853081264119, scale_pos_weight=8.49161639101283, subsample=0.5729610370175727;, score=0.623 total time= 3.4min
[CV 2/3] END colsample_bytree=0.8665565112076405, gamma=0.657838425636299, learning_rate=0.15316499293641772, max_depth=9, n_estimators=597, reg_alpha=0.23754332492387764, reg_lambda=0.9713950940416396, scale_pos_weight=2.8097695270948977, subsample=0.9271925466847896;, score=0.639 total time= 3.5min
[CV 2/3] END colsample_bytree=0.8097451730048073, gamma=2.3174702190028618, learning_rate=0.08595715603584596, max_depth=12, n_estimators=416, reg_alpha=0.8137662883195864, reg_lambda=0.10891834184673144, scale_pos_weight=2.4899185597019473, subsample=0.7633118986344798;, score=0.655 total time= 3.9min
[CV 2/3] END colsample_bytree=0.8309195949246893, gamma=2.7889170868501245, learning_rate=0.15613010204784925, max_depth=6, n_estimators=563, reg_alpha=0.5804750067166746, reg_lambda=0.08876739410776846, scale_pos_weight=10.616657359548132, subsample=0.8174800227955166;, score=0.656 total time= 1.9min
[CV 2/3] END colsample_bytree=0.5180801902623811, gamma=1.515641779726643, learning_rate=0.06262251398216857, max_depth=4, n_estimators=557, reg_alpha=0.9369578230310628, reg_lambda=0.5538022407123763, scale_pos_weight=4.055243106580235, subsample=0.6984907585371417;, score=0.682 total time= 1.3min
[CV 3/3] END colsample_bytree=0.7236012702524178, gamma=3.0029716668030866, learning_rate=0.11313588553929955, max_depth=5, n_estimators=442, reg_alpha=0.9921580148233127, reg_lambda=0.8514249577450957, scale_pos_weight=3.085105143573358, subsample=0.9652976073219581;, score=0.684 total time=  54.6s
[CV 2/3] END colsample_bytree=0.9310072411363113, gamma=4.613785952566972, learning_rate=0.10741238376378719, max_depth=8, n_estimators=537, reg_alpha=0.17483862726041255, reg_lambda=0.5025660764634424, scale_pos_weight=4.9866302777231315, subsample=0.5731869960811246;, score=0.645 total time= 2.2min
[CV 1/3] END colsample_bytree=0.6972381392850177, gamma=2.297233842029933, learning_rate=0.1670033087674114, max_depth=3, n_estimators=404, reg_alpha=0.1021495296575381, reg_lambda=0.6586921462074435, scale_pos_weight=10.428311414132617, subsample=0.904441730818164;, score=0.684 total time=  41.4s
[CV 3/3] END colsample_bytree=0.9041986740582306, gamma=1.5230688458668533, learning_rate=0.02953442280127678, max_depth=6, n_estimators=391, reg_alpha=0.4401524937396013, reg_lambda=0.12203823484477883, scale_pos_weight=5.951769101112702, subsample=0.5171942605576092;, score=0.688 total time= 1.4min
[CV 2/3] END colsample_bytree=0.8255385127509722, gamma=4.574798377718904, learning_rate=0.18000771555795989, max_depth=14, n_estimators=332, reg_alpha=0.06355835028602363, reg_lambda=0.3109823217156622, scale_pos_weight=4.2518332202674705, subsample=0.864803089169032;, score=0.643 total time= 1.8min
[CV 2/3] END colsample_bytree=0.8515094794475889, gamma=1.81814801189647, learning_rate=0.20435641654419215, max_depth=6, n_estimators=567, reg_alpha=0.25178229582536416, reg_lambda=0.49724850589238545, scale_pos_weight=4.008783098167696, subsample=0.6424202471887338;, score=0.646 total time= 1.9min
[CV 2/3] END colsample_bytree=0.9910841716647179, gamma=2.5831794563550714, learning_rate=0.06216583496608181, max_depth=3, n_estimators=553, reg_alpha=0.8972157579533268, reg_lambda=0.9004180571633305, scale_pos_weight=7.33101457273268, subsample=0.6695148955243504;, score=0.682 total time=  52.8s
[CV 3/3] END colsample_bytree=0.7242120714931237, gamma=4.972287313054103, learning_rate=0.045185050535469076, max_depth=6, n_estimators=588, reg_alpha=0.4938937151834346, reg_lambda=0.1788227092213288, scale_pos_weight=4.664687845828599, subsample=0.8720852615282811;, score=0.688 total time= 1.7min
[CV 3/3] END colsample_bytree=0.9901657918580229, gamma=0.37673128003064105, learning_rate=0.07113940385743638, max_depth=9, n_estimators=460, reg_alpha=0.31692200515627766, reg_lambda=0.1694927466860925, scale_pos_weight=6.568012624583502, subsample=0.9680773870803905;, score=0.666 total time= 2.9min
[CV 1/3] END colsample_bytree=0.8720213214995577, gamma=1.254302636733306, learning_rate=0.04686673486627401, max_depth=9, n_estimators=426, reg_alpha=0.695974206093698, reg_lambda=0.4089529444142699, scale_pos_weight=2.7329432007084575, subsample=0.5782185213355431;, score=0.678 total time= 2.9min
[CV 2/3] END colsample_bytree=0.6410172862856532, gamma=0.8871977188986141, learning_rate=0.1601229503281717, max_depth=5, n_estimators=476, reg_alpha=0.7316477552996402, reg_lambda=0.1276897294224656, scale_pos_weight=3.500164492161047, subsample=0.7902720061719549;, score=0.673 total time=  54.6s
[CV 2/3] END colsample_bytree=0.9784004425632282, gamma=3.3838495221215164, learning_rate=0.10650418992852849, max_depth=12, n_estimators=443, reg_alpha=0.44844552197831977, reg_lambda=0.29321077169806453, scale_pos_weight=4.28664545369916, subsample=0.8362592280385193;, score=0.649 total time= 3.3min
[CV 1/3] END colsample_bytree=0.7400229835092376, gamma=2.1026788933253755, learning_rate=0.16693365278886194, max_depth=4, n_estimators=374, reg_alpha=0.21296416150891073, reg_lambda=0.13637147558676976, scale_pos_weight=1.1454466566788193, subsample=0.6752937794032985;, score=0.681 total time=  42.2s
[CV 1/3] END colsample_bytree=0.9108953184222246, gamma=1.7254131391119336, learning_rate=0.0795238428965367, max_depth=8, n_estimators=300, reg_alpha=0.534423503732523, reg_lambda=0.3559914842719861, scale_pos_weight=9.942172628959257, subsample=0.5643741991498219;, score=0.667 total time= 1.7min
[CV 3/3] END colsample_bytree=0.768553270909274, gamma=2.9342055901043955, learning_rate=0.159087894836866, max_depth=3, n_estimators=535, reg_alpha=0.12758030279556376, reg_lambda=0.28377590579872447, scale_pos_weight=4.6308229639863505, subsample=0.8229586206658006;, score=0.685 total time= 1.1min
[CV 3/3] END colsample_bytree=0.5560194510840262, gamma=1.9892779952287083, learning_rate=0.2038940866550738, max_depth=6, n_estimators=433, reg_alpha=0.9750671629451425, reg_lambda=0.49074877925878446, scale_pos_weight=8.228960966217757, subsample=0.9104307365766763;, score=0.660 total time= 1.4min
[CV 1/3] END colsample_bytree=0.6212048662075401, gamma=0.5741841236960177, learning_rate=0.13212400848832653, max_depth=8, n_estimators=592, reg_alpha=0.506103956359347, reg_lambda=0.9320143422569341, scale_pos_weight=4.206421921595143, subsample=0.7969415487789494;, score=0.650 total time= 2.5min
[CV 1/3] END colsample_bytree=0.6894107827784579, gamma=2.2850010964083918, learning_rate=0.1307915744145025, max_depth=10, n_estimators=560, reg_alpha=0.4863574819956078, reg_lambda=0.4089551770854932, scale_pos_weight=8.71881980598245, subsample=0.5061015361590222;, score=0.623 total time= 4.0min
[CV 3/3] END colsample_bytree=0.6155373982940358, gamma=3.359463717993642, learning_rate=0.013942107550872832, max_depth=8, n_estimators=548, reg_alpha=0.7999160853731894, reg_lambda=0.1785446620543336, scale_pos_weight=7.527461078518747, subsample=0.6190913905233633;, score=0.687 total time= 2.9min
[CV 3/3] END colsample_bytree=0.6769356882806248, gamma=4.793135886566103, learning_rate=0.04687418413579265, max_depth=7, n_estimators=591, reg_alpha=0.7709859255354785, reg_lambda=0.06824970535409158, scale_pos_weight=9.370789907030293, subsample=0.7185966981786218;, score=0.682 total time= 2.2min
[CV 2/3] END colsample_bytree=0.6486745036862753, gamma=4.621980976882652, learning_rate=0.20421164903307357, max_depth=9, n_estimators=381, reg_alpha=0.7450645481202204, reg_lambda=0.054882614646474925, scale_pos_weight=5.551436850361561, subsample=0.7612172880355845;, score=0.633 total time= 2.1min
[CV 1/3] END colsample_bytree=0.7309714252877938, gamma=4.951706566708886, learning_rate=0.010047504715176916, max_depth=4, n_estimators=395, reg_alpha=0.7987832357736654, reg_lambda=0.9979341105333375, scale_pos_weight=4.5071181545171015, subsample=0.8835941444655635;, score=0.679 total time= 1.1min
[CV 2/3] END colsample_bytree=0.9551695510287672, gamma=0.2255033861016159, learning_rate=0.03189351973582303, max_depth=11, n_estimators=439, reg_alpha=0.956415697559425, reg_lambda=0.7979893221433834, scale_pos_weight=3.5898265160181366, subsample=0.7942771144866227;, score=0.672 total time= 5.5min
[CV 2/3] END colsample_bytree=0.9093397102499209, gamma=0.6422435904659568, learning_rate=0.06666858965311633, max_depth=9, n_estimators=373, reg_alpha=0.4322407838925123, reg_lambda=0.8401215027412188, scale_pos_weight=4.921512114451966, subsample=0.5897486617119168;, score=0.663 total time= 2.5min
[CV 1/3] END colsample_bytree=0.5768290190805563, gamma=2.268468173026413, learning_rate=0.11607087874565122, max_depth=9, n_estimators=480, reg_alpha=0.9118360349599111, reg_lambda=0.9675112636137777, scale_pos_weight=2.8545887467665434, subsample=0.7310486453828303;, score=0.654 total time= 2.9min
[CV 1/3] END colsample_bytree=0.9086488849812469, gamma=2.2615914225915006, learning_rate=0.138715539039305, max_depth=11, n_estimators=487, reg_alpha=0.7315895217553319, reg_lambda=0.08162998203058958, scale_pos_weight=1.603520839905638, subsample=0.6235516170050732;, score=0.645 total time= 2.9min
[CV 2/3] END colsample_bytree=0.5024699904672048, gamma=4.759058927116195, learning_rate=0.13782398756310008, max_depth=11, n_estimators=338, reg_alpha=0.4547398556338591, reg_lambda=0.5155960285792502, scale_pos_weight=5.888465802569202, subsample=0.8334321287730522;, score=0.640 total time= 2.3min
[CV 3/3] END colsample_bytree=0.6902098521163988, gamma=2.742498608257384, learning_rate=0.12929709499708433, max_depth=3, n_estimators=590, reg_alpha=0.22726962726315147, reg_lambda=0.07319592376844364, scale_pos_weight=7.034485933813779, subsample=0.8341063992775082;, score=0.686 total time= 1.0min
[CV 2/3] END colsample_bytree=0.7067745507626757, gamma=0.6094304666847378, learning_rate=0.04622986990693607, max_depth=14, n_estimators=373, reg_alpha=0.7997810954240216, reg_lambda=0.184585129537033, scale_pos_weight=3.9527828922031008, subsample=0.8967036290739187;, score=0.659 total time= 8.6min
[CV 3/3] END colsample_bytree=0.8270378976859991, gamma=1.7711812022238727, learning_rate=0.115100924393728, max_depth=8, n_estimators=313, reg_alpha=0.1768871451438544, reg_lambda=0.3870787603356308, scale_pos_weight=10.63822275482351, subsample=0.624290128857471;, score=0.656 total time= 1.3min
[CV 3/3] END colsample_bytree=0.954660201039391, gamma=1.2938999080000846, learning_rate=0.1425044568707964, max_depth=4, n_estimators=353, reg_alpha=0.5467102793432796, reg_lambda=0.18485445552552704, scale_pos_weight=10.695846277645586, subsample=0.8875664116805573;, score=0.684 total time=  55.5s
[CV 3/3] END colsample_bytree=0.6974407590877849, gamma=1.4674408735901907, learning_rate=0.012815964543016891, max_depth=5, n_estimators=380, reg_alpha=0.71134195274865, reg_lambda=0.7901755405312056, scale_pos_weight=7.059599747810114, subsample=0.9631504392566745;, score=0.683 total time= 1.4min
[CV 3/3] END colsample_bytree=0.9040601897822085, gamma=3.1670187825521174, learning_rate=0.18429211803754356, max_depth=14, n_estimators=407, reg_alpha=0.18657005888603584, reg_lambda=0.8925589984899778, scale_pos_weight=6.393422419156507, subsample=0.9037200775820313;, score=0.641 total time= 2.6min
[CV 1/3] END colsample_bytree=0.9683649943683672, gamma=0.6876047207299663, learning_rate=0.0782132702100517, max_depth=11, n_estimators=450, reg_alpha=0.5414479738275658, reg_lambda=0.6957843993450822, scale_pos_weight=3.285500217972997, subsample=0.587477463547968;, score=0.651 total time= 5.3min
[CV 3/3] END colsample_bytree=0.789140070498087, gamma=0.17971136898371043, learning_rate=0.10311960362649203, max_depth=8, n_estimators=357, reg_alpha=0.03050024993904943, reg_lambda=0.03734818874921442, scale_pos_weight=9.226005606596583, subsample=0.6800953207056315;, score=0.659 total time= 1.6min
[CV 1/3] END colsample_bytree=0.8079255821949569, gamma=4.719458022803786, learning_rate=0.1988503194250335, max_depth=14, n_estimators=459, reg_alpha=0.9402302414249576, reg_lambda=0.575474177875879, scale_pos_weight=4.881699262065219, subsample=0.8216441092211766;, score=0.641 total time= 1.8min
[CV 3/3] END colsample_bytree=0.933558303604861, gamma=2.809333460718868, learning_rate=0.05771937195806804, max_depth=9, n_estimators=312, reg_alpha=0.7399087604473745, reg_lambda=0.23823615240397944, scale_pos_weight=4.7772888617629485, subsample=0.7671637367652817;, score=0.676 total time= 2.0min
[CV 1/3] END colsample_bytree=0.718167915803278, gamma=4.01054624513367, learning_rate=0.20558013375085418, max_depth=7, n_estimators=379, reg_alpha=0.5277011090862999, reg_lambda=0.9929647961193003, scale_pos_weight=1.7379656473539886, subsample=0.7769271422006604;, score=0.658 total time= 1.3min
[CV 3/3] END colsample_bytree=0.775793936272035, gamma=0.8241713056850047, learning_rate=0.09225102331707381, max_depth=8, n_estimators=364, reg_alpha=0.48037008186635466, reg_lambda=0.9852860506655043, scale_pos_weight=4.767389699379407, subsample=0.874789149988036;, score=0.672 total time= 1.5min
[CV 2/3] END colsample_bytree=0.9108953184222246, gamma=1.7254131391119336, learning_rate=0.0795238428965367, max_depth=8, n_estimators=300, reg_alpha=0.534423503732523, reg_lambda=0.3559914842719861, scale_pos_weight=9.942172628959257, subsample=0.5643741991498219;, score=0.662 total time= 1.6min
[CV 2/3] END colsample_bytree=0.768553270909274, gamma=2.9342055901043955, learning_rate=0.159087894836866, max_depth=3, n_estimators=535, reg_alpha=0.12758030279556376, reg_lambda=0.28377590579872447, scale_pos_weight=4.6308229639863505, subsample=0.8229586206658006;, score=0.681 total time= 1.1min
[CV 3/3] END colsample_bytree=0.9254087589180731, gamma=0.43943812270071936, learning_rate=0.1711729773482287, max_depth=10, n_estimators=436, reg_alpha=0.08023374566164221, reg_lambda=0.5245113895702547, scale_pos_weight=5.103968269896615, subsample=0.9911893084543032;, score=0.632 total time= 3.4min
[CV 2/3] END colsample_bytree=0.6580982911482474, gamma=2.9415333789752833, learning_rate=0.1465964126834265, max_depth=10, n_estimators=594, reg_alpha=0.713782454855326, reg_lambda=0.8996674452921731, scale_pos_weight=7.2410154418183765, subsample=0.7698905309573165;, score=0.634 total time= 3.6min
[CV 2/3] END colsample_bytree=0.5426748340393219, gamma=4.984371259229737, learning_rate=0.11043900206624852, max_depth=3, n_estimators=523, reg_alpha=0.06707647738842748, reg_lambda=0.7499604703991778, scale_pos_weight=3.0990559309558576, subsample=0.9490271447203569;, score=0.683 total time=  43.6s
[CV 2/3] END colsample_bytree=0.6155373982940358, gamma=3.359463717993642, learning_rate=0.013942107550872832, max_depth=8, n_estimators=548, reg_alpha=0.7999160853731894, reg_lambda=0.1785446620543336, scale_pos_weight=7.527461078518747, subsample=0.6190913905233633;, score=0.682 total time= 3.1min
[CV 1/3] END colsample_bytree=0.8660922892295312, gamma=1.2536533028079888, learning_rate=0.13661961267148953, max_depth=7, n_estimators=472, reg_alpha=0.8381069631782958, reg_lambda=0.4043815015490243, scale_pos_weight=8.709113770642706, subsample=0.7110180297753437;, score=0.654 total time= 1.8min
[CV 3/3] END colsample_bytree=0.7951153334345435, gamma=1.8048694847001339, learning_rate=0.028316414665326833, max_depth=13, n_estimators=316, reg_alpha=0.9502373538208024, reg_lambda=0.44600577295795574, scale_pos_weight=2.8513292883861965, subsample=0.770950473689179;, score=0.679 total time= 6.8min
[CV 1/3] END colsample_bytree=0.8276209903195109, gamma=2.7542868530456968, learning_rate=0.027397351982282027, max_depth=10, n_estimators=423, reg_alpha=0.372688517012314, reg_lambda=0.2597537837603262, scale_pos_weight=8.234201136885849, subsample=0.7479378675393854;, score=0.676 total time= 3.7min
[CV 1/3] END colsample_bytree=0.8791315979645113, gamma=0.12293458229400755, learning_rate=0.014424710305799452, max_depth=8, n_estimators=378, reg_alpha=0.8187856433570937, reg_lambda=0.2525087496883822, scale_pos_weight=1.010294798456334, subsample=0.5794691416383783;, score=0.687 total time= 2.3min
[CV 1/3] END colsample_bytree=0.8609438139634675, gamma=3.2849192878224653, learning_rate=0.16141185352224469, max_depth=14, n_estimators=401, reg_alpha=0.9078186529846402, reg_lambda=0.7242853081264119, scale_pos_weight=8.49161639101283, subsample=0.5729610370175727;, score=0.626 total time= 3.4min
[CV 1/3] END colsample_bytree=0.7988617826279322, gamma=3.9647804730281577, learning_rate=0.14100186776642173, max_depth=5, n_estimators=485, reg_alpha=0.912363345616691, reg_lambda=0.21066218900566658, scale_pos_weight=7.229665835634828, subsample=0.8157801100462603;, score=0.679 total time=  57.4s
[CV 2/3] END colsample_bytree=0.9341356402566293, gamma=1.0292060501838414, learning_rate=0.03238392387954558, max_depth=4, n_estimators=429, reg_alpha=0.12297080852962672, reg_lambda=0.2311309124276466, scale_pos_weight=1.5169683724152696, subsample=0.8200014834184568;, score=0.682 total time= 1.2min
[CV 3/3] END colsample_bytree=0.8089236201006069, gamma=4.344524922393591, learning_rate=0.12412194932776593, max_depth=14, n_estimators=588, reg_alpha=0.6006095425462361, reg_lambda=0.9408753563380648, scale_pos_weight=9.268388837118774, subsample=0.8334857584954536;, score=0.644 total time= 3.5min
[CV 1/3] END colsample_bytree=0.5478572777600809, gamma=0.11819293023168198, learning_rate=0.13839430008865322, max_depth=14, n_estimators=459, reg_alpha=0.6379607933159701, reg_lambda=0.2568838476457148, scale_pos_weight=7.320154860204185, subsample=0.529227307054277;, score=0.628 total time= 8.2min
[CV 2/3] END colsample_bytree=0.6972381392850177, gamma=2.297233842029933, learning_rate=0.1670033087674114, max_depth=3, n_estimators=404, reg_alpha=0.1021495296575381, reg_lambda=0.6586921462074435, scale_pos_weight=10.428311414132617, subsample=0.904441730818164;, score=0.680 total time=  46.3s
[CV 3/3] END colsample_bytree=0.5208364503011922, gamma=0.4239600802290161, learning_rate=0.15326467761253645, max_depth=5, n_estimators=451, reg_alpha=0.03557086703554835, reg_lambda=0.5085792894475785, scale_pos_weight=4.875952314827695, subsample=0.7309734683354778;, score=0.676 total time= 1.1min
[CV 3/3] END colsample_bytree=0.6691337529972492, gamma=4.640418201630249, learning_rate=0.05492312236877039, max_depth=11, n_estimators=423, reg_alpha=0.38865279862984703, reg_lambda=0.16368380146530148, scale_pos_weight=3.737913075141065, subsample=0.9641587664242885;, score=0.677 total time= 2.4min
[CV 2/3] END colsample_bytree=0.5714334089609704, gamma=3.254442364744264, learning_rate=0.021282315805420053, max_depth=10, n_estimators=593, reg_alpha=0.0007787658410143283, reg_lambda=0.9922115592912175, scale_pos_weight=7.1748150962771655, subsample=0.8058265802441404;, score=0.674 total time= 5.3min
[CV 1/3] END colsample_bytree=0.6746047873063304, gamma=3.629778394351197, learning_rate=0.18942205199051543, max_depth=10, n_estimators=353, reg_alpha=0.7798755458576239, reg_lambda=0.6420316461542878, scale_pos_weight=1.8413996499504883, subsample=0.5808143570473069;, score=0.638 total time= 2.0min
[CV 2/3] END colsample_bytree=0.7349722569954715, gamma=1.3978017089837929, learning_rate=0.18669880445325182, max_depth=14, n_estimators=532, reg_alpha=0.9530718470239532, reg_lambda=0.3307503046705137, scale_pos_weight=6.527649668354899, subsample=0.7861462345854191;, score=0.630 total time= 3.9min
[CV 3/3] END colsample_bytree=0.6251214490822976, gamma=2.7461333235306022, learning_rate=0.1529191845400125, max_depth=10, n_estimators=536, reg_alpha=0.27993389694594284, reg_lambda=0.9548652806631941, scale_pos_weight=8.378969166957685, subsample=0.7771770262557003;, score=0.632 total time= 3.7min
[CV 1/3] END colsample_bytree=0.6112882087855153, gamma=1.9832580097712593, learning_rate=0.18837938175535535, max_depth=4, n_estimators=304, reg_alpha=0.5133261686923929, reg_lambda=0.2332280724245278, scale_pos_weight=6.813054172267823, subsample=0.9315692609945019;, score=0.681 total time=  40.7s
[CV 2/3] END colsample_bytree=0.5587631233885524, gamma=3.246051510580318, learning_rate=0.15920897585308466, max_depth=14, n_estimators=489, reg_alpha=0.40022289287202484, reg_lambda=0.47771489088022767, scale_pos_weight=1.8289132169335423, subsample=0.7641850606486046;, score=0.645 total time= 1.9min
[CV 2/3] END colsample_bytree=0.7252720676550468, gamma=0.6457970757574749, learning_rate=0.2008102054517445, max_depth=6, n_estimators=587, reg_alpha=0.04689646779121992, reg_lambda=0.26867248202530736, scale_pos_weight=1.2218474203030163, subsample=0.7490825933229465;, score=0.652 total time= 1.6min
[CV 2/3] END colsample_bytree=0.6384388240736019, gamma=4.031006398965307, learning_rate=0.1596519380767317, max_depth=6, n_estimators=506, reg_alpha=0.5365906459873325, reg_lambda=0.9240417591074331, scale_pos_weight=3.3611653311740435, subsample=0.8799777044687929;, score=0.667 total time= 1.4min
[CV 2/3] END colsample_bytree=0.7853891523344559, gamma=1.7804836294892312, learning_rate=0.20730304975859595, max_depth=7, n_estimators=588, reg_alpha=0.00753436313407474, reg_lambda=0.22533279771252823, scale_pos_weight=4.653568196740577, subsample=0.743904900404369;, score=0.637 total time= 2.4min
[CV 2/3] END colsample_bytree=0.6846152407549481, gamma=2.2713398610954982, learning_rate=0.11972062358763064, max_depth=12, n_estimators=471, reg_alpha=0.20173046233023584, reg_lambda=0.6845715478798333, scale_pos_weight=1.878681112426568, subsample=0.5694123867210101;, score=0.639 total time= 3.6min
[CV 3/3] END colsample_bytree=0.712065335651193, gamma=3.6822211781236143, learning_rate=0.19687340295380298, max_depth=8, n_estimators=566, reg_alpha=0.4508393714041321, reg_lambda=0.11323804584075525, scale_pos_weight=10.848411989623346, subsample=0.919449043222967;, score=0.630 total time= 2.2min
[CV 1/3] END colsample_bytree=0.720381373469114, gamma=2.00381530437663, learning_rate=0.12192806626164358, max_depth=6, n_estimators=563, reg_alpha=0.8617856210135173, reg_lambda=0.9461154621336327, scale_pos_weight=4.7330931627975295, subsample=0.6353723365717769;, score=0.669 total time= 1.5min
[CV 2/3] END colsample_bytree=0.6472328797709588, gamma=4.742266534810783, learning_rate=0.16272115883195218, max_depth=10, n_estimators=380, reg_alpha=0.8684679758979128, reg_lambda=0.48743119824951364, scale_pos_weight=9.945522268940914, subsample=0.8999276279736577;, score=0.631 total time= 2.1min
[CV 1/3] END colsample_bytree=0.957756838645957, gamma=3.607664305609528, learning_rate=0.13208093340159152, max_depth=8, n_estimators=397, reg_alpha=0.3966493730520543, reg_lambda=0.9540869365396331, scale_pos_weight=2.350012774212069, subsample=0.7418774709662064;, score=0.660 total time= 1.9min
[CV 1/3] END colsample_bytree=0.5257979033293549, gamma=3.349587322750196, learning_rate=0.018833087542020035, max_depth=9, n_estimators=581, reg_alpha=0.5679452305526295, reg_lambda=0.9154882975880418, scale_pos_weight=1.3394597858579884, subsample=0.84871013362342;, score=0.688 total time= 3.8min
[CV 1/3] END colsample_bytree=0.6152845979025094, gamma=4.153212588753123, learning_rate=0.03406775240699919, max_depth=13, n_estimators=525, reg_alpha=0.38409061149124957, reg_lambda=0.036731937426613626, scale_pos_weight=10.572702629833255, subsample=0.9131028478969829;, score=0.653 total time= 7.7min
[CV 1/3] END colsample_bytree=0.500615917583213, gamma=2.9916363256121348, learning_rate=0.13146128965253426, max_depth=6, n_estimators=527, reg_alpha=0.5584126725831979, reg_lambda=0.22554014244373544, scale_pos_weight=2.6082546907819006, subsample=0.8257597334011324;, score=0.673 total time= 1.4min
[CV 1/3] END colsample_bytree=0.5362081360731707, gamma=2.6712110298822256, learning_rate=0.18650669716392002, max_depth=3, n_estimators=376, reg_alpha=0.07857849715502074, reg_lambda=0.39692327620159606, scale_pos_weight=2.3271575404306035, subsample=0.783770424130779;, score=0.685 total time=  41.4s
[CV 1/3] END colsample_bytree=0.8447324845686328, gamma=4.002933495545414, learning_rate=0.050030048848962026, max_depth=9, n_estimators=422, reg_alpha=0.03158614482564204, reg_lambda=0.9362122462436898, scale_pos_weight=1.519712836514724, subsample=0.7706481676505352;, score=0.681 total time= 2.1min
[CV 1/3] END colsample_bytree=0.8665565112076405, gamma=0.657838425636299, learning_rate=0.15316499293641772, max_depth=9, n_estimators=597, reg_alpha=0.23754332492387764, reg_lambda=0.9713950940416396, scale_pos_weight=2.8097695270948977, subsample=0.9271925466847896;, score=0.645 total time= 3.5min
[CV 1/3] END colsample_bytree=0.8097451730048073, gamma=2.3174702190028618, learning_rate=0.08595715603584596, max_depth=12, n_estimators=416, reg_alpha=0.8137662883195864, reg_lambda=0.10891834184673144, scale_pos_weight=2.4899185597019473, subsample=0.7633118986344798;, score=0.659 total time= 3.9min
[CV 1/3] END colsample_bytree=0.8309195949246893, gamma=2.7889170868501245, learning_rate=0.15613010204784925, max_depth=6, n_estimators=563, reg_alpha=0.5804750067166746, reg_lambda=0.08876739410776846, scale_pos_weight=10.616657359548132, subsample=0.8174800227955166;, score=0.660 total time= 1.8min
[CV 1/3] END colsample_bytree=0.5180801902623811, gamma=1.515641779726643, learning_rate=0.06262251398216857, max_depth=4, n_estimators=557, reg_alpha=0.9369578230310628, reg_lambda=0.5538022407123763, scale_pos_weight=4.055243106580235, subsample=0.6984907585371417;, score=0.687 total time= 1.2min
[CV 1/3] END colsample_bytree=0.7236012702524178, gamma=3.0029716668030866, learning_rate=0.11313588553929955, max_depth=5, n_estimators=442, reg_alpha=0.9921580148233127, reg_lambda=0.8514249577450957, scale_pos_weight=3.085105143573358, subsample=0.9652976073219581;, score=0.684 total time=  59.0s
[CV 1/3] END colsample_bytree=0.6612639889232076, gamma=0.11446912488060124, learning_rate=0.04075822993360622, max_depth=5, n_estimators=505, reg_alpha=0.9756102008599149, reg_lambda=0.640972077345332, scale_pos_weight=9.224805636343609, subsample=0.5662623363709243;, score=0.687 total time= 1.1min
[CV 3/3] END colsample_bytree=0.5853323792749991, gamma=0.37314907168540856, learning_rate=0.16653920814882986, max_depth=5, n_estimators=562, reg_alpha=0.6921613416941319, reg_lambda=0.06229179813006269, scale_pos_weight=6.094221281497897, subsample=0.9983484269264884;, score=0.675 total time=  57.4s
[CV 1/3] END colsample_bytree=0.9171516829773838, gamma=3.146494030053681, learning_rate=0.049771255555059186, max_depth=7, n_estimators=472, reg_alpha=0.042633209287032736, reg_lambda=0.37140856765014074, scale_pos_weight=3.658511366543135, subsample=0.823045061731254;, score=0.685 total time= 1.8min
[CV 3/3] END colsample_bytree=0.7698460661945399, gamma=2.9337558283192413, learning_rate=0.2030510614528276, max_depth=14, n_estimators=340, reg_alpha=0.2962735057040824, reg_lambda=0.1652669390630025, scale_pos_weight=1.1563640674119393, subsample=0.7117007403531848;, score=0.642 total time= 1.4min
[CV 3/3] END colsample_bytree=0.8255385127509722, gamma=4.574798377718904, learning_rate=0.18000771555795989, max_depth=14, n_estimators=332, reg_alpha=0.06355835028602363, reg_lambda=0.3109823217156622, scale_pos_weight=4.2518332202674705, subsample=0.864803089169032;, score=0.644 total time= 1.8min
[CV 3/3] END colsample_bytree=0.8515094794475889, gamma=1.81814801189647, learning_rate=0.20435641654419215, max_depth=6, n_estimators=567, reg_alpha=0.25178229582536416, reg_lambda=0.49724850589238545, scale_pos_weight=4.008783098167696, subsample=0.6424202471887338;, score=0.649 total time= 1.9min
[CV 1/3] END colsample_bytree=0.9910841716647179, gamma=2.5831794563550714, learning_rate=0.06216583496608181, max_depth=3, n_estimators=553, reg_alpha=0.8972157579533268, reg_lambda=0.9004180571633305, scale_pos_weight=7.33101457273268, subsample=0.6695148955243504;, score=0.687 total time=  54.8s
[CV 1/3] END colsample_bytree=0.8604699621260646, gamma=1.540303959261946, learning_rate=0.11850804611097986, max_depth=13, n_estimators=321, reg_alpha=0.24398964337908358, reg_lambda=0.9730105547524456, scale_pos_weight=4.930977246667604, subsample=0.9460232775885566;, score=0.650 total time= 4.2min
[CV 2/3] END colsample_bytree=0.789140070498087, gamma=0.17971136898371043, learning_rate=0.10311960362649203, max_depth=8, n_estimators=357, reg_alpha=0.03050024993904943, reg_lambda=0.03734818874921442, scale_pos_weight=9.226005606596583, subsample=0.6800953207056315;, score=0.653 total time= 1.8min
[CV 3/3] END colsample_bytree=0.8079255821949569, gamma=4.719458022803786, learning_rate=0.1988503194250335, max_depth=14, n_estimators=459, reg_alpha=0.9402302414249576, reg_lambda=0.575474177875879, scale_pos_weight=4.881699262065219, subsample=0.8216441092211766;, score=0.641 total time= 2.2min
[CV 1/3] END colsample_bytree=0.9784004425632282, gamma=3.3838495221215164, learning_rate=0.10650418992852849, max_depth=12, n_estimators=443, reg_alpha=0.44844552197831977, reg_lambda=0.29321077169806453, scale_pos_weight=4.28664545369916, subsample=0.8362592280385193;, score=0.652 total time= 3.2min
[CV 1/3] END colsample_bytree=0.7252720676550468, gamma=0.6457970757574749, learning_rate=0.2008102054517445, max_depth=6, n_estimators=587, reg_alpha=0.04689646779121992, reg_lambda=0.26867248202530736, scale_pos_weight=1.2218474203030163, subsample=0.7490825933229465;, score=0.654 total time= 1.6min
[CV 3/3] END colsample_bytree=0.6650497566550777, gamma=1.6079138234001449, learning_rate=0.028458117245749218, max_depth=11, n_estimators=513, reg_alpha=0.08175903194887191, reg_lambda=0.8735786241067772, scale_pos_weight=10.208724005318132, subsample=0.5305389799274318;, score=0.660 total time= 5.0min
[CV 2/3] END colsample_bytree=0.9664690335499773, gamma=4.954647382286953, learning_rate=0.051000362010647456, max_depth=5, n_estimators=334, reg_alpha=0.9264494235897112, reg_lambda=0.7215965507512772, scale_pos_weight=1.480946439640877, subsample=0.8907572408757074;, score=0.684 total time=  44.9s
[CV 1/3] END colsample_bytree=0.8652745684046508, gamma=3.4685880370166924, learning_rate=0.043346151998676634, max_depth=3, n_estimators=530, reg_alpha=0.5731508492573887, reg_lambda=0.9976926159238433, scale_pos_weight=8.524031200388226, subsample=0.8534902306217296;, score=0.686 total time=  57.0s
[CV 1/3] END colsample_bytree=0.7117984312102414, gamma=1.4396480823786306, learning_rate=0.1329900526305309, max_depth=12, n_estimators=440, reg_alpha=0.13911619414306187, reg_lambda=0.1007946030158865, scale_pos_weight=3.560155318536622, subsample=0.8630477930312004;, score=0.643 total time= 3.8min
[CV 3/3] END colsample_bytree=0.8166203874554803, gamma=3.6795230659800113, learning_rate=0.1796256190933767, max_depth=5, n_estimators=335, reg_alpha=0.6429255636142532, reg_lambda=0.7039461351385095, scale_pos_weight=10.10624003540304, subsample=0.8123806355216255;, score=0.674 total time=  54.3s
[CV 3/3] END colsample_bytree=0.7126067522346167, gamma=0.11234654160058699, learning_rate=0.06373547187698922, max_depth=10, n_estimators=536, reg_alpha=0.40255004359698054, reg_lambda=0.2180231074940865, scale_pos_weight=7.450541677693295, subsample=0.7108519672766409;, score=0.652 total time= 4.4min
[CV 3/3] END colsample_bytree=0.8222733253129111, gamma=3.2508367522161405, learning_rate=0.08293944989146117, max_depth=14, n_estimators=487, reg_alpha=0.48106188384408644, reg_lambda=0.8849983565232811, scale_pos_weight=6.302651326349002, subsample=0.7205160808740808;, score=0.651 total time= 5.3min
[CV 2/3] END colsample_bytree=0.5457434186988774, gamma=4.387304313151902, learning_rate=0.06312000851774122, max_depth=14, n_estimators=328, reg_alpha=0.8887480798689772, reg_lambda=0.9556514982297534, scale_pos_weight=9.621276172654506, subsample=0.9047580373624391;, score=0.655 total time= 4.9min
[CV 2/3] END colsample_bytree=0.9340614067452655, gamma=3.5746202010112382, learning_rate=0.12255005726867653, max_depth=14, n_estimators=507, reg_alpha=0.5432328057899581, reg_lambda=0.15924573827926447, scale_pos_weight=3.037012492762742, subsample=0.5455822452030958;, score=0.638 total time= 3.4min
[CV 3/3] END colsample_bytree=0.9086488849812469, gamma=2.2615914225915006, learning_rate=0.138715539039305, max_depth=11, n_estimators=487, reg_alpha=0.7315895217553319, reg_lambda=0.08162998203058958, scale_pos_weight=1.603520839905638, subsample=0.6235516170050732;, score=0.647 total time= 2.8min
[CV 3/3] END colsample_bytree=0.61235058848634, gamma=0.9000521873636175, learning_rate=0.027711116844648276, max_depth=3, n_estimators=478, reg_alpha=0.0415728590503921, reg_lambda=0.14834320096208886, scale_pos_weight=10.86630122958847, subsample=0.9825593482180228;, score=0.684 total time=  53.7s
[CV 3/3] END colsample_bytree=0.5780819223960869, gamma=1.1728064666741433, learning_rate=0.20266936656407983, max_depth=4, n_estimators=492, reg_alpha=0.8381152896481102, reg_lambda=0.9446142194740232, scale_pos_weight=7.832480282896459, subsample=0.7485873820042137;, score=0.676 total time= 1.1min
[CV 3/3] END colsample_bytree=0.7177916574064664, gamma=4.089171080875108, learning_rate=0.03404181107412169, max_depth=8, n_estimators=388, reg_alpha=0.32838122788508106, reg_lambda=0.6302087483291442, scale_pos_weight=7.098318054986946, subsample=0.7817194636742294;, score=0.686 total time= 1.9min
[CV 3/3] END colsample_bytree=0.5926142232737048, gamma=4.5887624458568865, learning_rate=0.09490548503927237, max_depth=8, n_estimators=562, reg_alpha=0.8157486435042809, reg_lambda=0.3735096830383876, scale_pos_weight=6.26499194153781, subsample=0.5561521722056095;, score=0.656 total time= 2.8min
[CV 3/3] END colsample_bytree=0.8774189099704239, gamma=0.8523896908695877, learning_rate=0.09189557060104078, max_depth=11, n_estimators=354, reg_alpha=0.7561633288952461, reg_lambda=0.3475715242389821, scale_pos_weight=7.64911724487218, subsample=0.8977249803948646;, score=0.644 total time= 4.1min
[CV 1/3] END colsample_bytree=0.5306748135553341, gamma=3.9038079303421993, learning_rate=0.10196008475386403, max_depth=4, n_estimators=566, reg_alpha=0.754253544343863, reg_lambda=0.6194977514075877, scale_pos_weight=3.973550482368389, subsample=0.7151685887544605;, score=0.685 total time= 1.1min
[CV 1/3] END colsample_bytree=0.8270378976859991, gamma=1.7711812022238727, learning_rate=0.115100924393728, max_depth=8, n_estimators=313, reg_alpha=0.1768871451438544, reg_lambda=0.3870787603356308, scale_pos_weight=10.63822275482351, subsample=0.624290128857471;, score=0.656 total time= 1.3min
[CV 2/3] END colsample_bytree=0.8183348410836037, gamma=3.069667923800309, learning_rate=0.023330408112137994, max_depth=10, n_estimators=472, reg_alpha=0.15016900081704165, reg_lambda=0.7374337687214856, scale_pos_weight=6.122219208126745, subsample=0.8401138896041767;, score=0.676 total time= 4.2min
[CV 2/3] END colsample_bytree=0.7571172192068059, gamma=2.9620728443102124, learning_rate=0.019290082543999547, max_depth=5, n_estimators=434, reg_alpha=0.17052412368729153, reg_lambda=0.06505159298527952, scale_pos_weight=10.488855372533333, subsample=0.9828160165372797;, score=0.681 total time= 1.5min
[CV 3/3] END colsample_bytree=0.8187787356776066, gamma=4.436063712881633, learning_rate=0.10444298503238986, max_depth=7, n_estimators=430, reg_alpha=0.7607850486168974, reg_lambda=0.5612771975694962, scale_pos_weight=8.70967179954561, subsample=0.7468977981821954;, score=0.668 total time= 1.9min
[CV 1/3] END colsample_bytree=0.9928252270553004, gamma=1.2102763575575022, learning_rate=0.14442710948117574, max_depth=13, n_estimators=483, reg_alpha=0.23763754399239967, reg_lambda=0.7282163486118596, scale_pos_weight=4.677831327192532, subsample=0.8161529152967897;, score=0.642 total time= 4.7min
[CV 3/3] END colsample_bytree=0.848507870497634, gamma=3.5124204199355464, learning_rate=0.08189823024395103, max_depth=12, n_estimators=546, reg_alpha=0.4197808564462765, reg_lambda=0.25620694359445806, scale_pos_weight=7.115137108656805, subsample=0.5407970902001202;, score=0.635 total time= 6.4min
[CV 2/3] END colsample_bytree=0.87618726471884, gamma=3.9578952186292424, learning_rate=0.1679236285589108, max_depth=7, n_estimators=341, reg_alpha=0.9742482085344102, reg_lambda=0.9959312420303291, scale_pos_weight=1.5587115467735004, subsample=0.8685177783955045;, score=0.669 total time=  55.1s
[CV 3/3] END colsample_bytree=0.7121110046234882, gamma=4.53177192547368, learning_rate=0.03223949646123027, max_depth=5, n_estimators=472, reg_alpha=0.011353644767419069, reg_lambda=0.46866064199412627, scale_pos_weight=1.5630327568183735, subsample=0.559408958134036;, score=0.689 total time= 1.3min
[CV 1/3] END colsample_bytree=0.5665925626118749, gamma=0.38100189799581574, learning_rate=0.1981063654270767, max_depth=5, n_estimators=555, reg_alpha=0.5811626211808263, reg_lambda=0.9191765518355596, scale_pos_weight=1.8274842003530614, subsample=0.9383307429628964;, score=0.671 total time=  58.3s
[CV 2/3] END colsample_bytree=0.7400229835092376, gamma=2.1026788933253755, learning_rate=0.16693365278886194, max_depth=4, n_estimators=374, reg_alpha=0.21296416150891073, reg_lambda=0.13637147558676976, scale_pos_weight=1.1454466566788193, subsample=0.6752937794032985;, score=0.678 total time=  41.2s
[CV 3/3] END colsample_bytree=0.8204373724016073, gamma=0.9094004219957241, learning_rate=0.07913345666477264, max_depth=5, n_estimators=494, reg_alpha=0.5152360548642109, reg_lambda=0.9731103492701043, scale_pos_weight=7.019353955409602, subsample=0.6119245329531603;, score=0.685 total time= 1.3min
[CV 1/3] END colsample_bytree=0.6637486760889573, gamma=0.5988106590962561, learning_rate=0.18810545614797902, max_depth=6, n_estimators=324, reg_alpha=0.6791023191444896, reg_lambda=0.7891712386073383, scale_pos_weight=5.984421989290572, subsample=0.5434601440437119;, score=0.661 total time= 1.0min
[CV 1/3] END colsample_bytree=0.9254087589180731, gamma=0.43943812270071936, learning_rate=0.1711729773482287, max_depth=10, n_estimators=436, reg_alpha=0.08023374566164221, reg_lambda=0.5245113895702547, scale_pos_weight=5.103968269896615, subsample=0.9911893084543032;, score=0.631 total time= 3.3min
[CV 3/3] END colsample_bytree=0.9664690335499773, gamma=4.954647382286953, learning_rate=0.051000362010647456, max_depth=5, n_estimators=334, reg_alpha=0.9264494235897112, reg_lambda=0.7215965507512772, scale_pos_weight=1.480946439640877, subsample=0.8907572408757074;, score=0.688 total time=  53.4s
[CV 2/3] END colsample_bytree=0.8892859695253755, gamma=0.7156399277423481, learning_rate=0.05090891863389266, max_depth=4, n_estimators=309, reg_alpha=0.49398148713086265, reg_lambda=0.7546352918601166, scale_pos_weight=2.02916030744145, subsample=0.7682406757422974;, score=0.682 total time=  46.5s
[CV 1/3] END colsample_bytree=0.7964814526294108, gamma=0.511063321125998, learning_rate=0.19375010445214932, max_depth=7, n_estimators=592, reg_alpha=0.7072386343133986, reg_lambda=0.15253904291426135, scale_pos_weight=6.762883601668132, subsample=0.803357523191428;, score=0.642 total time= 2.0min
[CV 1/3] END colsample_bytree=0.7935341120682836, gamma=0.16423335121719174, learning_rate=0.19254989257582578, max_depth=8, n_estimators=451, reg_alpha=0.5776319540915472, reg_lambda=0.16551331742797382, scale_pos_weight=1.3387916024659499, subsample=0.6557365855663787;, score=0.637 total time= 1.9min
[CV 1/3] END colsample_bytree=0.6679329285749176, gamma=4.125536657113299, learning_rate=0.0826118424390181, max_depth=9, n_estimators=319, reg_alpha=0.624148907849134, reg_lambda=0.4094116521912404, scale_pos_weight=6.520471808519803, subsample=0.7180632645676583;, score=0.668 total time= 1.9min
[CV 3/3] END colsample_bytree=0.5661381055626652, gamma=4.502861506181929, learning_rate=0.1482443715219309, max_depth=7, n_estimators=374, reg_alpha=0.8225838759116739, reg_lambda=0.5296616786550811, scale_pos_weight=9.150544284024571, subsample=0.7490453767555029;, score=0.661 total time= 1.3min
[CV 1/3] END colsample_bytree=0.7477456581030992, gamma=3.44201198213868, learning_rate=0.09696546772074925, max_depth=9, n_estimators=590, reg_alpha=0.8191023176741997, reg_lambda=0.7994158789689793, scale_pos_weight=7.946964708544268, subsample=0.6360725686149813;, score=0.646 total time= 3.8min
[CV 1/3] END colsample_bytree=0.7009654568046211, gamma=2.3993781015195443, learning_rate=0.13550109264367402, max_depth=10, n_estimators=535, reg_alpha=0.9840834691992951, reg_lambda=0.7682734138645182, scale_pos_weight=5.177667821673338, subsample=0.710678501138535;, score=0.642 total time= 4.3min
[CV 1/3] END colsample_bytree=0.540523107953824, gamma=1.1009160097490567, learning_rate=0.1466517527319192, max_depth=7, n_estimators=380, reg_alpha=0.06151702623923505, reg_lambda=0.8829062691374613, scale_pos_weight=6.160790204436166, subsample=0.95325685972229;, score=0.667 total time= 1.4min
[CV 1/3] END colsample_bytree=0.9160670889788709, gamma=2.537338668804181, learning_rate=0.011277174343366716, max_depth=13, n_estimators=412, reg_alpha=0.5598443123088295, reg_lambda=0.11584385678025766, scale_pos_weight=4.766953619867987, subsample=0.5045362023263624;, score=0.678 total time= 8.0min
[CV 1/3] END colsample_bytree=0.5848789525437703, gamma=2.598869742780088, learning_rate=0.07740063528625726, max_depth=11, n_estimators=556, reg_alpha=0.4494338352137377, reg_lambda=0.5878843711103869, scale_pos_weight=10.485833548514337, subsample=0.6262638910377096;, score=0.636 total time= 5.1min
[CV 3/3] END colsample_bytree=0.5477676569173341, gamma=3.119296623382865, learning_rate=0.10035353574744582, max_depth=4, n_estimators=368, reg_alpha=0.16801420774486342, reg_lambda=0.7368737449441821, scale_pos_weight=9.627970775432285, subsample=0.6083699000453878;, score=0.686 total time=  52.3s
[CV 3/3] END colsample_bytree=0.5641971447270626, gamma=0.5205482469208317, learning_rate=0.15486776342574823, max_depth=12, n_estimators=587, reg_alpha=0.27416066655980587, reg_lambda=0.0794193689889866, scale_pos_weight=1.8565824959643054, subsample=0.9470954373320591;, score=0.646 total time= 4.3min
[CV 1/3] END colsample_bytree=0.558183198942738, gamma=4.087248542455958, learning_rate=0.08612465869531602, max_depth=10, n_estimators=457, reg_alpha=0.7214220673287317, reg_lambda=0.1412780492755058, scale_pos_weight=3.1198249090223853, subsample=0.909367502037135;, score=0.670 total time= 1.8min
[CV 1/3] END colsample_bytree=0.5853323792749991, gamma=0.37314907168540856, learning_rate=0.16653920814882986, max_depth=5, n_estimators=562, reg_alpha=0.6921613416941319, reg_lambda=0.06229179813006269, scale_pos_weight=6.094221281497897, subsample=0.9983484269264884;, score=0.674 total time= 1.1min
[CV 2/3] END colsample_bytree=0.9171516829773838, gamma=3.146494030053681, learning_rate=0.049771255555059186, max_depth=7, n_estimators=472, reg_alpha=0.042633209287032736, reg_lambda=0.37140856765014074, scale_pos_weight=3.658511366543135, subsample=0.823045061731254;, score=0.680 total time= 1.8min
[CV 3/3] END colsample_bytree=0.5035331526098588, gamma=0.11531212520707879, learning_rate=0.11495493205167782, max_depth=12, n_estimators=487, reg_alpha=0.3663618432936917, reg_lambda=0.45606998421703593, scale_pos_weight=8.851759613930136, subsample=0.5998368910791798;, score=0.628 total time= 6.1min
[CV 1/3] END colsample_bytree=0.8155693129986314, gamma=3.974056517708242, learning_rate=0.11052741862103842, max_depth=14, n_estimators=446, reg_alpha=0.5720041992091831, reg_lambda=0.768554014306309, scale_pos_weight=1.4360377175443375, subsample=0.9972752553986706;, score=0.668 total time= 1.6min
[CV 1/3] END colsample_bytree=0.8480148983374864, gamma=2.8503058504468246, learning_rate=0.02943529875415371, max_depth=8, n_estimators=450, reg_alpha=0.14008401523652403, reg_lambda=0.5183296523637367, scale_pos_weight=9.773730719279554, subsample=0.8703843088771022;, score=0.684 total time= 2.5min
[CV 1/3] END colsample_bytree=0.5635302563259423, gamma=2.611216300274022, learning_rate=0.16399871061972218, max_depth=14, n_estimators=407, reg_alpha=0.6228904758190003, reg_lambda=0.085347464993768, scale_pos_weight=1.516817211686077, subsample=0.7656773157840739;, score=0.651 total time= 1.8min
[CV 2/3] END colsample_bytree=0.7291264452457583, gamma=2.728083946579675, learning_rate=0.19829296175530506, max_depth=5, n_estimators=364, reg_alpha=0.9611905638239142, reg_lambda=0.9053506419560637, scale_pos_weight=2.9579113478929644, subsample=0.5346806504375827;, score=0.665 total time= 1.0min
[CV 1/3] END colsample_bytree=0.9072342412944678, gamma=1.4092738738669996, learning_rate=0.03363296552433125, max_depth=7, n_estimators=413, reg_alpha=0.628942846779884, reg_lambda=0.877472013527053, scale_pos_weight=8.350710438038858, subsample=0.9017404651924243;, score=0.687 total time= 1.4min
[CV 3/3] END colsample_bytree=0.9784004425632282, gamma=3.3838495221215164, learning_rate=0.10650418992852849, max_depth=12, n_estimators=443, reg_alpha=0.44844552197831977, reg_lambda=0.29321077169806453, scale_pos_weight=4.28664545369916, subsample=0.8362592280385193;, score=0.651 total time= 3.1min
[CV 2/3] END colsample_bytree=0.738105348394507, gamma=4.156857450312506, learning_rate=0.07155544795420989, max_depth=3, n_estimators=353, reg_alpha=0.967973765439823, reg_lambda=0.08840822336564658, scale_pos_weight=8.91817839469633, subsample=0.794977948568818;, score=0.681 total time=  38.8s
[CV 2/3] END colsample_bytree=0.664375805143754, gamma=3.167004271583629, learning_rate=0.058029123755638616, max_depth=5, n_estimators=410, reg_alpha=0.12887972191064923, reg_lambda=0.12804583895777244, scale_pos_weight=2.5190269351229437, subsample=0.5694135863247051;, score=0.682 total time= 1.0min
[CV 1/3] END colsample_bytree=0.7656328769867671, gamma=3.602580306957324, learning_rate=0.02246827250224829, max_depth=13, n_estimators=306, reg_alpha=0.6871655054033311, reg_lambda=0.8444406726336288, scale_pos_weight=8.496162320085874, subsample=0.5152360763667971;, score=0.664 total time= 5.3min
[CV 2/3] END colsample_bytree=0.7193723376941695, gamma=2.8874313545306283, learning_rate=0.08107249036367917, max_depth=9, n_estimators=403, reg_alpha=0.22902539092479635, reg_lambda=0.5428493106134089, scale_pos_weight=5.315281431364426, subsample=0.6664078929562421;, score=0.657 total time= 2.4min
[CV 2/3] END colsample_bytree=0.8018607658650695, gamma=0.5713365002784387, learning_rate=0.09290091684072553, max_depth=12, n_estimators=374, reg_alpha=0.9229602317984849, reg_lambda=0.4657001223188132, scale_pos_weight=5.808369780890736, subsample=0.9592273624696506;, score=0.643 total time= 4.8min
[CV 1/3] END colsample_bytree=0.6769356882806248, gamma=4.793135886566103, learning_rate=0.04687418413579265, max_depth=7, n_estimators=591, reg_alpha=0.7709859255354785, reg_lambda=0.06824970535409158, scale_pos_weight=9.370789907030293, subsample=0.7185966981786218;, score=0.679 total time= 2.2min
[CV 1/3] END colsample_bytree=0.9364729179382041, gamma=3.661124432047806, learning_rate=0.17131222957228998, max_depth=9, n_estimators=497, reg_alpha=0.9805768001799882, reg_lambda=0.9033638126360249, scale_pos_weight=7.4666491911716335, subsample=0.8465876057284624;, score=0.636 total time= 3.0min
[CV 2/3] END colsample_bytree=0.8687911507944457, gamma=1.1938857288415117, learning_rate=0.032094822626278934, max_depth=10, n_estimators=457, reg_alpha=0.8528218216919013, reg_lambda=0.7155533152342419, scale_pos_weight=6.891085344708948, subsample=0.6386328228483868;, score=0.669 total time= 4.2min
[CV 3/3] END colsample_bytree=0.785659470959787, gamma=3.310560050532823, learning_rate=0.11875578159947985, max_depth=3, n_estimators=561, reg_alpha=0.5212603121804149, reg_lambda=0.8681608040515469, scale_pos_weight=3.4528553225533454, subsample=0.578670329851263;, score=0.686 total time= 1.1min
[CV 3/3] END colsample_bytree=0.9806576440924537, gamma=2.327350043849918, learning_rate=0.18581429604562635, max_depth=12, n_estimators=459, reg_alpha=0.3351188542591419, reg_lambda=0.7435082562916078, scale_pos_weight=2.607598960483082, subsample=0.9089835120595311;, score=0.648 total time= 2.1min
[CV 1/3] END colsample_bytree=0.7342697083842922, gamma=4.721518174789149, learning_rate=0.0304387239387438, max_depth=11, n_estimators=338, reg_alpha=0.5270240962118621, reg_lambda=0.8259207657998966, scale_pos_weight=3.983744309899926, subsample=0.9199735823362359;, score=0.682 total time= 3.4min
[CV 2/3] END colsample_bytree=0.8447324845686328, gamma=4.002933495545414, learning_rate=0.050030048848962026, max_depth=9, n_estimators=422, reg_alpha=0.03158614482564204, reg_lambda=0.9362122462436898, scale_pos_weight=1.519712836514724, subsample=0.7706481676505352;, score=0.678 total time= 1.8min
[CV 1/3] END colsample_bytree=0.6855193814923013, gamma=4.938247818680289, learning_rate=0.018021838282496497, max_depth=3, n_estimators=395, reg_alpha=0.5880583780900792, reg_lambda=0.029394445756507293, scale_pos_weight=4.955151698490153, subsample=0.8030943567805857;, score=0.680 total time=  42.0s
[CV 2/3] END colsample_bytree=0.5848789525437703, gamma=2.598869742780088, learning_rate=0.07740063528625726, max_depth=11, n_estimators=556, reg_alpha=0.4494338352137377, reg_lambda=0.5878843711103869, scale_pos_weight=10.485833548514337, subsample=0.6262638910377096;, score=0.632 total time= 4.9min
[CV 3/3] END colsample_bytree=0.5012920074224911, gamma=3.189926028966488, learning_rate=0.11303503406674632, max_depth=14, n_estimators=325, reg_alpha=0.21204483990822665, reg_lambda=0.6109809888509917, scale_pos_weight=5.110284698067047, subsample=0.9199306514333602;, score=0.654 total time= 2.7min
[CV 2/3] END colsample_bytree=0.9635889097397263, gamma=1.1732104092772677, learning_rate=0.08986318316186163, max_depth=10, n_estimators=417, reg_alpha=0.9924835021583752, reg_lambda=0.9270009679242953, scale_pos_weight=6.399571302805596, subsample=0.9210166471882106;, score=0.649 total time= 3.6min
[CV 3/3] END colsample_bytree=0.9310072411363113, gamma=4.613785952566972, learning_rate=0.10741238376378719, max_depth=8, n_estimators=537, reg_alpha=0.17483862726041255, reg_lambda=0.5025660764634424, scale_pos_weight=4.9866302777231315, subsample=0.5731869960811246;, score=0.652 total time= 2.2min
[CV 2/3] END colsample_bytree=0.5382084297190257, gamma=1.3968385696735819, learning_rate=0.19606377696756475, max_depth=14, n_estimators=531, reg_alpha=0.46147746462473416, reg_lambda=0.6372014768082804, scale_pos_weight=7.593539222057827, subsample=0.9475588703532682;, score=0.633 total time= 3.1min
[CV 2/3] END colsample_bytree=0.6261205100866808, gamma=3.7752096437313916, learning_rate=0.102107899454828, max_depth=10, n_estimators=537, reg_alpha=0.7764474464997246, reg_lambda=0.6561618376810715, scale_pos_weight=2.774287694697069, subsample=0.7725134594484692;, score=0.656 total time= 2.7min
[CV 3/3] END colsample_bytree=0.8610354691013685, gamma=4.430978902325372, learning_rate=0.12860886683735684, max_depth=7, n_estimators=529, reg_alpha=0.41262184084862374, reg_lambda=0.6956181464968069, scale_pos_weight=1.0321826360427868, subsample=0.8097946687299203;, score=0.680 total time= 1.2min
[CV 1/3] END colsample_bytree=0.5714334089609704, gamma=3.254442364744264, learning_rate=0.021282315805420053, max_depth=10, n_estimators=593, reg_alpha=0.0007787658410143283, reg_lambda=0.9922115592912175, scale_pos_weight=7.1748150962771655, subsample=0.8058265802441404;, score=0.680 total time= 5.0min
[CV 2/3] END colsample_bytree=0.9683649943683672, gamma=0.6876047207299663, learning_rate=0.0782132702100517, max_depth=11, n_estimators=450, reg_alpha=0.5414479738275658, reg_lambda=0.6957843993450822, scale_pos_weight=3.285500217972997, subsample=0.587477463547968;, score=0.646 total time= 5.8min
[CV 1/3] END colsample_bytree=0.6251214490822976, gamma=2.7461333235306022, learning_rate=0.1529191845400125, max_depth=10, n_estimators=536, reg_alpha=0.27993389694594284, reg_lambda=0.9548652806631941, scale_pos_weight=8.378969166957685, subsample=0.7771770262557003;, score=0.633 total time= 4.4min
[CV 2/3] END colsample_bytree=0.9401799843192085, gamma=1.1834259684103938, learning_rate=0.19153874126970927, max_depth=6, n_estimators=591, reg_alpha=0.37625958553091576, reg_lambda=0.08350071669866876, scale_pos_weight=8.771469159274368, subsample=0.7792021248679025;, score=0.647 total time= 1.9min
[CV 1/3] END colsample_bytree=0.6964947244894295, gamma=4.1458211035325725, learning_rate=0.12381629383314953, max_depth=3, n_estimators=397, reg_alpha=0.03682186763599138, reg_lambda=0.1338521188006332, scale_pos_weight=1.1367196482699728, subsample=0.5376795301762312;, score=0.685 total time=  35.7s
[CV 3/3] END colsample_bytree=0.738105348394507, gamma=4.156857450312506, learning_rate=0.07155544795420989, max_depth=3, n_estimators=353, reg_alpha=0.967973765439823, reg_lambda=0.08840822336564658, scale_pos_weight=8.91817839469633, subsample=0.794977948568818;, score=0.686 total time=  39.5s
[CV 3/3] END colsample_bytree=0.664375805143754, gamma=3.167004271583629, learning_rate=0.058029123755638616, max_depth=5, n_estimators=410, reg_alpha=0.12887972191064923, reg_lambda=0.12804583895777244, scale_pos_weight=2.5190269351229437, subsample=0.5694135863247051;, score=0.687 total time= 1.3min
[CV 2/3] END colsample_bytree=0.9336074905373617, gamma=1.7707333539656274, learning_rate=0.0894327665008165, max_depth=11, n_estimators=418, reg_alpha=0.37728416310462265, reg_lambda=0.02007119777772637, scale_pos_weight=4.220791655831783, subsample=0.6057240034982723;, score=0.638 total time= 4.9min
[CV 3/3] END colsample_bytree=0.6580982911482474, gamma=2.9415333789752833, learning_rate=0.1465964126834265, max_depth=10, n_estimators=594, reg_alpha=0.713782454855326, reg_lambda=0.8996674452921731, scale_pos_weight=7.2410154418183765, subsample=0.7698905309573165;, score=0.639 total time= 3.9min
[CV 3/3] END colsample_bytree=0.5426748340393219, gamma=4.984371259229737, learning_rate=0.11043900206624852, max_depth=3, n_estimators=523, reg_alpha=0.06707647738842748, reg_lambda=0.7499604703991778, scale_pos_weight=3.0990559309558576, subsample=0.9490271447203569;, score=0.687 total time=  49.7s
[CV 2/3] END colsample_bytree=0.5497206963796726, gamma=1.2158609549972703, learning_rate=0.15445338637113185, max_depth=10, n_estimators=464, reg_alpha=0.14108184877771357, reg_lambda=0.406392308273522, scale_pos_weight=4.239900611067997, subsample=0.5434625074751747;, score=0.621 total time= 3.4min
[CV 2/3] END colsample_bytree=0.6349556111960974, gamma=2.699213894540967, learning_rate=0.042402775578316926, max_depth=6, n_estimators=500, reg_alpha=0.7709122037458219, reg_lambda=0.1065982531337718, scale_pos_weight=1.7513778173580876, subsample=0.8640943781018017;, score=0.684 total time= 1.6min
[CV 1/3] END colsample_bytree=0.6486745036862753, gamma=4.621980976882652, learning_rate=0.20421164903307357, max_depth=9, n_estimators=381, reg_alpha=0.7450645481202204, reg_lambda=0.054882614646474925, scale_pos_weight=5.551436850361561, subsample=0.7612172880355845;, score=0.633 total time= 2.3min
[CV 3/3] END colsample_bytree=0.7309714252877938, gamma=4.951706566708886, learning_rate=0.010047504715176916, max_depth=4, n_estimators=395, reg_alpha=0.7987832357736654, reg_lambda=0.9979341105333375, scale_pos_weight=4.5071181545171015, subsample=0.8835941444655635;, score=0.678 total time= 1.2min
[CV 1/3] END colsample_bytree=0.9911652575400408, gamma=4.420994890657514, learning_rate=0.13015968928843963, max_depth=4, n_estimators=452, reg_alpha=0.7433528228936241, reg_lambda=0.06498640948289403, scale_pos_weight=5.015802364254874, subsample=0.9189128676416227;, score=0.684 total time= 1.2min
[CV 3/3] END colsample_bytree=0.9003848435649375, gamma=3.1488896149807655, learning_rate=0.05326480460731071, max_depth=11, n_estimators=398, reg_alpha=0.597274072430341, reg_lambda=0.5250315008602682, scale_pos_weight=3.602333679515273, subsample=0.7576239621573629;, score=0.668 total time= 4.6min
[CV 3/3] END colsample_bytree=0.7367869442175443, gamma=0.28960230279399146, learning_rate=0.024938883551570805, max_depth=4, n_estimators=569, reg_alpha=0.9734889691773969, reg_lambda=0.9688778552856915, scale_pos_weight=8.496518317429247, subsample=0.565043120065316;, score=0.687 total time= 1.4min
[CV 1/3] END colsample_bytree=0.9340614067452655, gamma=3.5746202010112382, learning_rate=0.12255005726867653, max_depth=14, n_estimators=507, reg_alpha=0.5432328057899581, reg_lambda=0.15924573827926447, scale_pos_weight=3.037012492762742, subsample=0.5455822452030958;, score=0.641 total time= 3.4min
[CV 2/3] END colsample_bytree=0.9086488849812469, gamma=2.2615914225915006, learning_rate=0.138715539039305, max_depth=11, n_estimators=487, reg_alpha=0.7315895217553319, reg_lambda=0.08162998203058958, scale_pos_weight=1.603520839905638, subsample=0.6235516170050732;, score=0.640 total time= 3.0min
[CV 2/3] END colsample_bytree=0.5698256273781565, gamma=0.14986794936338976, learning_rate=0.07158598831823819, max_depth=4, n_estimators=533, reg_alpha=0.7328989183413418, reg_lambda=0.1623818946623209, scale_pos_weight=2.8834908376560144, subsample=0.8654147374354382;, score=0.683 total time= 1.2min
[CV 1/3] END colsample_bytree=0.7835081304933339, gamma=3.6922460462566327, learning_rate=0.1857031122602696, max_depth=8, n_estimators=431, reg_alpha=0.6675933855635847, reg_lambda=0.8078459419412586, scale_pos_weight=8.622851347766158, subsample=0.8989068244293172;, score=0.643 total time= 1.9min
[CV 1/3] END colsample_bytree=0.7067745507626757, gamma=0.6094304666847378, learning_rate=0.04622986990693607, max_depth=14, n_estimators=373, reg_alpha=0.7997810954240216, reg_lambda=0.184585129537033, scale_pos_weight=3.9527828922031008, subsample=0.8967036290739187;, score=0.662 total time= 8.7min
[CV 1/3] END colsample_bytree=0.5669018681397444, gamma=2.0929031081196765, learning_rate=0.16806754717202965, max_depth=7, n_estimators=437, reg_alpha=0.6809748272382445, reg_lambda=0.1896948481746772, scale_pos_weight=7.189481930077215, subsample=0.6617501974557369;, score=0.651 total time= 1.4min
[CV 1/3] END colsample_bytree=0.995794204435137, gamma=4.853749788353351, learning_rate=0.19846307793463858, max_depth=5, n_estimators=327, reg_alpha=0.3548413602568904, reg_lambda=0.4121309302627716, scale_pos_weight=6.4961604371892445, subsample=0.9152672282024199;, score=0.676 total time=  51.7s
[CV 2/3] END colsample_bytree=0.5626167852164136, gamma=2.3716805495310695, learning_rate=0.032791326942863436, max_depth=7, n_estimators=459, reg_alpha=0.7480731794295321, reg_lambda=0.8117697880901376, scale_pos_weight=7.564786073315027, subsample=0.5640478731831;, score=0.681 total time= 1.8min
[CV 1/3] END colsample_bytree=0.7529263464759145, gamma=4.203515140056, learning_rate=0.15656030895325013, max_depth=13, n_estimators=488, reg_alpha=0.7434237860766093, reg_lambda=0.611940505337331, scale_pos_weight=2.0593071255849296, subsample=0.5757846857938368;, score=0.641 total time= 2.6min
[CV 1/3] END colsample_bytree=0.7807422939797619, gamma=2.8033004720808545, learning_rate=0.13069753331929096, max_depth=4, n_estimators=457, reg_alpha=0.8049889996807698, reg_lambda=0.26982072012821434, scale_pos_weight=9.250494101800621, subsample=0.7491278411317268;, score=0.682 total time= 1.1min
[CV 2/3] END colsample_bytree=0.9697494707820946, gamma=4.474136752138244, learning_rate=0.12957999576221704, max_depth=10, n_estimators=514, reg_alpha=0.5208342600258237, reg_lambda=0.9611720243493491, scale_pos_weight=9.445338486781514, subsample=0.8736600550686904;, score=0.637 total time= 3.2min
[CV 2/3] END colsample_bytree=0.5184434736772664, gamma=3.047821669899484, learning_rate=0.1105358046457723, max_depth=8, n_estimators=523, reg_alpha=0.9082658859666537, reg_lambda=0.23956189066697242, scale_pos_weight=2.448948720912231, subsample=0.7447263801387816;, score=0.655 total time= 2.4min
[CV 3/3] END colsample_bytree=0.9492770942635396, gamma=3.0321452982979498, learning_rate=0.01183941032332593, max_depth=11, n_estimators=398, reg_alpha=0.9736638367553173, reg_lambda=0.2839209747374657, scale_pos_weight=4.053638603443934, subsample=0.7428068767931133;, score=0.687 total time= 5.8min
[CV 3/3] END colsample_bytree=0.8058603731171761, gamma=2.0980003121389497, learning_rate=0.059546197900231496, max_depth=5, n_estimators=385, reg_alpha=0.014393488629755868, reg_lambda=0.11607264050691624, scale_pos_weight=1.4600264202175275, subsample=0.520364401159485;, score=0.687 total time=  49.5s
[CV 2/3] END colsample_bytree=0.5503890006887133, gamma=0.09110912825774864, learning_rate=0.02888859215118568, max_depth=5, n_estimators=514, reg_alpha=0.07118864846022899, reg_lambda=0.3189756302937613, scale_pos_weight=9.448753109694545, subsample=0.511635967867913;, score=0.682 total time= 1.3min
[CV 2/3] END colsample_bytree=0.933558303604861, gamma=2.809333460718868, learning_rate=0.05771937195806804, max_depth=9, n_estimators=312, reg_alpha=0.7399087604473745, reg_lambda=0.23823615240397944, scale_pos_weight=4.7772888617629485, subsample=0.7671637367652817;, score=0.672 total time= 2.1min
[CV 2/3] END colsample_bytree=0.718167915803278, gamma=4.01054624513367, learning_rate=0.20558013375085418, max_depth=7, n_estimators=379, reg_alpha=0.5277011090862999, reg_lambda=0.9929647961193003, scale_pos_weight=1.7379656473539886, subsample=0.7769271422006604;, score=0.651 total time= 1.1min
[CV 3/3] END colsample_bytree=0.5665925626118749, gamma=0.38100189799581574, learning_rate=0.1981063654270767, max_depth=5, n_estimators=555, reg_alpha=0.5811626211808263, reg_lambda=0.9191765518355596, scale_pos_weight=1.8274842003530614, subsample=0.9383307429628964;, score=0.673 total time=  58.3s
[CV 3/3] END colsample_bytree=0.7949588434273165, gamma=1.9612202254986615, learning_rate=0.09749498440474581, max_depth=4, n_estimators=548, reg_alpha=0.5139894891598108, reg_lambda=0.7836530127411431, scale_pos_weight=4.965427823212702, subsample=0.8110433501139367;, score=0.686 total time= 1.2min
[CV 3/3] END colsample_bytree=0.6384388240736019, gamma=4.031006398965307, learning_rate=0.1596519380767317, max_depth=6, n_estimators=506, reg_alpha=0.5365906459873325, reg_lambda=0.9240417591074331, scale_pos_weight=3.3611653311740435, subsample=0.8799777044687929;, score=0.672 total time= 1.6min
[CV 3/3] END colsample_bytree=0.7853891523344559, gamma=1.7804836294892312, learning_rate=0.20730304975859595, max_depth=7, n_estimators=588, reg_alpha=0.00753436313407474, reg_lambda=0.22533279771252823, scale_pos_weight=4.653568196740577, subsample=0.743904900404369;, score=0.641 total time= 2.4min
[CV 1/3] END colsample_bytree=0.5013554497071648, gamma=0.5834803207084066, learning_rate=0.10463324021037844, max_depth=8, n_estimators=393, reg_alpha=0.10669925011343606, reg_lambda=0.8507274600164547, scale_pos_weight=8.459745255487181, subsample=0.7042591464679584;, score=0.662 total time= 1.6min
[CV 1/3] END colsample_bytree=0.7193723376941695, gamma=2.8874313545306283, learning_rate=0.08107249036367917, max_depth=9, n_estimators=403, reg_alpha=0.22902539092479635, reg_lambda=0.5428493106134089, scale_pos_weight=5.315281431364426, subsample=0.6664078929562421;, score=0.660 total time= 2.4min
[CV 1/3] END colsample_bytree=0.8018607658650695, gamma=0.5713365002784387, learning_rate=0.09290091684072553, max_depth=12, n_estimators=374, reg_alpha=0.9229602317984849, reg_lambda=0.4657001223188132, scale_pos_weight=5.808369780890736, subsample=0.9592273624696506;, score=0.648 total time= 4.9min
[CV 2/3] END colsample_bytree=0.6769356882806248, gamma=4.793135886566103, learning_rate=0.04687418413579265, max_depth=7, n_estimators=591, reg_alpha=0.7709859255354785, reg_lambda=0.06824970535409158, scale_pos_weight=9.370789907030293, subsample=0.7185966981786218;, score=0.675 total time= 2.2min
[CV 2/3] END colsample_bytree=0.9364729179382041, gamma=3.661124432047806, learning_rate=0.17131222957228998, max_depth=9, n_estimators=497, reg_alpha=0.9805768001799882, reg_lambda=0.9033638126360249, scale_pos_weight=7.4666491911716335, subsample=0.8465876057284624;, score=0.633 total time= 3.2min
[CV 1/3] END colsample_bytree=0.9551695510287672, gamma=0.2255033861016159, learning_rate=0.03189351973582303, max_depth=11, n_estimators=439, reg_alpha=0.956415697559425, reg_lambda=0.7979893221433834, scale_pos_weight=3.5898265160181366, subsample=0.7942771144866227;, score=0.678 total time= 5.6min
[CV 1/3] END colsample_bytree=0.9093397102499209, gamma=0.6422435904659568, learning_rate=0.06666858965311633, max_depth=9, n_estimators=373, reg_alpha=0.4322407838925123, reg_lambda=0.8401215027412188, scale_pos_weight=4.921512114451966, subsample=0.5897486617119168;, score=0.669 total time= 2.5min
[CV 2/3] END colsample_bytree=0.5768290190805563, gamma=2.268468173026413, learning_rate=0.11607087874565122, max_depth=9, n_estimators=480, reg_alpha=0.9118360349599111, reg_lambda=0.9675112636137777, scale_pos_weight=2.8545887467665434, subsample=0.7310486453828303;, score=0.650 total time= 2.9min
[CV 1/3] END colsample_bytree=0.5797723400565942, gamma=4.3589178329610085, learning_rate=0.05384279747160887, max_depth=9, n_estimators=537, reg_alpha=0.33689579177110685, reg_lambda=0.18211791568869928, scale_pos_weight=8.89698507142479, subsample=0.8293538877504381;, score=0.666 total time= 2.4min
[CV 1/3] END colsample_bytree=0.9341356402566293, gamma=1.0292060501838414, learning_rate=0.03238392387954558, max_depth=4, n_estimators=429, reg_alpha=0.12297080852962672, reg_lambda=0.2311309124276466, scale_pos_weight=1.5169683724152696, subsample=0.8200014834184568;, score=0.687 total time=  58.6s
[CV 1/3] END colsample_bytree=0.5780819223960869, gamma=1.1728064666741433, learning_rate=0.20266936656407983, max_depth=4, n_estimators=492, reg_alpha=0.8381152896481102, reg_lambda=0.9446142194740232, scale_pos_weight=7.832480282896459, subsample=0.7485873820042137;, score=0.677 total time= 1.1min
[CV 1/3] END colsample_bytree=0.7177916574064664, gamma=4.089171080875108, learning_rate=0.03404181107412169, max_depth=8, n_estimators=388, reg_alpha=0.32838122788508106, reg_lambda=0.6302087483291442, scale_pos_weight=7.098318054986946, subsample=0.7817194636742294;, score=0.685 total time= 2.1min
[CV 2/3] END colsample_bytree=0.5926142232737048, gamma=4.5887624458568865, learning_rate=0.09490548503927237, max_depth=8, n_estimators=562, reg_alpha=0.8157486435042809, reg_lambda=0.3735096830383876, scale_pos_weight=6.26499194153781, subsample=0.5561521722056095;, score=0.649 total time= 2.8min
[CV 2/3] END colsample_bytree=0.8774189099704239, gamma=0.8523896908695877, learning_rate=0.09189557060104078, max_depth=11, n_estimators=354, reg_alpha=0.7561633288952461, reg_lambda=0.3475715242389821, scale_pos_weight=7.64911724487218, subsample=0.8977249803948646;, score=0.640 total time= 4.0min
[CV 1/3] END colsample_bytree=0.6559080665426298, gamma=2.5307093142012205, learning_rate=0.09790233772658202, max_depth=14, n_estimators=459, reg_alpha=0.2160381825095996, reg_lambda=0.6195879548978296, scale_pos_weight=7.502010923981533, subsample=0.576012426564324;, score=0.635 total time= 5.6min
[CV 3/3] END colsample_bytree=0.7529263464759145, gamma=4.203515140056, learning_rate=0.15656030895325013, max_depth=13, n_estimators=488, reg_alpha=0.7434237860766093, reg_lambda=0.611940505337331, scale_pos_weight=2.0593071255849296, subsample=0.5757846857938368;, score=0.644 total time= 2.4min
[CV 2/3] END colsample_bytree=0.5035331526098588, gamma=0.11531212520707879, learning_rate=0.11495493205167782, max_depth=12, n_estimators=487, reg_alpha=0.3663618432936917, reg_lambda=0.45606998421703593, scale_pos_weight=8.851759613930136, subsample=0.5998368910791798;, score=0.620 total time= 6.5min
[CV 3/3] END colsample_bytree=0.8155693129986314, gamma=3.974056517708242, learning_rate=0.11052741862103842, max_depth=14, n_estimators=446, reg_alpha=0.5720041992091831, reg_lambda=0.768554014306309, scale_pos_weight=1.4360377175443375, subsample=0.9972752553986706;, score=0.672 total time= 1.5min
[CV 2/3] END colsample_bytree=0.848507870497634, gamma=3.5124204199355464, learning_rate=0.08189823024395103, max_depth=12, n_estimators=546, reg_alpha=0.4197808564462765, reg_lambda=0.25620694359445806, scale_pos_weight=7.115137108656805, subsample=0.5407970902001202;, score=0.631 total time= 6.6min
[CV 3/3] END colsample_bytree=0.87618726471884, gamma=3.9578952186292424, learning_rate=0.1679236285589108, max_depth=7, n_estimators=341, reg_alpha=0.9742482085344102, reg_lambda=0.9959312420303291, scale_pos_weight=1.5587115467735004, subsample=0.8685177783955045;, score=0.672 total time= 1.1min
[CV 3/3] END colsample_bytree=0.718167915803278, gamma=4.01054624513367, learning_rate=0.20558013375085418, max_depth=7, n_estimators=379, reg_alpha=0.5277011090862999, reg_lambda=0.9929647961193003, scale_pos_weight=1.7379656473539886, subsample=0.7769271422006604;, score=0.657 total time= 1.4min
[CV 2/3] END colsample_bytree=0.6964947244894295, gamma=4.1458211035325725, learning_rate=0.12381629383314953, max_depth=3, n_estimators=397, reg_alpha=0.03682186763599138, reg_lambda=0.1338521188006332, scale_pos_weight=1.1367196482699728, subsample=0.5376795301762312;, score=0.681 total time=  35.7s
[CV 1/3] END colsample_bytree=0.7949588434273165, gamma=1.9612202254986615, learning_rate=0.09749498440474581, max_depth=4, n_estimators=548, reg_alpha=0.5139894891598108, reg_lambda=0.7836530127411431, scale_pos_weight=4.965427823212702, subsample=0.8110433501139367;, score=0.687 total time= 1.1min
[CV 1/3] END colsample_bytree=0.6650497566550777, gamma=1.6079138234001449, learning_rate=0.028458117245749218, max_depth=11, n_estimators=513, reg_alpha=0.08175903194887191, reg_lambda=0.8735786241067772, scale_pos_weight=10.208724005318132, subsample=0.5305389799274318;, score=0.661 total time= 5.4min
[CV 1/3] END colsample_bytree=0.9139704435887459, gamma=3.7525096238265676, learning_rate=0.16990742618390314, max_depth=5, n_estimators=512, reg_alpha=0.1864049867881441, reg_lambda=0.23569174606499976, scale_pos_weight=7.337585637201773, subsample=0.953933065231258;, score=0.673 total time= 1.0min
[CV 2/3] END colsample_bytree=0.6894107827784579, gamma=2.2850010964083918, learning_rate=0.1307915744145025, max_depth=10, n_estimators=560, reg_alpha=0.4863574819956078, reg_lambda=0.4089551770854932, scale_pos_weight=8.71881980598245, subsample=0.5061015361590222;, score=0.619 total time= 3.9min
[CV 3/3] END colsample_bytree=0.5497206963796726, gamma=1.2158609549972703, learning_rate=0.15445338637113185, max_depth=10, n_estimators=464, reg_alpha=0.14108184877771357, reg_lambda=0.406392308273522, scale_pos_weight=4.239900611067997, subsample=0.5434625074751747;, score=0.629 total time= 3.7min
[CV 3/3] END colsample_bytree=0.7477456581030992, gamma=3.44201198213868, learning_rate=0.09696546772074925, max_depth=9, n_estimators=590, reg_alpha=0.8191023176741997, reg_lambda=0.7994158789689793, scale_pos_weight=7.946964708544268, subsample=0.6360725686149813;, score=0.646 total time= 3.9min
[CV 3/3] END colsample_bytree=0.7009654568046211, gamma=2.3993781015195443, learning_rate=0.13550109264367402, max_depth=10, n_estimators=535, reg_alpha=0.9840834691992951, reg_lambda=0.7682734138645182, scale_pos_weight=5.177667821673338, subsample=0.710678501138535;, score=0.643 total time= 4.5min
[CV 1/3] END colsample_bytree=0.580200052665036, gamma=1.6700443937261893, learning_rate=0.057738006260203506, max_depth=7, n_estimators=469, reg_alpha=0.105834093828584, reg_lambda=0.6989907380395877, scale_pos_weight=2.892215397850059, subsample=0.9408185663851751;, score=0.685 total time= 1.9min
[CV 3/3] END colsample_bytree=0.9093397102499209, gamma=0.6422435904659568, learning_rate=0.06666858965311633, max_depth=9, n_estimators=373, reg_alpha=0.4322407838925123, reg_lambda=0.8401215027412188, scale_pos_weight=4.921512114451966, subsample=0.5897486617119168;, score=0.669 total time= 2.6min
[CV 3/3] END colsample_bytree=0.5768290190805563, gamma=2.268468173026413, learning_rate=0.11607087874565122, max_depth=9, n_estimators=480, reg_alpha=0.9118360349599111, reg_lambda=0.9675112636137777, scale_pos_weight=2.8545887467665434, subsample=0.7310486453828303;, score=0.656 total time= 2.8min
[CV 2/3] END colsample_bytree=0.5797723400565942, gamma=4.3589178329610085, learning_rate=0.05384279747160887, max_depth=9, n_estimators=537, reg_alpha=0.33689579177110685, reg_lambda=0.18211791568869928, scale_pos_weight=8.89698507142479, subsample=0.8293538877504381;, score=0.660 total time= 2.6min
[CV 1/3] END colsample_bytree=0.5024699904672048, gamma=4.759058927116195, learning_rate=0.13782398756310008, max_depth=11, n_estimators=338, reg_alpha=0.4547398556338591, reg_lambda=0.5155960285792502, scale_pos_weight=5.888465802569202, subsample=0.8334321287730522;, score=0.645 total time= 2.2min
[CV 1/3] END colsample_bytree=0.6902098521163988, gamma=2.742498608257384, learning_rate=0.12929709499708433, max_depth=3, n_estimators=590, reg_alpha=0.22726962726315147, reg_lambda=0.07319592376844364, scale_pos_weight=7.034485933813779, subsample=0.8341063992775082;, score=0.685 total time=  54.4s
[CV 3/3] END colsample_bytree=0.6217411482881496, gamma=4.635172723981533, learning_rate=0.02205347805791217, max_depth=7, n_estimators=440, reg_alpha=0.3516226872396344, reg_lambda=0.10142082844921652, scale_pos_weight=5.858717591863257, subsample=0.6283882838602539;, score=0.688 total time= 1.8min
[CV 3/3] END colsample_bytree=0.5708871967635509, gamma=1.372701270000627, learning_rate=0.12940938337913835, max_depth=4, n_estimators=341, reg_alpha=0.42819961492561476, reg_lambda=0.7175977656581762, scale_pos_weight=7.924361513243697, subsample=0.9956279968510942;, score=0.687 total time=  57.6s
[CV 2/3] END colsample_bytree=0.820084111914083, gamma=1.3557371825009241, learning_rate=0.12856239833068456, max_depth=5, n_estimators=599, reg_alpha=0.3243337531153756, reg_lambda=0.33300191305819793, scale_pos_weight=7.694869551981901, subsample=0.9970696806105838;, score=0.672 total time= 1.5min
[CV 2/3] END colsample_bytree=0.760478988636021, gamma=3.1179284400137988, learning_rate=0.027824886423203327, max_depth=9, n_estimators=587, reg_alpha=0.12771348363523483, reg_lambda=0.8260676302525284, scale_pos_weight=8.820280876703858, subsample=0.8543723488714883;, score=0.673 total time= 3.7min
[CV 2/3] END colsample_bytree=0.5306748135553341, gamma=3.9038079303421993, learning_rate=0.10196008475386403, max_depth=4, n_estimators=566, reg_alpha=0.754253544343863, reg_lambda=0.6194977514075877, scale_pos_weight=3.973550482368389, subsample=0.7151685887544605;, score=0.680 total time=  59.2s
[CV 2/3] END colsample_bytree=0.8270378976859991, gamma=1.7711812022238727, learning_rate=0.115100924393728, max_depth=8, n_estimators=313, reg_alpha=0.1768871451438544, reg_lambda=0.3870787603356308, scale_pos_weight=10.63822275482351, subsample=0.624290128857471;, score=0.649 total time= 1.2min
[CV 1/3] END colsample_bytree=0.8183348410836037, gamma=3.069667923800309, learning_rate=0.023330408112137994, max_depth=10, n_estimators=472, reg_alpha=0.15016900081704165, reg_lambda=0.7374337687214856, scale_pos_weight=6.122219208126745, subsample=0.8401138896041767;, score=0.681 total time= 4.2min
[CV 1/3] END colsample_bytree=0.6876299522213332, gamma=2.6934783367151955, learning_rate=0.11483183414523244, max_depth=12, n_estimators=389, reg_alpha=0.8399639802821826, reg_lambda=0.8326804693470432, scale_pos_weight=1.110316142624658, subsample=0.8747727422344441;, score=0.667 total time= 1.8min
[CV 2/3] END colsample_bytree=0.954660201039391, gamma=1.2938999080000846, learning_rate=0.1425044568707964, max_depth=4, n_estimators=353, reg_alpha=0.5467102793432796, reg_lambda=0.18485445552552704, scale_pos_weight=10.695846277645586, subsample=0.8875664116805573;, score=0.679 total time=  42.7s
[CV 1/3] END colsample_bytree=0.6974407590877849, gamma=1.4674408735901907, learning_rate=0.012815964543016891, max_depth=5, n_estimators=380, reg_alpha=0.71134195274865, reg_lambda=0.7901755405312056, scale_pos_weight=7.059599747810114, subsample=0.9631504392566745;, score=0.683 total time= 1.1min
[CV 1/3] END colsample_bytree=0.9040601897822085, gamma=3.1670187825521174, learning_rate=0.18429211803754356, max_depth=14, n_estimators=407, reg_alpha=0.18657005888603584, reg_lambda=0.8925589984899778, scale_pos_weight=6.393422419156507, subsample=0.9037200775820313;, score=0.638 total time= 2.7min
[CV 1/3] END colsample_bytree=0.8387821809211412, gamma=0.08293914463928076, learning_rate=0.1124186116598562, max_depth=5, n_estimators=447, reg_alpha=0.6451727904094499, reg_lambda=0.17436642900499144, scale_pos_weight=7.90937738102466, subsample=0.6933676731502687;, score=0.678 total time=  52.7s
[CV 3/3] END colsample_bytree=0.6746047873063304, gamma=3.629778394351197, learning_rate=0.18942205199051543, max_depth=10, n_estimators=353, reg_alpha=0.7798755458576239, reg_lambda=0.6420316461542878, scale_pos_weight=1.8413996499504883, subsample=0.5808143570473069;, score=0.637 total time= 2.1min
[CV 3/3] END colsample_bytree=0.7349722569954715, gamma=1.3978017089837929, learning_rate=0.18669880445325182, max_depth=14, n_estimators=532, reg_alpha=0.9530718470239532, reg_lambda=0.3307503046705137, scale_pos_weight=6.527649668354899, subsample=0.7861462345854191;, score=0.632 total time= 4.3min
[CV 3/3] END colsample_bytree=0.9277302920055036, gamma=3.5182892969001185, learning_rate=0.10483476581746504, max_depth=12, n_estimators=338, reg_alpha=0.3463043210894008, reg_lambda=0.4646738129396114, scale_pos_weight=7.497736826427634, subsample=0.5240294620985169;, score=0.626 total time= 4.1min
[CV 3/3] END colsample_bytree=0.9846512678095495, gamma=2.615489220850744, learning_rate=0.13587972762705253, max_depth=3, n_estimators=353, reg_alpha=0.5843143119231002, reg_lambda=0.901158010490989, scale_pos_weight=1.4544638034145787, subsample=0.6404815947961151;, score=0.687 total time=  35.9s
[CV 3/3] END colsample_bytree=0.9752057420382794, gamma=4.4513189194545815, learning_rate=0.10113135055714259, max_depth=14, n_estimators=307, reg_alpha=0.16967990389556553, reg_lambda=0.6468483616687238, scale_pos_weight=4.882683839898721, subsample=0.6146973728524748;, score=0.648 total time= 3.3min
[CV 2/3] END colsample_bytree=0.6637486760889573, gamma=0.5988106590962561, learning_rate=0.18810545614797902, max_depth=6, n_estimators=324, reg_alpha=0.6791023191444896, reg_lambda=0.7891712386073383, scale_pos_weight=5.984421989290572, subsample=0.5434601440437119;, score=0.657 total time=  57.3s
[CV 2/3] END colsample_bytree=0.9254087589180731, gamma=0.43943812270071936, learning_rate=0.1711729773482287, max_depth=10, n_estimators=436, reg_alpha=0.08023374566164221, reg_lambda=0.5245113895702547, scale_pos_weight=5.103968269896615, subsample=0.9911893084543032;, score=0.629 total time= 3.1min
[CV 1/3] END colsample_bytree=0.9664690335499773, gamma=4.954647382286953, learning_rate=0.051000362010647456, max_depth=5, n_estimators=334, reg_alpha=0.9264494235897112, reg_lambda=0.7215965507512772, scale_pos_weight=1.480946439640877, subsample=0.8907572408757074;, score=0.688 total time=  48.4s
[CV 3/3] END colsample_bytree=0.7193723376941695, gamma=2.8874313545306283, learning_rate=0.08107249036367917, max_depth=9, n_estimators=403, reg_alpha=0.22902539092479635, reg_lambda=0.5428493106134089, scale_pos_weight=5.315281431364426, subsample=0.6664078929562421;, score=0.661 total time= 2.5min
[CV 3/3] END colsample_bytree=0.8018607658650695, gamma=0.5713365002784387, learning_rate=0.09290091684072553, max_depth=12, n_estimators=374, reg_alpha=0.9229602317984849, reg_lambda=0.4657001223188132, scale_pos_weight=5.808369780890736, subsample=0.9592273624696506;, score=0.647 total time= 4.7min
[CV 3/3] END colsample_bytree=0.8660922892295312, gamma=1.2536533028079888, learning_rate=0.13661961267148953, max_depth=7, n_estimators=472, reg_alpha=0.8381069631782958, reg_lambda=0.4043815015490243, scale_pos_weight=8.709113770642706, subsample=0.7110180297753437;, score=0.657 total time= 1.8min
[CV 2/3] END colsample_bytree=0.7951153334345435, gamma=1.8048694847001339, learning_rate=0.028316414665326833, max_depth=13, n_estimators=316, reg_alpha=0.9502373538208024, reg_lambda=0.44600577295795574, scale_pos_weight=2.8513292883861965, subsample=0.770950473689179;, score=0.674 total time= 6.6min
[CV 3/3] END colsample_bytree=0.5457434186988774, gamma=4.387304313151902, learning_rate=0.06312000851774122, max_depth=14, n_estimators=328, reg_alpha=0.8887480798689772, reg_lambda=0.9556514982297534, scale_pos_weight=9.621276172654506, subsample=0.9047580373624391;, score=0.660 total time= 4.6min
[CV 3/3] END colsample_bytree=0.9822602361351043, gamma=3.800470392190486, learning_rate=0.09845975247618205, max_depth=13, n_estimators=556, reg_alpha=0.32074274043812745, reg_lambda=0.724422672614117, scale_pos_weight=8.458370120309644, subsample=0.6001795717743563;, score=0.636 total time= 5.0min
[CV 2/3] END colsample_bytree=0.7988617826279322, gamma=3.9647804730281577, learning_rate=0.14100186776642173, max_depth=5, n_estimators=485, reg_alpha=0.912363345616691, reg_lambda=0.21066218900566658, scale_pos_weight=7.229665835634828, subsample=0.8157801100462603;, score=0.673 total time= 1.0min
[CV 3/3] END colsample_bytree=0.9341356402566293, gamma=1.0292060501838414, learning_rate=0.03238392387954558, max_depth=4, n_estimators=429, reg_alpha=0.12297080852962672, reg_lambda=0.2311309124276466, scale_pos_weight=1.5169683724152696, subsample=0.8200014834184568;, score=0.687 total time= 1.0min
[CV 1/3] END colsample_bytree=0.8089236201006069, gamma=4.344524922393591, learning_rate=0.12412194932776593, max_depth=14, n_estimators=588, reg_alpha=0.6006095425462361, reg_lambda=0.9408753563380648, scale_pos_weight=9.268388837118774, subsample=0.8334857584954536;, score=0.642 total time= 3.4min
[CV 2/3] END colsample_bytree=0.9500115616990056, gamma=1.7671068965135905, learning_rate=0.05737411179489642, max_depth=7, n_estimators=367, reg_alpha=0.2748060355481361, reg_lambda=0.8226143185136784, scale_pos_weight=5.237382536487628, subsample=0.8337749496457352;, score=0.679 total time= 1.5min
[CV 1/3] END colsample_bytree=0.820084111914083, gamma=1.3557371825009241, learning_rate=0.12856239833068456, max_depth=5, n_estimators=599, reg_alpha=0.3243337531153756, reg_lambda=0.33300191305819793, scale_pos_weight=7.694869551981901, subsample=0.9970696806105838;, score=0.678 total time= 1.3min
[CV 3/3] END colsample_bytree=0.9635889097397263, gamma=1.1732104092772677, learning_rate=0.08986318316186163, max_depth=10, n_estimators=417, reg_alpha=0.9924835021583752, reg_lambda=0.9270009679242953, scale_pos_weight=6.399571302805596, subsample=0.9210166471882106;, score=0.655 total time= 3.7min
[CV 3/3] END colsample_bytree=0.6559080665426298, gamma=2.5307093142012205, learning_rate=0.09790233772658202, max_depth=14, n_estimators=459, reg_alpha=0.2160381825095996, reg_lambda=0.6195879548978296, scale_pos_weight=7.502010923981533, subsample=0.576012426564324;, score=0.638 total time= 5.2min
[CV 1/3] END colsample_bytree=0.6261205100866808, gamma=3.7752096437313916, learning_rate=0.102107899454828, max_depth=10, n_estimators=537, reg_alpha=0.7764474464997246, reg_lambda=0.6561618376810715, scale_pos_weight=2.774287694697069, subsample=0.7725134594484692;, score=0.662 total time= 3.0min
[CV 1/3] END colsample_bytree=0.5385291395671656, gamma=0.292754646219896, learning_rate=0.07684766373921216, max_depth=12, n_estimators=416, reg_alpha=0.7886149646724064, reg_lambda=0.5172690564416094, scale_pos_weight=5.401989979554905, subsample=0.5737262633531419;, score=0.639 total time= 6.0min
[CV 1/3] END colsample_bytree=0.9697494707820946, gamma=4.474136752138244, learning_rate=0.12957999576221704, max_depth=10, n_estimators=514, reg_alpha=0.5208342600258237, reg_lambda=0.9611720243493491, scale_pos_weight=9.445338486781514, subsample=0.8736600550686904;, score=0.641 total time= 3.5min
[CV 3/3] END colsample_bytree=0.9928252270553004, gamma=1.2102763575575022, learning_rate=0.14442710948117574, max_depth=13, n_estimators=483, reg_alpha=0.23763754399239967, reg_lambda=0.7282163486118596, scale_pos_weight=4.677831327192532, subsample=0.8161529152967897;, score=0.642 total time= 4.3min
[CV 2/3] END colsample_bytree=0.8480148983374864, gamma=2.8503058504468246, learning_rate=0.02943529875415371, max_depth=8, n_estimators=450, reg_alpha=0.14008401523652403, reg_lambda=0.5183296523637367, scale_pos_weight=9.773730719279554, subsample=0.8703843088771022;, score=0.679 total time= 2.5min
[CV 1/3] END colsample_bytree=0.789140070498087, gamma=0.17971136898371043, learning_rate=0.10311960362649203, max_depth=8, n_estimators=357, reg_alpha=0.03050024993904943, reg_lambda=0.03734818874921442, scale_pos_weight=9.226005606596583, subsample=0.6800953207056315;, score=0.660 total time= 1.6min
[CV 1/3] END colsample_bytree=0.9745728657956929, gamma=4.433401936490238, learning_rate=0.062178724668342795, max_depth=12, n_estimators=549, reg_alpha=0.933436308079483, reg_lambda=0.5010398839152592, scale_pos_weight=6.393774484000625, subsample=0.8419818846990705;, score=0.660 total time= 4.7min
[CV 2/3] END colsample_bytree=0.9752057420382794, gamma=4.4513189194545815, learning_rate=0.10113135055714259, max_depth=14, n_estimators=307, reg_alpha=0.16967990389556553, reg_lambda=0.6468483616687238, scale_pos_weight=4.882683839898721, subsample=0.6146973728524748;, score=0.640 total time= 3.5min
[CV 3/3] END colsample_bytree=0.6637486760889573, gamma=0.5988106590962561, learning_rate=0.18810545614797902, max_depth=6, n_estimators=324, reg_alpha=0.6791023191444896, reg_lambda=0.7891712386073383, scale_pos_weight=5.984421989290572, subsample=0.5434601440437119;, score=0.663 total time= 1.2min
[CV 2/3] END colsample_bytree=0.5560194510840262, gamma=1.9892779952287083, learning_rate=0.2038940866550738, max_depth=6, n_estimators=433, reg_alpha=0.9750671629451425, reg_lambda=0.49074877925878446, scale_pos_weight=8.228960966217757, subsample=0.9104307365766763;, score=0.655 total time= 1.3min
[CV 2/3] END colsample_bytree=0.8592286354182768, gamma=2.675183660224553, learning_rate=0.1053238968252824, max_depth=14, n_estimators=432, reg_alpha=0.18704374855752337, reg_lambda=0.3236792364042437, scale_pos_weight=5.254364386164168, subsample=0.7538051893422275;, score=0.640 total time= 4.1min
[CV 2/3] END colsample_bytree=0.5623313406016335, gamma=4.604209413086862, learning_rate=0.18397927241242568, max_depth=9, n_estimators=448, reg_alpha=0.37930569838554884, reg_lambda=0.7442496518432888, scale_pos_weight=3.055798083756375, subsample=0.8938949443572461;, score=0.653 total time= 1.2min
[CV 2/3] END colsample_bytree=0.7935341120682836, gamma=0.16423335121719174, learning_rate=0.19254989257582578, max_depth=8, n_estimators=451, reg_alpha=0.5776319540915472, reg_lambda=0.16551331742797382, scale_pos_weight=1.3387916024659499, subsample=0.6557365855663787;, score=0.635 total time= 2.1min
[CV 3/3] END colsample_bytree=0.6679329285749176, gamma=4.125536657113299, learning_rate=0.0826118424390181, max_depth=9, n_estimators=319, reg_alpha=0.624148907849134, reg_lambda=0.4094116521912404, scale_pos_weight=6.520471808519803, subsample=0.7180632645676583;, score=0.665 total time= 2.0min
[CV 2/3] END colsample_bytree=0.8660922892295312, gamma=1.2536533028079888, learning_rate=0.13661961267148953, max_depth=7, n_estimators=472, reg_alpha=0.8381069631782958, reg_lambda=0.4043815015490243, scale_pos_weight=8.709113770642706, subsample=0.7110180297753437;, score=0.651 total time= 1.7min
[CV 1/3] END colsample_bytree=0.7951153334345435, gamma=1.8048694847001339, learning_rate=0.028316414665326833, max_depth=13, n_estimators=316, reg_alpha=0.9502373538208024, reg_lambda=0.44600577295795574, scale_pos_weight=2.8513292883861965, subsample=0.770950473689179;, score=0.679 total time= 6.4min
[CV 3/3] END colsample_bytree=0.7455931704343133, gamma=4.9816788790336215, learning_rate=0.1894872296092408, max_depth=5, n_estimators=568, reg_alpha=0.22381761482262308, reg_lambda=0.5369744228934136, scale_pos_weight=6.929399348417031, subsample=0.7900431039189055;, score=0.668 total time= 1.3min
[CV 2/3] END colsample_bytree=0.580200052665036, gamma=1.6700443937261893, learning_rate=0.057738006260203506, max_depth=7, n_estimators=469, reg_alpha=0.105834093828584, reg_lambda=0.6989907380395877, scale_pos_weight=2.892215397850059, subsample=0.9408185663851751;, score=0.680 total time= 1.9min
[CV 2/3] END colsample_bytree=0.8768494170252596, gamma=3.9440349093537215, learning_rate=0.044750695061513364, max_depth=6, n_estimators=541, reg_alpha=0.947297888256338, reg_lambda=0.16637758693227234, scale_pos_weight=8.709842925321356, subsample=0.8542860023013147;, score=0.682 total time= 1.7min
[CV 2/3] END colsample_bytree=0.9822602361351043, gamma=3.800470392190486, learning_rate=0.09845975247618205, max_depth=13, n_estimators=556, reg_alpha=0.32074274043812745, reg_lambda=0.724422672614117, scale_pos_weight=8.458370120309644, subsample=0.6001795717743563;, score=0.635 total time= 5.0min
[CV 2/3] END colsample_bytree=0.6855193814923013, gamma=4.938247818680289, learning_rate=0.018021838282496497, max_depth=3, n_estimators=395, reg_alpha=0.5880583780900792, reg_lambda=0.029394445756507293, scale_pos_weight=4.955151698490153, subsample=0.8030943567805857;, score=0.676 total time=  43.8s
[CV 2/3] END colsample_bytree=0.6796253739581228, gamma=1.8967929496121188, learning_rate=0.1311076315289766, max_depth=7, n_estimators=503, reg_alpha=0.4746308757498139, reg_lambda=0.8441704489691971, scale_pos_weight=9.056701529500533, subsample=0.792677182198376;, score=0.654 total time= 1.9min
[CV 3/3] END colsample_bytree=0.788592618355874, gamma=1.7428683362098525, learning_rate=0.04185748904856103, max_depth=8, n_estimators=362, reg_alpha=0.9771741842213173, reg_lambda=0.4069079607228706, scale_pos_weight=9.707534503372592, subsample=0.8911927420291368;, score=0.683 total time= 1.9min
[CV 1/3] END colsample_bytree=0.6424364509809615, gamma=1.5364498246314329, learning_rate=0.1706051795665327, max_depth=5, n_estimators=435, reg_alpha=0.31130769915600365, reg_lambda=0.6103337833109184, scale_pos_weight=8.161506742231936, subsample=0.6363120003667668;, score=0.671 total time= 1.0min
[CV 1/3] END colsample_bytree=0.9500115616990056, gamma=1.7671068965135905, learning_rate=0.05737411179489642, max_depth=7, n_estimators=367, reg_alpha=0.2748060355481361, reg_lambda=0.8226143185136784, scale_pos_weight=5.237382536487628, subsample=0.8337749496457352;, score=0.683 total time= 1.4min
[CV 3/3] END colsample_bytree=0.5959336623593714, gamma=1.6168578105776037, learning_rate=0.05533128044539761, max_depth=11, n_estimators=495, reg_alpha=0.4424099364806695, reg_lambda=0.831863113251422, scale_pos_weight=7.696026161339619, subsample=0.5349658028547171;, score=0.646 total time= 4.9min
[CV 2/3] END colsample_bytree=0.6837672111457658, gamma=0.34086154692746784, learning_rate=0.015162381389897398, max_depth=11, n_estimators=378, reg_alpha=0.9631151115891738, reg_lambda=0.549529535895017, scale_pos_weight=10.6582216115322, subsample=0.7162489391650659;, score=0.673 total time= 4.2min
[CV 2/3] END colsample_bytree=0.8379911377931777, gamma=2.4802391933994326, learning_rate=0.012542977997378704, max_depth=7, n_estimators=421, reg_alpha=0.8159469389686173, reg_lambda=0.861369996363436, scale_pos_weight=9.465143386902781, subsample=0.9594632668197772;, score=0.682 total time= 2.2min
[CV 1/3] END colsample_bytree=0.9407253898375108, gamma=1.389510486244339, learning_rate=0.048790773453554974, max_depth=12, n_estimators=309, reg_alpha=0.7423480505725092, reg_lambda=0.8151183844803679, scale_pos_weight=7.149782403411324, subsample=0.8439420549399576;, score=0.662 total time= 5.1min
[CV 2/3] END colsample_bytree=0.7698460661945399, gamma=2.9337558283192413, learning_rate=0.2030510614528276, max_depth=14, n_estimators=340, reg_alpha=0.2962735057040824, reg_lambda=0.1652669390630025, scale_pos_weight=1.1563640674119393, subsample=0.7117007403531848;, score=0.641 total time= 1.6min
[CV 2/3] END colsample_bytree=0.5696657272029378, gamma=3.0220868963890863, learning_rate=0.11796821826033463, max_depth=6, n_estimators=312, reg_alpha=0.07697990982879299, reg_lambda=0.289751452913768, scale_pos_weight=2.612212872540044, subsample=0.9648488261712865;, score=0.678 total time=  59.4s
[CV 1/3] END colsample_bytree=0.9480456499617467, gamma=1.5900173748593194, learning_rate=0.03201038490553535, max_depth=11, n_estimators=582, reg_alpha=0.4271077886262563, reg_lambda=0.8180147659224931, scale_pos_weight=9.607305832563434, subsample=0.5034760652655954;, score=0.657 total time= 5.5min
[CV 1/3] END colsample_bytree=0.5025924313869934, gamma=3.13947207474318, learning_rate=0.04885479070240845, max_depth=10, n_estimators=441, reg_alpha=0.8900053418175663, reg_lambda=0.3379951568515358, scale_pos_weight=4.75582952639944, subsample=0.5469909699204345;, score=0.666 total time= 3.7min
[CV 2/3] END colsample_bytree=0.9745728657956929, gamma=4.433401936490238, learning_rate=0.062178724668342795, max_depth=12, n_estimators=549, reg_alpha=0.933436308079483, reg_lambda=0.5010398839152592, scale_pos_weight=6.393774484000625, subsample=0.8419818846990705;, score=0.656 total time= 4.8min
[CV 1/3] END colsample_bytree=0.6329689624821195, gamma=1.8017254760263413, learning_rate=0.06198997257085254, max_depth=13, n_estimators=444, reg_alpha=0.2797635071689457, reg_lambda=0.41120672087218624, scale_pos_weight=7.027818820232985, subsample=0.6354788212575649;, score=0.640 total time= 6.6min
[CV 2/3] END colsample_bytree=0.5013554497071648, gamma=0.5834803207084066, learning_rate=0.10463324021037844, max_depth=8, n_estimators=393, reg_alpha=0.10669925011343606, reg_lambda=0.8507274600164547, scale_pos_weight=8.459745255487181, subsample=0.7042591464679584;, score=0.655 total time= 1.6min
[CV 3/3] END colsample_bytree=0.8652745684046508, gamma=3.4685880370166924, learning_rate=0.043346151998676634, max_depth=3, n_estimators=530, reg_alpha=0.5731508492573887, reg_lambda=0.9976926159238433, scale_pos_weight=8.524031200388226, subsample=0.8534902306217296;, score=0.686 total time=  57.8s
[CV 3/3] END colsample_bytree=0.7964814526294108, gamma=0.511063321125998, learning_rate=0.19375010445214932, max_depth=7, n_estimators=592, reg_alpha=0.7072386343133986, reg_lambda=0.15253904291426135, scale_pos_weight=6.762883601668132, subsample=0.803357523191428;, score=0.645 total time= 2.2min
[CV 3/3] END colsample_bytree=0.8902478537730438, gamma=1.3879358631470906, learning_rate=0.05401944281621942, max_depth=4, n_estimators=348, reg_alpha=0.17803596686975143, reg_lambda=0.9610703174694551, scale_pos_weight=2.4866272775311296, subsample=0.7073120618635118;, score=0.688 total time=  42.1s
[CV 1/3] END colsample_bytree=0.8219997716195079, gamma=2.043670855490482, learning_rate=0.015077271132068974, max_depth=14, n_estimators=587, reg_alpha=0.7159722288473975, reg_lambda=0.6589239419101514, scale_pos_weight=1.270959925034835, subsample=0.6109860809664747;, score=0.683 total time=11.3min
[CV 1/3] END colsample_bytree=0.5457434186988774, gamma=4.387304313151902, learning_rate=0.06312000851774122, max_depth=14, n_estimators=328, reg_alpha=0.8887480798689772, reg_lambda=0.9556514982297534, scale_pos_weight=9.621276172654506, subsample=0.9047580373624391;, score=0.659 total time= 5.0min
[CV 3/3] END colsample_bytree=0.9340614067452655, gamma=3.5746202010112382, learning_rate=0.12255005726867653, max_depth=14, n_estimators=507, reg_alpha=0.5432328057899581, reg_lambda=0.15924573827926447, scale_pos_weight=3.037012492762742, subsample=0.5455822452030958;, score=0.643 total time= 3.5min
[CV 3/3] END colsample_bytree=0.5797723400565942, gamma=4.3589178329610085, learning_rate=0.05384279747160887, max_depth=9, n_estimators=537, reg_alpha=0.33689579177110685, reg_lambda=0.18211791568869928, scale_pos_weight=8.89698507142479, subsample=0.8293538877504381;, score=0.668 total time= 2.9min
[CV 3/3] END colsample_bytree=0.5698256273781565, gamma=0.14986794936338976, learning_rate=0.07158598831823819, max_depth=4, n_estimators=533, reg_alpha=0.7328989183413418, reg_lambda=0.1623818946623209, scale_pos_weight=2.8834908376560144, subsample=0.8654147374354382;, score=0.688 total time= 1.2min
[CV 3/3] END colsample_bytree=0.7835081304933339, gamma=3.6922460462566327, learning_rate=0.1857031122602696, max_depth=8, n_estimators=431, reg_alpha=0.6675933855635847, reg_lambda=0.8078459419412586, scale_pos_weight=8.622851347766158, subsample=0.8989068244293172;, score=0.645 total time= 1.8min
[CV 3/3] END colsample_bytree=0.6424364509809615, gamma=1.5364498246314329, learning_rate=0.1706051795665327, max_depth=5, n_estimators=435, reg_alpha=0.31130769915600365, reg_lambda=0.6103337833109184, scale_pos_weight=8.161506742231936, subsample=0.6363120003667668;, score=0.671 total time= 1.0min
[CV 3/3] END colsample_bytree=0.9500115616990056, gamma=1.7671068965135905, learning_rate=0.05737411179489642, max_depth=7, n_estimators=367, reg_alpha=0.2748060355481361, reg_lambda=0.8226143185136784, scale_pos_weight=5.237382536487628, subsample=0.8337749496457352;, score=0.685 total time= 1.5min
[CV 3/3] END colsample_bytree=0.820084111914083, gamma=1.3557371825009241, learning_rate=0.12856239833068456, max_depth=5, n_estimators=599, reg_alpha=0.3243337531153756, reg_lambda=0.33300191305819793, scale_pos_weight=7.694869551981901, subsample=0.9970696806105838;, score=0.678 total time= 1.5min
[CV 3/3] END colsample_bytree=0.760478988636021, gamma=3.1179284400137988, learning_rate=0.027824886423203327, max_depth=9, n_estimators=587, reg_alpha=0.12771348363523483, reg_lambda=0.8260676302525284, scale_pos_weight=8.820280876703858, subsample=0.8543723488714883;, score=0.680 total time= 3.8min
[CV 3/3] END colsample_bytree=0.5306748135553341, gamma=3.9038079303421993, learning_rate=0.10196008475386403, max_depth=4, n_estimators=566, reg_alpha=0.754253544343863, reg_lambda=0.6194977514075877, scale_pos_weight=3.973550482368389, subsample=0.7151685887544605;, score=0.686 total time= 1.0min
[CV 2/3] END colsample_bytree=0.5669018681397444, gamma=2.0929031081196765, learning_rate=0.16806754717202965, max_depth=7, n_estimators=437, reg_alpha=0.6809748272382445, reg_lambda=0.1896948481746772, scale_pos_weight=7.189481930077215, subsample=0.6617501974557369;, score=0.645 total time= 1.4min
[CV 2/3] END colsample_bytree=0.995794204435137, gamma=4.853749788353351, learning_rate=0.19846307793463858, max_depth=5, n_estimators=327, reg_alpha=0.3548413602568904, reg_lambda=0.4121309302627716, scale_pos_weight=6.4961604371892445, subsample=0.9152672282024199;, score=0.670 total time=  51.5s
[CV 3/3] END colsample_bytree=0.5626167852164136, gamma=2.3716805495310695, learning_rate=0.032791326942863436, max_depth=7, n_estimators=459, reg_alpha=0.7480731794295321, reg_lambda=0.8117697880901376, scale_pos_weight=7.564786073315027, subsample=0.5640478731831;, score=0.687 total time= 1.8min
[CV 3/3] END colsample_bytree=0.992334869762254, gamma=4.6869403324855945, learning_rate=0.018634747159402335, max_depth=4, n_estimators=557, reg_alpha=0.1317287734545619, reg_lambda=0.7259799099852955, scale_pos_weight=9.17785329856945, subsample=0.606755683155336;, score=0.686 total time= 1.4min
[CV 2/3] END colsample_bytree=0.8793381950555024, gamma=3.391894114275709, learning_rate=0.16125293157829054, max_depth=9, n_estimators=369, reg_alpha=0.8766507618282006, reg_lambda=0.9963343376272473, scale_pos_weight=4.683095305068483, subsample=0.7243053154772713;, score=0.638 total time= 2.8min
[CV 3/3] END colsample_bytree=0.6493627867943865, gamma=4.703396225576703, learning_rate=0.061859351773154755, max_depth=12, n_estimators=368, reg_alpha=0.8419335667918086, reg_lambda=0.18610141784627732, scale_pos_weight=9.026433097957105, subsample=0.7290934433689463;, score=0.649 total time= 5.0min
[CV 1/3] END colsample_bytree=0.5035331526098588, gamma=0.11531212520707879, learning_rate=0.11495493205167782, max_depth=12, n_estimators=487, reg_alpha=0.3663618432936917, reg_lambda=0.45606998421703593, scale_pos_weight=8.851759613930136, subsample=0.5998368910791798;, score=0.625 total time= 6.1min
[CV 3/3] END colsample_bytree=0.8604699621260646, gamma=1.540303959261946, learning_rate=0.11850804611097986, max_depth=13, n_estimators=321, reg_alpha=0.24398964337908358, reg_lambda=0.9730105547524456, scale_pos_weight=4.930977246667604, subsample=0.9460232775885566;, score=0.649 total time= 4.4min
[CV 2/3] END colsample_bytree=0.7703175608050532, gamma=3.187149507491033, learning_rate=0.15521826674453232, max_depth=4, n_estimators=423, reg_alpha=0.7145951041799521, reg_lambda=0.04106751676787579, scale_pos_weight=4.988209014447945, subsample=0.716760368790371;, score=0.677 total time= 1.1min
[CV 1/3] END colsample_bytree=0.9277302920055036, gamma=3.5182892969001185, learning_rate=0.10483476581746504, max_depth=12, n_estimators=338, reg_alpha=0.3463043210894008, reg_lambda=0.4646738129396114, scale_pos_weight=7.497736826427634, subsample=0.5240294620985169;, score=0.629 total time= 3.8min
[CV 1/3] END colsample_bytree=0.7121110046234882, gamma=4.53177192547368, learning_rate=0.03223949646123027, max_depth=5, n_estimators=472, reg_alpha=0.011353644767419069, reg_lambda=0.46866064199412627, scale_pos_weight=1.5630327568183735, subsample=0.559408958134036;, score=0.688 total time= 1.3min
[CV 3/3] END colsample_bytree=0.6329689624821195, gamma=1.8017254760263413, learning_rate=0.06198997257085254, max_depth=13, n_estimators=444, reg_alpha=0.2797635071689457, reg_lambda=0.41120672087218624, scale_pos_weight=7.027818820232985, subsample=0.6354788212575649;, score=0.639 total time= 6.2min
[CV 3/3] END colsample_bytree=0.6846152407549481, gamma=2.2713398610954982, learning_rate=0.11972062358763064, max_depth=12, n_estimators=471, reg_alpha=0.20173046233023584, reg_lambda=0.6845715478798333, scale_pos_weight=1.878681112426568, subsample=0.5694123867210101;, score=0.646 total time= 3.4min
[CV 2/3] END colsample_bytree=0.712065335651193, gamma=3.6822211781236143, learning_rate=0.19687340295380298, max_depth=8, n_estimators=566, reg_alpha=0.4508393714041321, reg_lambda=0.11323804584075525, scale_pos_weight=10.848411989623346, subsample=0.919449043222967;, score=0.625 total time= 2.3min
[CV 3/3] END colsample_bytree=0.720381373469114, gamma=2.00381530437663, learning_rate=0.12192806626164358, max_depth=6, n_estimators=563, reg_alpha=0.8617856210135173, reg_lambda=0.9461154621336327, scale_pos_weight=4.7330931627975295, subsample=0.6353723365717769;, score=0.670 total time= 1.5min
[CV 1/3] END colsample_bytree=0.7126067522346167, gamma=0.11234654160058699, learning_rate=0.06373547187698922, max_depth=10, n_estimators=536, reg_alpha=0.40255004359698054, reg_lambda=0.2180231074940865, scale_pos_weight=7.450541677693295, subsample=0.7108519672766409;, score=0.651 total time= 4.2min
[CV 2/3] END colsample_bytree=0.8222733253129111, gamma=3.2508367522161405, learning_rate=0.08293944989146117, max_depth=14, n_estimators=487, reg_alpha=0.48106188384408644, reg_lambda=0.8849983565232811, scale_pos_weight=6.302651326349002, subsample=0.7205160808740808;, score=0.648 total time= 5.4min
[CV 2/3] END colsample_bytree=0.7455931704343133, gamma=4.9816788790336215, learning_rate=0.1894872296092408, max_depth=5, n_estimators=568, reg_alpha=0.22381761482262308, reg_lambda=0.5369744228934136, scale_pos_weight=6.929399348417031, subsample=0.7900431039189055;, score=0.664 total time= 1.3min
[CV 1/3] END colsample_bytree=0.785659470959787, gamma=3.310560050532823, learning_rate=0.11875578159947985, max_depth=3, n_estimators=561, reg_alpha=0.5212603121804149, reg_lambda=0.8681608040515469, scale_pos_weight=3.4528553225533454, subsample=0.578670329851263;, score=0.685 total time= 1.2min
[CV 2/3] END colsample_bytree=0.9806576440924537, gamma=2.327350043849918, learning_rate=0.18581429604562635, max_depth=12, n_estimators=459, reg_alpha=0.3351188542591419, reg_lambda=0.7435082562916078, scale_pos_weight=2.607598960483082, subsample=0.9089835120595311;, score=0.644 total time= 2.2min
[CV 2/3] END colsample_bytree=0.7342697083842922, gamma=4.721518174789149, learning_rate=0.0304387239387438, max_depth=11, n_estimators=338, reg_alpha=0.5270240962118621, reg_lambda=0.8259207657998966, scale_pos_weight=3.983744309899926, subsample=0.9199735823362359;, score=0.676 total time= 3.6min
[CV 3/3] END colsample_bytree=0.8545302597254583, gamma=4.354845618730428, learning_rate=0.15281738642648557, max_depth=6, n_estimators=410, reg_alpha=0.8148251137465122, reg_lambda=0.08011484638467514, scale_pos_weight=9.948166560605276, subsample=0.7737961880768681;, score=0.666 total time= 1.1min
[CV 3/3] END colsample_bytree=0.8401141212156457, gamma=0.3609920448958792, learning_rate=0.016130500441161214, max_depth=3, n_estimators=512, reg_alpha=0.727169069766308, reg_lambda=0.742706521199981, scale_pos_weight=5.2549333444807536, subsample=0.6729674962734815;, score=0.681 total time=  44.7s
[CV 1/3] END colsample_bytree=0.7461389282240174, gamma=1.2361553720158853, learning_rate=0.1841499802545023, max_depth=10, n_estimators=530, reg_alpha=0.3592333693997657, reg_lambda=0.5929508514349274, scale_pos_weight=2.6352387258502277, subsample=0.6955407683258803;, score=0.635 total time= 4.0min
[CV 2/3] END colsample_bytree=0.6217411482881496, gamma=4.635172723981533, learning_rate=0.02205347805791217, max_depth=7, n_estimators=440, reg_alpha=0.3516226872396344, reg_lambda=0.10142082844921652, scale_pos_weight=5.858717591863257, subsample=0.6283882838602539;, score=0.683 total time= 1.7min
[CV 2/3] END colsample_bytree=0.5708871967635509, gamma=1.372701270000627, learning_rate=0.12940938337913835, max_depth=4, n_estimators=341, reg_alpha=0.42819961492561476, reg_lambda=0.7175977656581762, scale_pos_weight=7.924361513243697, subsample=0.9956279968510942;, score=0.681 total time=  51.0s
[CV 2/3] END colsample_bytree=0.5959336623593714, gamma=1.6168578105776037, learning_rate=0.05533128044539761, max_depth=11, n_estimators=495, reg_alpha=0.4424099364806695, reg_lambda=0.831863113251422, scale_pos_weight=7.696026161339619, subsample=0.5349658028547171;, score=0.642 total time= 5.1min
[CV 3/3] END colsample_bytree=0.6837672111457658, gamma=0.34086154692746784, learning_rate=0.015162381389897398, max_depth=11, n_estimators=378, reg_alpha=0.9631151115891738, reg_lambda=0.549529535895017, scale_pos_weight=10.6582216115322, subsample=0.7162489391650659;, score=0.679 total time= 4.6min
[CV 3/3] END colsample_bytree=0.8379911377931777, gamma=2.4802391933994326, learning_rate=0.012542977997378704, max_depth=7, n_estimators=421, reg_alpha=0.8159469389686173, reg_lambda=0.861369996363436, scale_pos_weight=9.465143386902781, subsample=0.9594632668197772;, score=0.687 total time= 2.2min
[CV 1/3] END colsample_bytree=0.8793381950555024, gamma=3.391894114275709, learning_rate=0.16125293157829054, max_depth=9, n_estimators=369, reg_alpha=0.8766507618282006, reg_lambda=0.9963343376272473, scale_pos_weight=4.683095305068483, subsample=0.7243053154772713;, score=0.644 total time= 2.7min
[CV 1/3] END colsample_bytree=0.6493627867943865, gamma=4.703396225576703, learning_rate=0.061859351773154755, max_depth=12, n_estimators=368, reg_alpha=0.8419335667918086, reg_lambda=0.18610141784627732, scale_pos_weight=9.026433097957105, subsample=0.7290934433689463;, score=0.650 total time= 5.1min
[CV 3/3] END colsample_bytree=0.6277466723278023, gamma=4.7331897709980355, learning_rate=0.12203645167498238, max_depth=14, n_estimators=325, reg_alpha=0.5579807387826399, reg_lambda=0.5525136147827252, scale_pos_weight=1.941519101256979, subsample=0.6718315963045516;, score=0.658 total time= 1.9min
[CV 1/3] END colsample_bytree=0.911479223110743, gamma=1.0487647384184067, learning_rate=0.08580542524381948, max_depth=5, n_estimators=488, reg_alpha=0.33684050186110326, reg_lambda=0.29648978128331527, scale_pos_weight=10.182079996227753, subsample=0.5553742226594791;, score=0.680 total time= 1.4min
[CV 3/3] END colsample_bytree=0.6872700594236812, gamma=4.75357153204958, learning_rate=0.15639878836228102, max_depth=7, n_estimators=402, reg_alpha=0.44583275285359114, reg_lambda=0.09997491581800289, scale_pos_weight=5.592488919658671, subsample=0.6668543055695109;, score=0.657 total time= 1.5min
[CV 1/3] END colsample_bytree=0.5696657272029378, gamma=3.0220868963890863, learning_rate=0.11796821826033463, max_depth=6, n_estimators=312, reg_alpha=0.07697990982879299, reg_lambda=0.289751452913768, scale_pos_weight=2.612212872540044, subsample=0.9648488261712865;, score=0.683 total time= 1.1min
[CV 2/3] END colsample_bytree=0.9480456499617467, gamma=1.5900173748593194, learning_rate=0.03201038490553535, max_depth=11, n_estimators=582, reg_alpha=0.4271077886262563, reg_lambda=0.8180147659224931, scale_pos_weight=9.607305832563434, subsample=0.5034760652655954;, score=0.652 total time= 5.3min
[CV 3/3] END colsample_bytree=0.8480148983374864, gamma=2.8503058504468246, learning_rate=0.02943529875415371, max_depth=8, n_estimators=450, reg_alpha=0.14008401523652403, reg_lambda=0.5183296523637367, scale_pos_weight=9.773730719279554, subsample=0.8703843088771022;, score=0.685 total time= 2.4min
[CV 2/3] END colsample_bytree=0.5635302563259423, gamma=2.611216300274022, learning_rate=0.16399871061972218, max_depth=14, n_estimators=407, reg_alpha=0.6228904758190003, reg_lambda=0.085347464993768, scale_pos_weight=1.516817211686077, subsample=0.7656773157840739;, score=0.648 total time= 1.9min
[CV 1/3] END colsample_bytree=0.5503890006887133, gamma=0.09110912825774864, learning_rate=0.02888859215118568, max_depth=5, n_estimators=514, reg_alpha=0.07118864846022899, reg_lambda=0.3189756302937613, scale_pos_weight=9.448753109694545, subsample=0.511635967867913;, score=0.687 total time= 1.3min
[CV 3/3] END colsample_bytree=0.6410172862856532, gamma=0.8871977188986141, learning_rate=0.1601229503281717, max_depth=5, n_estimators=476, reg_alpha=0.7316477552996402, reg_lambda=0.1276897294224656, scale_pos_weight=3.500164492161047, subsample=0.7902720061719549;, score=0.677 total time= 1.1min
[CV 2/3] END colsample_bytree=0.7729578850824945, gamma=3.5291574193934725, learning_rate=0.203730388794827, max_depth=11, n_estimators=373, reg_alpha=0.8369638742373738, reg_lambda=0.8668687053108414, scale_pos_weight=9.38480763763985, subsample=0.7130457375234706;, score=0.624 total time= 2.6min
[CV 2/3] END colsample_bytree=0.8458571985844561, gamma=2.6717313751473153, learning_rate=0.15998214989399437, max_depth=5, n_estimators=322, reg_alpha=0.7689874151805105, reg_lambda=0.944765729882428, scale_pos_weight=9.496473906774115, subsample=0.6236740508715988;, score=0.671 total time=  41.2s
[CV 2/3] END colsample_bytree=0.9311818543733725, gamma=4.747603118288211, learning_rate=0.03941469618580759, max_depth=10, n_estimators=572, reg_alpha=0.25824438829895835, reg_lambda=0.4591357562382613, scale_pos_weight=10.800325752854771, subsample=0.7463090469964349;, score=0.654 total time= 4.7min
[CV 2/3] END colsample_bytree=0.6212048662075401, gamma=0.5741841236960177, learning_rate=0.13212400848832653, max_depth=8, n_estimators=592, reg_alpha=0.506103956359347, reg_lambda=0.9320143422569341, scale_pos_weight=4.206421921595143, subsample=0.7969415487789494;, score=0.646 total time= 2.6min
[CV 3/3] END colsample_bytree=0.6894107827784579, gamma=2.2850010964083918, learning_rate=0.1307915744145025, max_depth=10, n_estimators=560, reg_alpha=0.4863574819956078, reg_lambda=0.4089551770854932, scale_pos_weight=8.71881980598245, subsample=0.5061015361590222;, score=0.621 total time= 4.0min
[CV 1/3] END colsample_bytree=0.8166203874554803, gamma=3.6795230659800113, learning_rate=0.1796256190933767, max_depth=5, n_estimators=335, reg_alpha=0.6429255636142532, reg_lambda=0.7039461351385095, scale_pos_weight=10.10624003540304, subsample=0.8123806355216255;, score=0.676 total time=  51.8s
[CV 3/3] END colsample_bytree=0.6472328797709588, gamma=4.742266534810783, learning_rate=0.16272115883195218, max_depth=10, n_estimators=380, reg_alpha=0.8684679758979128, reg_lambda=0.48743119824951364, scale_pos_weight=9.945522268940914, subsample=0.8999276279736577;, score=0.637 total time= 2.4min
[CV 1/3] END colsample_bytree=0.6349556111960974, gamma=2.699213894540967, learning_rate=0.042402775578316926, max_depth=6, n_estimators=500, reg_alpha=0.7709122037458219, reg_lambda=0.1065982531337718, scale_pos_weight=1.7513778173580876, subsample=0.8640943781018017;, score=0.688 total time= 1.6min
[CV 3/3] END colsample_bytree=0.9364729179382041, gamma=3.661124432047806, learning_rate=0.17131222957228998, max_depth=9, n_estimators=497, reg_alpha=0.9805768001799882, reg_lambda=0.9033638126360249, scale_pos_weight=7.4666491911716335, subsample=0.8465876057284624;, score=0.636 total time= 2.9min
[CV 1/3] END colsample_bytree=0.8687911507944457, gamma=1.1938857288415117, learning_rate=0.032094822626278934, max_depth=10, n_estimators=457, reg_alpha=0.8528218216919013, reg_lambda=0.7155533152342419, scale_pos_weight=6.891085344708948, subsample=0.6386328228483868;, score=0.673 total time= 4.1min
[CV 3/3] END colsample_bytree=0.540523107953824, gamma=1.1009160097490567, learning_rate=0.1466517527319192, max_depth=7, n_estimators=380, reg_alpha=0.06151702623923505, reg_lambda=0.8829062691374613, scale_pos_weight=6.160790204436166, subsample=0.95325685972229;, score=0.669 total time= 1.5min
[CV 3/3] END colsample_bytree=0.9160670889788709, gamma=2.537338668804181, learning_rate=0.011277174343366716, max_depth=13, n_estimators=412, reg_alpha=0.5598443123088295, reg_lambda=0.11584385678025766, scale_pos_weight=4.766953619867987, subsample=0.5045362023263624;, score=0.678 total time= 7.8min
[CV 1/3] END colsample_bytree=0.6796253739581228, gamma=1.8967929496121188, learning_rate=0.1311076315289766, max_depth=7, n_estimators=503, reg_alpha=0.4746308757498139, reg_lambda=0.8441704489691971, scale_pos_weight=9.056701529500533, subsample=0.792677182198376;, score=0.658 total time= 1.7min
[CV 1/3] END colsample_bytree=0.788592618355874, gamma=1.7428683362098525, learning_rate=0.04185748904856103, max_depth=8, n_estimators=362, reg_alpha=0.9771741842213173, reg_lambda=0.4069079607228706, scale_pos_weight=9.707534503372592, subsample=0.8911927420291368;, score=0.682 total time= 1.8min
[CV 3/3] END colsample_bytree=0.6230348293989991, gamma=2.383477375205796, learning_rate=0.08887306476367005, max_depth=9, n_estimators=320, reg_alpha=0.1957779856835461, reg_lambda=0.00756287497814212, scale_pos_weight=7.47474714154603, subsample=0.9490152744749935;, score=0.663 total time= 1.6min
[CV 2/3] END colsample_bytree=0.5478572777600809, gamma=0.11819293023168198, learning_rate=0.13839430008865322, max_depth=14, n_estimators=459, reg_alpha=0.6379607933159701, reg_lambda=0.2568838476457148, scale_pos_weight=7.320154860204185, subsample=0.529227307054277;, score=0.626 total time= 8.1min
[CV 3/3] END colsample_bytree=0.7496669174893091, gamma=1.3300963900269036, learning_rate=0.03984755559003523, max_depth=6, n_estimators=333, reg_alpha=0.32467592689006, reg_lambda=0.7373570773877997, scale_pos_weight=5.7601812936876655, subsample=0.6879441425728847;, score=0.689 total time= 1.1min
[CV 2/3] END colsample_bytree=0.5343564162591339, gamma=2.1214844294244406, learning_rate=0.026523532691853736, max_depth=14, n_estimators=522, reg_alpha=0.7824849245639379, reg_lambda=0.22784241754310997, scale_pos_weight=10.759908495987924, subsample=0.8336751990232142;, score=0.648 total time=11.4min
[CV 1/3] END colsample_bytree=0.6006818910679872, gamma=1.2931041744401939, learning_rate=0.042941270686459185, max_depth=6, n_estimators=513, reg_alpha=0.01794567856849183, reg_lambda=0.12625378279261346, scale_pos_weight=7.596293663947423, subsample=0.5808099056429357;, score=0.686 total time= 1.8min
[CV 1/3] END colsample_bytree=0.6615055991931069, gamma=4.985390785408309, learning_rate=0.2059564915709044, max_depth=13, n_estimators=546, reg_alpha=0.12982644895171758, reg_lambda=0.6868609976750291, scale_pos_weight=1.930304864600272, subsample=0.5146820795511962;, score=0.632 total time= 2.1min
[CV 2/3] END colsample_bytree=0.6872700594236812, gamma=4.75357153204958, learning_rate=0.15639878836228102, max_depth=7, n_estimators=402, reg_alpha=0.44583275285359114, reg_lambda=0.09997491581800289, scale_pos_weight=5.592488919658671, subsample=0.6668543055695109;, score=0.652 total time= 1.5min
[CV 1/3] END colsample_bytree=0.7613664146909971, gamma=2.137705091792748, learning_rate=0.015083825348819038, max_depth=5, n_estimators=362, reg_alpha=0.8957635956735194, reg_lambda=0.47537022318211175, scale_pos_weight=6.6327557197638365, subsample=0.8477580432130638;, score=0.684 total time= 1.3min
[CV 3/3] END colsample_bytree=0.9480456499617467, gamma=1.5900173748593194, learning_rate=0.03201038490553535, max_depth=11, n_estimators=582, reg_alpha=0.4271077886262563, reg_lambda=0.8180147659224931, scale_pos_weight=9.607305832563434, subsample=0.5034760652655954;, score=0.655 total time= 5.9min
[CV 3/3] END colsample_bytree=0.5025924313869934, gamma=3.13947207474318, learning_rate=0.04885479070240845, max_depth=10, n_estimators=441, reg_alpha=0.8900053418175663, reg_lambda=0.3379951568515358, scale_pos_weight=4.75582952639944, subsample=0.5469909699204345;, score=0.667 total time= 3.7min
[CV 3/3] END colsample_bytree=0.5503890006887133, gamma=0.09110912825774864, learning_rate=0.02888859215118568, max_depth=5, n_estimators=514, reg_alpha=0.07118864846022899, reg_lambda=0.3189756302937613, scale_pos_weight=9.448753109694545, subsample=0.511635967867913;, score=0.687 total time= 1.5min
[CV 1/3] END colsample_bytree=0.7482805953415388, gamma=1.9480904310960172, learning_rate=0.06952703490186217, max_depth=5, n_estimators=476, reg_alpha=0.053485296747368904, reg_lambda=0.9585414968831983, scale_pos_weight=9.471431440955898, subsample=0.6774525952313604;, score=0.684 total time= 1.2min
[CV 3/3] END colsample_bytree=0.6112882087855153, gamma=1.9832580097712593, learning_rate=0.18837938175535535, max_depth=4, n_estimators=304, reg_alpha=0.5133261686923929, reg_lambda=0.2332280724245278, scale_pos_weight=6.813054172267823, subsample=0.9315692609945019;, score=0.683 total time=  38.0s
[CV 2/3] END colsample_bytree=0.9846512678095495, gamma=2.615489220850744, learning_rate=0.13587972762705253, max_depth=3, n_estimators=353, reg_alpha=0.5843143119231002, reg_lambda=0.901158010490989, scale_pos_weight=1.4544638034145787, subsample=0.6404815947961151;, score=0.682 total time=  34.4s
[CV 1/3] END colsample_bytree=0.9752057420382794, gamma=4.4513189194545815, learning_rate=0.10113135055714259, max_depth=14, n_estimators=307, reg_alpha=0.16967990389556553, reg_lambda=0.6468483616687238, scale_pos_weight=4.882683839898721, subsample=0.6146973728524748;, score=0.645 total time= 3.1min
[CV 3/3] END colsample_bytree=0.7656328769867671, gamma=3.602580306957324, learning_rate=0.02246827250224829, max_depth=13, n_estimators=306, reg_alpha=0.6871655054033311, reg_lambda=0.8444406726336288, scale_pos_weight=8.496162320085874, subsample=0.5152360763667971;, score=0.666 total time= 5.4min
[CV 1/3] END colsample_bytree=0.8892859695253755, gamma=0.7156399277423481, learning_rate=0.05090891863389266, max_depth=4, n_estimators=309, reg_alpha=0.49398148713086265, reg_lambda=0.7546352918601166, scale_pos_weight=2.02916030744145, subsample=0.7682406757422974;, score=0.687 total time=  45.6s
[CV 3/3] END colsample_bytree=0.7117984312102414, gamma=1.4396480823786306, learning_rate=0.1329900526305309, max_depth=12, n_estimators=440, reg_alpha=0.13911619414306187, reg_lambda=0.1007946030158865, scale_pos_weight=3.560155318536622, subsample=0.8630477930312004;, score=0.641 total time= 3.5min
[CV 1/3] END colsample_bytree=0.5497206963796726, gamma=1.2158609549972703, learning_rate=0.15445338637113185, max_depth=10, n_estimators=464, reg_alpha=0.14108184877771357, reg_lambda=0.406392308273522, scale_pos_weight=4.239900611067997, subsample=0.5434625074751747;, score=0.628 total time= 3.7min
[CV 2/3] END colsample_bytree=0.7477456581030992, gamma=3.44201198213868, learning_rate=0.09696546772074925, max_depth=9, n_estimators=590, reg_alpha=0.8191023176741997, reg_lambda=0.7994158789689793, scale_pos_weight=7.946964708544268, subsample=0.6360725686149813;, score=0.640 total time= 3.8min
[CV 2/3] END colsample_bytree=0.7009654568046211, gamma=2.3993781015195443, learning_rate=0.13550109264367402, max_depth=10, n_estimators=535, reg_alpha=0.9840834691992951, reg_lambda=0.7682734138645182, scale_pos_weight=5.177667821673338, subsample=0.710678501138535;, score=0.635 total time= 4.4min
[CV 2/3] END colsample_bytree=0.540523107953824, gamma=1.1009160097490567, learning_rate=0.1466517527319192, max_depth=7, n_estimators=380, reg_alpha=0.06151702623923505, reg_lambda=0.8829062691374613, scale_pos_weight=6.160790204436166, subsample=0.95325685972229;, score=0.662 total time= 1.5min
[CV 2/3] END colsample_bytree=0.9160670889788709, gamma=2.537338668804181, learning_rate=0.011277174343366716, max_depth=13, n_estimators=412, reg_alpha=0.5598443123088295, reg_lambda=0.11584385678025766, scale_pos_weight=4.766953619867987, subsample=0.5045362023263624;, score=0.673 total time= 7.9min
[CV 3/3] END colsample_bytree=0.5848789525437703, gamma=2.598869742780088, learning_rate=0.07740063528625726, max_depth=11, n_estimators=556, reg_alpha=0.4494338352137377, reg_lambda=0.5878843711103869, scale_pos_weight=10.485833548514337, subsample=0.6262638910377096;, score=0.637 total time= 4.8min
[CV 1/3] END colsample_bytree=0.5012920074224911, gamma=3.189926028966488, learning_rate=0.11303503406674632, max_depth=14, n_estimators=325, reg_alpha=0.21204483990822665, reg_lambda=0.6109809888509917, scale_pos_weight=5.110284698067047, subsample=0.9199306514333602;, score=0.653 total time= 2.7min
[CV 1/3] END colsample_bytree=0.9635889097397263, gamma=1.1732104092772677, learning_rate=0.08986318316186163, max_depth=10, n_estimators=417, reg_alpha=0.9924835021583752, reg_lambda=0.9270009679242953, scale_pos_weight=6.399571302805596, subsample=0.9210166471882106;, score=0.654 total time= 3.7min
[CV 1/3] END colsample_bytree=0.6837672111457658, gamma=0.34086154692746784, learning_rate=0.015162381389897398, max_depth=11, n_estimators=378, reg_alpha=0.9631151115891738, reg_lambda=0.549529535895017, scale_pos_weight=10.6582216115322, subsample=0.7162489391650659;, score=0.678 total time= 4.2min
[CV 1/3] END colsample_bytree=0.8379911377931777, gamma=2.4802391933994326, learning_rate=0.012542977997378704, max_depth=7, n_estimators=421, reg_alpha=0.8159469389686173, reg_lambda=0.861369996363436, scale_pos_weight=9.465143386902781, subsample=0.9594632668197772;, score=0.687 total time= 2.3min
[CV 2/3] END colsample_bytree=0.9407253898375108, gamma=1.389510486244339, learning_rate=0.048790773453554974, max_depth=12, n_estimators=309, reg_alpha=0.7423480505725092, reg_lambda=0.8151183844803679, scale_pos_weight=7.149782403411324, subsample=0.8439420549399576;, score=0.658 total time= 5.2min
[CV 2/3] END colsample_bytree=0.9265448117018252, gamma=0.23250293220032747, learning_rate=0.13393988803988316, max_depth=13, n_estimators=320, reg_alpha=0.5324206822752171, reg_lambda=0.41109560260070654, scale_pos_weight=4.4734332625884266, subsample=0.9499166728436362;, score=0.638 total time= 5.6min
[CV 3/3] END colsample_bytree=0.8797912050573159, gamma=4.94032783326387, learning_rate=0.19025920215492978, max_depth=14, n_estimators=512, reg_alpha=0.2543219811783167, reg_lambda=0.8192551048714611, scale_pos_weight=9.798219139516952, subsample=0.7627174562728465;, score=0.627 total time= 2.9min
[CV 2/3] END colsample_bytree=0.9553850808219576, gamma=3.7698095179839197, learning_rate=0.17098135536828774, max_depth=6, n_estimators=472, reg_alpha=0.962810357074026, reg_lambda=0.7266709920703233, scale_pos_weight=4.047510953861333, subsample=0.9146973324294234;, score=0.661 total time= 1.4min
[CV 2/3] END colsample_bytree=0.997718758095655, gamma=4.278480469187697, learning_rate=0.1142891378087179, max_depth=7, n_estimators=575, reg_alpha=0.2202253013773151, reg_lambda=0.4883746289829387, scale_pos_weight=8.375657490928269, subsample=0.7626198787600801;, score=0.653 total time= 1.7min
[CV 1/3] END colsample_bytree=0.7698460661945399, gamma=2.9337558283192413, learning_rate=0.2030510614528276, max_depth=14, n_estimators=340, reg_alpha=0.2962735057040824, reg_lambda=0.1652669390630025, scale_pos_weight=1.1563640674119393, subsample=0.7117007403531848;, score=0.641 total time= 1.5min
[CV 2/3] END colsample_bytree=0.8187787356776066, gamma=4.436063712881633, learning_rate=0.10444298503238986, max_depth=7, n_estimators=430, reg_alpha=0.7607850486168974, reg_lambda=0.5612771975694962, scale_pos_weight=8.70967179954561, subsample=0.7468977981821954;, score=0.663 total time= 1.9min
[CV 3/3] END colsample_bytree=0.5184434736772664, gamma=3.047821669899484, learning_rate=0.1105358046457723, max_depth=8, n_estimators=523, reg_alpha=0.9082658859666537, reg_lambda=0.23956189066697242, scale_pos_weight=2.448948720912231, subsample=0.7447263801387816;, score=0.662 total time= 2.7min
[CV 2/3] END colsample_bytree=0.8604699621260646, gamma=1.540303959261946, learning_rate=0.11850804611097986, max_depth=13, n_estimators=321, reg_alpha=0.24398964337908358, reg_lambda=0.9730105547524456, scale_pos_weight=4.930977246667604, subsample=0.9460232775885566;, score=0.642 total time= 4.6min
[CV 2/3] END colsample_bytree=0.8720213214995577, gamma=1.254302636733306, learning_rate=0.04686673486627401, max_depth=9, n_estimators=426, reg_alpha=0.695974206093698, reg_lambda=0.4089529444142699, scale_pos_weight=2.7329432007084575, subsample=0.5782185213355431;, score=0.673 total time= 2.8min
[CV 1/3] END colsample_bytree=0.6410172862856532, gamma=0.8871977188986141, learning_rate=0.1601229503281717, max_depth=5, n_estimators=476, reg_alpha=0.7316477552996402, reg_lambda=0.1276897294224656, scale_pos_weight=3.500164492161047, subsample=0.7902720061719549;, score=0.675 total time= 1.1min
[CV 1/3] END colsample_bytree=0.87618726471884, gamma=3.9578952186292424, learning_rate=0.1679236285589108, max_depth=7, n_estimators=341, reg_alpha=0.9742482085344102, reg_lambda=0.9959312420303291, scale_pos_weight=1.5587115467735004, subsample=0.8685177783955045;, score=0.673 total time=  59.9s
[CV 1/3] END colsample_bytree=0.5587631233885524, gamma=3.246051510580318, learning_rate=0.15920897585308466, max_depth=14, n_estimators=489, reg_alpha=0.40022289287202484, reg_lambda=0.47771489088022767, scale_pos_weight=1.8289132169335423, subsample=0.7641850606486046;, score=0.650 total time= 1.7min
[CV 1/3] END colsample_bytree=0.8458571985844561, gamma=2.6717313751473153, learning_rate=0.15998214989399437, max_depth=5, n_estimators=322, reg_alpha=0.7689874151805105, reg_lambda=0.944765729882428, scale_pos_weight=9.496473906774115, subsample=0.6236740508715988;, score=0.675 total time=  38.4s
[CV 1/3] END colsample_bytree=0.9311818543733725, gamma=4.747603118288211, learning_rate=0.03941469618580759, max_depth=10, n_estimators=572, reg_alpha=0.25824438829895835, reg_lambda=0.4591357562382613, scale_pos_weight=10.800325752854771, subsample=0.7463090469964349;, score=0.661 total time= 4.8min
[CV 3/3] END colsample_bytree=0.6212048662075401, gamma=0.5741841236960177, learning_rate=0.13212400848832653, max_depth=8, n_estimators=592, reg_alpha=0.506103956359347, reg_lambda=0.9320143422569341, scale_pos_weight=4.206421921595143, subsample=0.7969415487789494;, score=0.652 total time= 2.7min
[CV 2/3] END colsample_bytree=0.7992213506026136, gamma=2.827541736614869, learning_rate=0.15323581494659044, max_depth=13, n_estimators=368, reg_alpha=0.8267988278090783, reg_lambda=0.9590747945640278, scale_pos_weight=4.425242571785434, subsample=0.6136754915149936;, score=0.633 total time= 3.3min
[CV 2/3] END colsample_bytree=0.8219997716195079, gamma=2.043670855490482, learning_rate=0.015077271132068974, max_depth=14, n_estimators=587, reg_alpha=0.7159722288473975, reg_lambda=0.6589239419101514, scale_pos_weight=1.270959925034835, subsample=0.6109860809664747;, score=0.680 total time=11.9min
[CV 2/3] END colsample_bytree=0.8276209903195109, gamma=2.7542868530456968, learning_rate=0.027397351982282027, max_depth=10, n_estimators=423, reg_alpha=0.372688517012314, reg_lambda=0.2597537837603262, scale_pos_weight=8.234201136885849, subsample=0.7479378675393854;, score=0.671 total time= 3.8min
[CV 3/3] END colsample_bytree=0.8791315979645113, gamma=0.12293458229400755, learning_rate=0.014424710305799452, max_depth=8, n_estimators=378, reg_alpha=0.8187856433570937, reg_lambda=0.2525087496883822, scale_pos_weight=1.010294798456334, subsample=0.5794691416383783;, score=0.688 total time= 2.3min
[CV 3/3] END colsample_bytree=0.8609438139634675, gamma=3.2849192878224653, learning_rate=0.16141185352224469, max_depth=14, n_estimators=401, reg_alpha=0.9078186529846402, reg_lambda=0.7242853081264119, scale_pos_weight=8.49161639101283, subsample=0.5729610370175727;, score=0.625 total time= 3.5min
[CV 2/3] END colsample_bytree=0.7461389282240174, gamma=1.2361553720158853, learning_rate=0.1841499802545023, max_depth=10, n_estimators=530, reg_alpha=0.3592333693997657, reg_lambda=0.5929508514349274, scale_pos_weight=2.6352387258502277, subsample=0.6955407683258803;, score=0.634 total time= 3.6min
[CV 1/3] END colsample_bytree=0.6230348293989991, gamma=2.383477375205796, learning_rate=0.08887306476367005, max_depth=9, n_estimators=320, reg_alpha=0.1957779856835461, reg_lambda=0.00756287497814212, scale_pos_weight=7.47474714154603, subsample=0.9490152744749935;, score=0.664 total time= 1.7min
[CV 2/3] END colsample_bytree=0.5477676569173341, gamma=3.119296623382865, learning_rate=0.10035353574744582, max_depth=4, n_estimators=368, reg_alpha=0.16801420774486342, reg_lambda=0.7368737449441821, scale_pos_weight=9.627970775432285, subsample=0.6083699000453878;, score=0.680 total time=  49.4s
[CV 2/3] END colsample_bytree=0.5641971447270626, gamma=0.5205482469208317, learning_rate=0.15486776342574823, max_depth=12, n_estimators=587, reg_alpha=0.27416066655980587, reg_lambda=0.0794193689889866, scale_pos_weight=1.8565824959643054, subsample=0.9470954373320591;, score=0.640 total time= 4.6min
[CV 3/3] END colsample_bytree=0.558183198942738, gamma=4.087248542455958, learning_rate=0.08612465869531602, max_depth=10, n_estimators=457, reg_alpha=0.7214220673287317, reg_lambda=0.1412780492755058, scale_pos_weight=3.1198249090223853, subsample=0.909367502037135;, score=0.672 total time= 1.9min
[CV 3/3] END colsample_bytree=0.9069851347530093, gamma=3.0760971911550543, learning_rate=0.07125072415732234, max_depth=6, n_estimators=423, reg_alpha=0.8480158852494014, reg_lambda=0.7243174696766612, scale_pos_weight=8.920936337605433, subsample=0.7023992145425999;, score=0.683 total time= 1.3min
[CV 3/3] END colsample_bytree=0.5382084297190257, gamma=1.3968385696735819, learning_rate=0.19606377696756475, max_depth=14, n_estimators=531, reg_alpha=0.46147746462473416, reg_lambda=0.6372014768082804, scale_pos_weight=7.593539222057827, subsample=0.9475588703532682;, score=0.634 total time= 3.2min
[CV 2/3] END colsample_bytree=0.7529263464759145, gamma=4.203515140056, learning_rate=0.15656030895325013, max_depth=13, n_estimators=488, reg_alpha=0.7434237860766093, reg_lambda=0.611940505337331, scale_pos_weight=2.0593071255849296, subsample=0.5757846857938368;, score=0.642 total time= 2.4min
[CV 1/3] END colsample_bytree=0.6777465052206787, gamma=3.9709866563854215, learning_rate=0.028598127964626435, max_depth=9, n_estimators=370, reg_alpha=0.48097288988612374, reg_lambda=0.6423255259052274, scale_pos_weight=1.6485359448296835, subsample=0.7899918937140656;, score=0.687 total time= 2.8min
[CV 1/3] END colsample_bytree=0.5181438113067511, gamma=1.3785992654777612, learning_rate=0.06512246773578909, max_depth=10, n_estimators=481, reg_alpha=0.4288868788610386, reg_lambda=0.8447894362860214, scale_pos_weight=3.681390200955134, subsample=0.578190902201724;, score=0.662 total time= 4.1min
[CV 1/3] END colsample_bytree=0.6018832295638445, gamma=2.6166481559737065, learning_rate=0.06742759161691511, max_depth=14, n_estimators=596, reg_alpha=0.5775933658811575, reg_lambda=0.6345824175503038, scale_pos_weight=8.979141596158941, subsample=0.6979852363312274;, score=0.647 total time= 8.1min
[CV 1/3] END colsample_bytree=0.7571172192068059, gamma=2.9620728443102124, learning_rate=0.019290082543999547, max_depth=5, n_estimators=434, reg_alpha=0.17052412368729153, reg_lambda=0.06505159298527952, scale_pos_weight=10.488855372533333, subsample=0.9828160165372797;, score=0.686 total time= 1.2min
[CV 1/3] END colsample_bytree=0.8255385127509722, gamma=4.574798377718904, learning_rate=0.18000771555795989, max_depth=14, n_estimators=332, reg_alpha=0.06355835028602363, reg_lambda=0.3109823217156622, scale_pos_weight=4.2518332202674705, subsample=0.864803089169032;, score=0.643 total time= 1.9min
[CV 1/3] END colsample_bytree=0.8515094794475889, gamma=1.81814801189647, learning_rate=0.20435641654419215, max_depth=6, n_estimators=567, reg_alpha=0.25178229582536416, reg_lambda=0.49724850589238545, scale_pos_weight=4.008783098167696, subsample=0.6424202471887338;, score=0.651 total time= 1.8min
[CV 3/3] END colsample_bytree=0.8387821809211412, gamma=0.08293914463928076, learning_rate=0.1124186116598562, max_depth=5, n_estimators=447, reg_alpha=0.6451727904094499, reg_lambda=0.17436642900499144, scale_pos_weight=7.90937738102466, subsample=0.6933676731502687;, score=0.681 total time= 1.0min
[CV 2/3] END colsample_bytree=0.7242120714931237, gamma=4.972287313054103, learning_rate=0.045185050535469076, max_depth=6, n_estimators=588, reg_alpha=0.4938937151834346, reg_lambda=0.1788227092213288, scale_pos_weight=4.664687845828599, subsample=0.8720852615282811;, score=0.682 total time= 1.8min
[CV 1/3] END colsample_bytree=0.9901657918580229, gamma=0.37673128003064105, learning_rate=0.07113940385743638, max_depth=9, n_estimators=460, reg_alpha=0.31692200515627766, reg_lambda=0.1694927466860925, scale_pos_weight=6.568012624583502, subsample=0.9680773870803905;, score=0.666 total time= 2.7min
[CV 3/3] END colsample_bytree=0.5635302563259423, gamma=2.611216300274022, learning_rate=0.16399871061972218, max_depth=14, n_estimators=407, reg_alpha=0.6228904758190003, reg_lambda=0.085347464993768, scale_pos_weight=1.516817211686077, subsample=0.7656773157840739;, score=0.650 total time= 1.5min
[CV 3/3] END colsample_bytree=0.9745728657956929, gamma=4.433401936490238, learning_rate=0.062178724668342795, max_depth=12, n_estimators=549, reg_alpha=0.933436308079483, reg_lambda=0.5010398839152592, scale_pos_weight=6.393774484000625, subsample=0.8419818846990705;, score=0.659 total time= 5.1min
[CV 2/3] END colsample_bytree=0.775793936272035, gamma=0.8241713056850047, learning_rate=0.09225102331707381, max_depth=8, n_estimators=364, reg_alpha=0.48037008186635466, reg_lambda=0.9852860506655043, scale_pos_weight=4.767389699379407, subsample=0.874789149988036;, score=0.666 total time= 1.4min
[CV 2/3] END colsample_bytree=0.8204373724016073, gamma=0.9094004219957241, learning_rate=0.07913345666477264, max_depth=5, n_estimators=494, reg_alpha=0.5152360548642109, reg_lambda=0.9731103492701043, scale_pos_weight=7.019353955409602, subsample=0.6119245329531603;, score=0.679 total time= 1.2min
[CV 3/3] END colsample_bytree=0.9336074905373617, gamma=1.7707333539656274, learning_rate=0.0894327665008165, max_depth=11, n_estimators=418, reg_alpha=0.37728416310462265, reg_lambda=0.02007119777772637, scale_pos_weight=4.220791655831783, subsample=0.6057240034982723;, score=0.642 total time= 4.7min
[CV 3/3] END colsample_bytree=0.9139704435887459, gamma=3.7525096238265676, learning_rate=0.16990742618390314, max_depth=5, n_estimators=512, reg_alpha=0.1864049867881441, reg_lambda=0.23569174606499976, scale_pos_weight=7.337585637201773, subsample=0.953933065231258;, score=0.674 total time= 1.1min
[CV 3/3] END colsample_bytree=0.7992213506026136, gamma=2.827541736614869, learning_rate=0.15323581494659044, max_depth=13, n_estimators=368, reg_alpha=0.8267988278090783, reg_lambda=0.9590747945640278, scale_pos_weight=4.425242571785434, subsample=0.6136754915149936;, score=0.638 total time= 3.3min
[CV 3/3] END colsample_bytree=0.8219997716195079, gamma=2.043670855490482, learning_rate=0.015077271132068974, max_depth=14, n_estimators=587, reg_alpha=0.7159722288473975, reg_lambda=0.6589239419101514, scale_pos_weight=1.270959925034835, subsample=0.6109860809664747;, score=0.684 total time=11.8min
[CV 3/3] END colsample_bytree=0.8276209903195109, gamma=2.7542868530456968, learning_rate=0.027397351982282027, max_depth=10, n_estimators=423, reg_alpha=0.372688517012314, reg_lambda=0.2597537837603262, scale_pos_weight=8.234201136885849, subsample=0.7479378675393854;, score=0.677 total time= 4.3min
[CV 1/3] END colsample_bytree=0.9822602361351043, gamma=3.800470392190486, learning_rate=0.09845975247618205, max_depth=13, n_estimators=556, reg_alpha=0.32074274043812745, reg_lambda=0.724422672614117, scale_pos_weight=8.458370120309644, subsample=0.6001795717743563;, score=0.638 total time= 5.1min
[CV 3/3] END colsample_bytree=0.6855193814923013, gamma=4.938247818680289, learning_rate=0.018021838282496497, max_depth=3, n_estimators=395, reg_alpha=0.5880583780900792, reg_lambda=0.029394445756507293, scale_pos_weight=4.955151698490153, subsample=0.8030943567805857;, score=0.680 total time=  43.1s
[CV 3/3] END colsample_bytree=0.6796253739581228, gamma=1.8967929496121188, learning_rate=0.1311076315289766, max_depth=7, n_estimators=503, reg_alpha=0.4746308757498139, reg_lambda=0.8441704489691971, scale_pos_weight=9.056701529500533, subsample=0.792677182198376;, score=0.661 total time= 1.9min
[CV 2/3] END colsample_bytree=0.7835081304933339, gamma=3.6922460462566327, learning_rate=0.1857031122602696, max_depth=8, n_estimators=431, reg_alpha=0.6675933855635847, reg_lambda=0.8078459419412586, scale_pos_weight=8.622851347766158, subsample=0.8989068244293172;, score=0.636 total time= 2.1min
[CV 3/3] END colsample_bytree=0.7067745507626757, gamma=0.6094304666847378, learning_rate=0.04622986990693607, max_depth=14, n_estimators=373, reg_alpha=0.7997810954240216, reg_lambda=0.184585129537033, scale_pos_weight=3.9527828922031008, subsample=0.8967036290739187;, score=0.662 total time= 9.0min
[CV 2/3] END colsample_bytree=0.7496669174893091, gamma=1.3300963900269036, learning_rate=0.03984755559003523, max_depth=6, n_estimators=333, reg_alpha=0.32467592689006, reg_lambda=0.7373570773877997, scale_pos_weight=5.7601812936876655, subsample=0.6879441425728847;, score=0.683 total time= 1.2min
[CV 3/3] END colsample_bytree=0.5343564162591339, gamma=2.1214844294244406, learning_rate=0.026523532691853736, max_depth=14, n_estimators=522, reg_alpha=0.7824849245639379, reg_lambda=0.22784241754310997, scale_pos_weight=10.759908495987924, subsample=0.8336751990232142;, score=0.652 total time=11.7min
[CV 3/3] END colsample_bytree=0.6412154493432558, gamma=1.9536418280680663, learning_rate=0.16966883764486568, max_depth=9, n_estimators=578, reg_alpha=0.8221031606002255, reg_lambda=0.38042000750756233, scale_pos_weight=8.756118509253275, subsample=0.9822383269504058;, score=0.634 total time= 3.3min
[CV 1/3] END colsample_bytree=0.6396380442272052, gamma=3.214409550293538, learning_rate=0.14883011470196622, max_depth=11, n_estimators=593, reg_alpha=0.36037781993034756, reg_lambda=0.06850540662697957, scale_pos_weight=8.631552912588894, subsample=0.7041531713797256;, score=0.627 total time= 4.3min
[CV 2/3] END colsample_bytree=0.5163228387728342, gamma=4.3427575316014435, learning_rate=0.022937378703026316, max_depth=3, n_estimators=307, reg_alpha=0.5174463517550413, reg_lambda=0.4304274103209902, scale_pos_weight=4.169465877911193, subsample=0.7172979804293559;, score=0.676 total time=  30.8s
[CV 2/3] END colsample_bytree=0.7531330297476013, gamma=3.170520156881657, learning_rate=0.024186443226754686, max_depth=11, n_estimators=509, reg_alpha=0.3618530932051387, reg_lambda=0.47249335500651357, scale_pos_weight=1.4564874550238374, subsample=0.5700120487766589;, score=0.677 total time= 5.6min
[CV 2/3] END colsample_bytree=0.5650238912555694, gamma=4.177401181911638, learning_rate=0.08407939725506129, max_depth=14, n_estimators=334, reg_alpha=0.8884036723086812, reg_lambda=0.6029428764794615, scale_pos_weight=9.267073597414875, subsample=0.9920065816052321;, score=0.653 total time= 3.0min
[CV 2/3] END colsample_bytree=0.6902098521163988, gamma=2.742498608257384, learning_rate=0.12929709499708433, max_depth=3, n_estimators=590, reg_alpha=0.22726962726315147, reg_lambda=0.07319592376844364, scale_pos_weight=7.034485933813779, subsample=0.8341063992775082;, score=0.681 total time= 1.0min
[CV 2/3] END colsample_bytree=0.6424364509809615, gamma=1.5364498246314329, learning_rate=0.1706051795665327, max_depth=5, n_estimators=435, reg_alpha=0.31130769915600365, reg_lambda=0.6103337833109184, scale_pos_weight=8.161506742231936, subsample=0.6363120003667668;, score=0.667 total time=  56.7s
[CV 2/3] END colsample_bytree=0.5012920074224911, gamma=3.189926028966488, learning_rate=0.11303503406674632, max_depth=14, n_estimators=325, reg_alpha=0.21204483990822665, reg_lambda=0.6109809888509917, scale_pos_weight=5.110284698067047, subsample=0.9199306514333602;, score=0.649 total time= 2.8min
[CV 1/3] END colsample_bytree=0.760478988636021, gamma=3.1179284400137988, learning_rate=0.027824886423203327, max_depth=9, n_estimators=587, reg_alpha=0.12771348363523483, reg_lambda=0.8260676302525284, scale_pos_weight=8.820280876703858, subsample=0.8543723488714883;, score=0.679 total time= 3.6min
[CV 2/3] END colsample_bytree=0.6559080665426298, gamma=2.5307093142012205, learning_rate=0.09790233772658202, max_depth=14, n_estimators=459, reg_alpha=0.2160381825095996, reg_lambda=0.6195879548978296, scale_pos_weight=7.502010923981533, subsample=0.576012426564324;, score=0.633 total time= 5.3min
[CV 1/3] END colsample_bytree=0.992334869762254, gamma=4.6869403324855945, learning_rate=0.018634747159402335, max_depth=4, n_estimators=557, reg_alpha=0.1317287734545619, reg_lambda=0.7259799099852955, scale_pos_weight=9.17785329856945, subsample=0.606755683155336;, score=0.686 total time= 1.5min
[CV 3/3] END colsample_bytree=0.8793381950555024, gamma=3.391894114275709, learning_rate=0.16125293157829054, max_depth=9, n_estimators=369, reg_alpha=0.8766507618282006, reg_lambda=0.9963343376272473, scale_pos_weight=4.683095305068483, subsample=0.7243053154772713;, score=0.644 total time= 2.6min
[CV 2/3] END colsample_bytree=0.6493627867943865, gamma=4.703396225576703, learning_rate=0.061859351773154755, max_depth=12, n_estimators=368, reg_alpha=0.8419335667918086, reg_lambda=0.18610141784627732, scale_pos_weight=9.026433097957105, subsample=0.7290934433689463;, score=0.644 total time= 5.0min
[CV 2/3] END colsample_bytree=0.6006818910679872, gamma=1.2931041744401939, learning_rate=0.042941270686459185, max_depth=6, n_estimators=513, reg_alpha=0.01794567856849183, reg_lambda=0.12625378279261346, scale_pos_weight=7.596293663947423, subsample=0.5808099056429357;, score=0.680 total time= 1.7min
[CV 2/3] END colsample_bytree=0.807649012534901, gamma=0.41732042494691646, learning_rate=0.18648327368146778, max_depth=14, n_estimators=315, reg_alpha=0.9884159894120765, reg_lambda=0.4853589831598871, scale_pos_weight=2.2243389835894103, subsample=0.8625927740136954;, score=0.640 total time= 4.3min
[CV 3/3] END colsample_bytree=0.640760599207465, gamma=4.363769197830639, learning_rate=0.032516078082387406, max_depth=8, n_estimators=463, reg_alpha=0.09653447019544081, reg_lambda=0.24189382825883898, scale_pos_weight=1.124040362773148, subsample=0.7343839827322529;, score=0.688 total time= 2.1min
[CV 1/3] END colsample_bytree=0.8869398278650782, gamma=3.0096171550756576, learning_rate=0.18850465799096924, max_depth=8, n_estimators=531, reg_alpha=0.9481083201714422, reg_lambda=0.44524611228478816, scale_pos_weight=8.888022639053595, subsample=0.8198027805888409;, score=0.632 total time= 2.3min
[CV 1/3] END colsample_bytree=0.6809599954189325, gamma=2.9683039560426923, learning_rate=0.012026236805548676, max_depth=4, n_estimators=350, reg_alpha=0.9132869475762367, reg_lambda=0.6125734683448192, scale_pos_weight=9.736985934663451, subsample=0.861986527733047;, score=0.679 total time= 1.1min
[CV 1/3] END colsample_bytree=0.9112111868341393, gamma=4.287811688306419, learning_rate=0.19332704716824148, max_depth=9, n_estimators=374, reg_alpha=0.5821987465941139, reg_lambda=0.3711724234376276, scale_pos_weight=7.010741668002329, subsample=0.8527929313219123;, score=0.635 total time= 2.3min
[CV 3/3] END colsample_bytree=0.920861680872338, gamma=2.901107593925147, learning_rate=0.12193768896758798, max_depth=6, n_estimators=412, reg_alpha=0.14055296757836078, reg_lambda=0.4855896996593978, scale_pos_weight=1.2753671986946549, subsample=0.7527275589552249;, score=0.677 total time= 1.1min
[CV 3/3] END colsample_bytree=0.6442027189093729, gamma=4.805677427037965, learning_rate=0.08789637898048407, max_depth=8, n_estimators=367, reg_alpha=0.9801089924137669, reg_lambda=0.47787844802224244, scale_pos_weight=6.322575311489761, subsample=0.5841684779595651;, score=0.667 total time= 1.6min
[CV 3/3] END colsample_bytree=0.8911941647300436, gamma=3.6728896156070663, learning_rate=0.07009787712008647, max_depth=8, n_estimators=548, reg_alpha=0.7925213919629192, reg_lambda=0.46144551188731264, scale_pos_weight=8.308180287118088, subsample=0.5739920736829174;, score=0.665 total time= 2.6min
[CV 2/3] END colsample_bytree=0.5714251436504193, gamma=3.767139611284845, learning_rate=0.16378455642152823, max_depth=11, n_estimators=426, reg_alpha=0.8844242755019771, reg_lambda=0.7000342727721044, scale_pos_weight=2.044041297480814, subsample=0.6995500940368615;, score=0.646 total time= 1.8min
[CV 2/3] END colsample_bytree=0.7315863583756709, gamma=1.1732672088792468, learning_rate=0.0706388118922092, max_depth=8, n_estimators=329, reg_alpha=0.5201698923107512, reg_lambda=0.14287596133941172, scale_pos_weight=8.753461504031357, subsample=0.6357046902233572;, score=0.667 total time= 1.3min
[CV 2/3] END colsample_bytree=0.9753863538656691, gamma=3.512702507674035, learning_rate=0.06961044172788863, max_depth=7, n_estimators=510, reg_alpha=0.6441492214759159, reg_lambda=0.04818601239329623, scale_pos_weight=4.600504659009784, subsample=0.978399907742143;, score=0.674 total time= 1.7min
[CV 1/3] END colsample_bytree=0.6337963383639857, gamma=4.177401128710972, learning_rate=0.012938677730990769, max_depth=7, n_estimators=401, reg_alpha=0.3373455467690927, reg_lambda=0.019327630917601035, scale_pos_weight=2.243683990005102, subsample=0.7068213374593176;, score=0.687 total time= 1.7min
[CV 2/3] END colsample_bytree=0.8030732824667399, gamma=1.4557212389258951, learning_rate=0.05141898363531425, max_depth=13, n_estimators=431, reg_alpha=0.8994552125461016, reg_lambda=0.7101354317980658, scale_pos_weight=10.373784381643208, subsample=0.8016459028574715;, score=0.641 total time= 6.9min
[CV 2/3] END colsample_bytree=0.5238206287182533, gamma=3.6337461208409834, learning_rate=0.16478124435413305, max_depth=10, n_estimators=303, reg_alpha=0.15159507480009937, reg_lambda=0.875883083517057, scale_pos_weight=6.390945527360087, subsample=0.6412362131850018;, score=0.629 total time= 2.2min
[CV 1/3] END colsample_bytree=0.8571633178674988, gamma=2.3085807190655956, learning_rate=0.19419890421931518, max_depth=9, n_estimators=466, reg_alpha=0.8504716147608377, reg_lambda=0.34460408444755963, scale_pos_weight=1.3085790430807245, subsample=0.5259476497592055;, score=0.634 total time= 2.9min
[CV 3/3] END colsample_bytree=0.5259178995598646, gamma=2.7442933253867796, learning_rate=0.06752654580873564, max_depth=13, n_estimators=582, reg_alpha=0.4116554604567024, reg_lambda=0.9349944318387654, scale_pos_weight=5.3054020950719, subsample=0.9389922484924174;, score=0.661 total time= 4.6min
[CV 3/3] END colsample_bytree=0.7575028298548616, gamma=2.6777690743983626, learning_rate=0.08137719503422204, max_depth=12, n_estimators=351, reg_alpha=0.8726358025468353, reg_lambda=0.8281168290063428, scale_pos_weight=3.160601162447664, subsample=0.9046621991426311;, score=0.667 total time= 3.5min
[CV 3/3] END colsample_bytree=0.6939130449584656, gamma=4.017688297313017, learning_rate=0.19035480570924576, max_depth=4, n_estimators=523, reg_alpha=0.04198542890958823, reg_lambda=0.4792600899145375, scale_pos_weight=2.817232932281565, subsample=0.8715407698156901;, score=0.680 total time= 1.2min
[CV 1/3] END colsample_bytree=0.5208364503011922, gamma=0.4239600802290161, learning_rate=0.15326467761253645, max_depth=5, n_estimators=451, reg_alpha=0.03557086703554835, reg_lambda=0.5085792894475785, scale_pos_weight=4.875952314827695, subsample=0.7309734683354778;, score=0.677 total time= 1.1min
[CV 1/3] END colsample_bytree=0.6691337529972492, gamma=4.640418201630249, learning_rate=0.05492312236877039, max_depth=11, n_estimators=423, reg_alpha=0.38865279862984703, reg_lambda=0.16368380146530148, scale_pos_weight=3.737913075141065, subsample=0.9641587664242885;, score=0.678 total time= 2.4min
[CV 1/3] END colsample_bytree=0.5468784603227783, gamma=2.88586391643775, learning_rate=0.18542768830228082, max_depth=7, n_estimators=410, reg_alpha=0.1608481739577462, reg_lambda=0.558042325148967, scale_pos_weight=9.117522168657098, subsample=0.870856030756465;, score=0.653 total time= 1.5min
[CV 1/3] END colsample_bytree=0.8610354691013685, gamma=4.430978902325372, learning_rate=0.12860886683735684, max_depth=7, n_estimators=529, reg_alpha=0.41262184084862374, reg_lambda=0.6956181464968069, scale_pos_weight=1.0321826360427868, subsample=0.8097946687299203;, score=0.678 total time= 1.0min
[CV 1/3] END colsample_bytree=0.8212825997675958, gamma=2.10624026647036, learning_rate=0.13723547294164656, max_depth=13, n_estimators=497, reg_alpha=0.9911264318213037, reg_lambda=0.7472195877420377, scale_pos_weight=8.399863866856117, subsample=0.9751563764652958;, score=0.640 total time= 4.2min
[CV 1/3] END colsample_bytree=0.6282650312221238, gamma=3.2708730073703722, learning_rate=0.04961952655194803, max_depth=10, n_estimators=460, reg_alpha=0.15124682873493456, reg_lambda=0.2253169299512351, scale_pos_weight=3.50966661340298, subsample=0.9253080289205688;, score=0.675 total time= 3.2min
[CV 1/3] END colsample_bytree=0.5844271033388431, gamma=2.5352555193272055, learning_rate=0.1296225258738036, max_depth=9, n_estimators=307, reg_alpha=0.8939897100078704, reg_lambda=0.6542925523249619, scale_pos_weight=2.5210428322227285, subsample=0.7201617091841745;, score=0.658 total time= 1.8min
[CV 2/3] END colsample_bytree=0.8255737924408371, gamma=3.1046428373921557, learning_rate=0.08047498932193088, max_depth=7, n_estimators=407, reg_alpha=0.47128716739816456, reg_lambda=0.9791049380151545, scale_pos_weight=7.3414213829573685, subsample=0.5631323707822513;, score=0.668 total time= 1.8min
[CV 3/3] END colsample_bytree=0.5553602966631579, gamma=2.112742141559723, learning_rate=0.018404935034281058, max_depth=10, n_estimators=569, reg_alpha=0.9180765521991506, reg_lambda=0.28003732955048943, scale_pos_weight=9.583416767991208, subsample=0.6461091152309488;, score=0.677 total time= 3.9min
[CV 3/3] END colsample_bytree=0.5221938860854272, gamma=1.3891103639086722, learning_rate=0.17333643509014363, max_depth=3, n_estimators=340, reg_alpha=0.8182066687482475, reg_lambda=0.5315994646044309, scale_pos_weight=9.7986267736116, subsample=0.7873897771322076;, score=0.686 total time=  40.4s
[CV 3/3] END colsample_bytree=0.5255676907210504, gamma=1.2880361016686093, learning_rate=0.02190494006955434, max_depth=6, n_estimators=445, reg_alpha=0.11448763806590512, reg_lambda=0.3838388830449795, scale_pos_weight=5.562365089555421, subsample=0.6845265108804583;, score=0.688 total time= 1.7min
[CV 2/3] END colsample_bytree=0.8462464133346126, gamma=2.149655386950741, learning_rate=0.14459332447888648, max_depth=9, n_estimators=372, reg_alpha=0.3063134987782127, reg_lambda=0.7889851599207933, scale_pos_weight=5.4641951640158215, subsample=0.8991901702591762;, score=0.643 total time= 2.4min
[CV 2/3] END colsample_bytree=0.9820087035588512, gamma=1.9210335649290011, learning_rate=0.017799202514982317, max_depth=8, n_estimators=533, reg_alpha=0.39543426799291437, reg_lambda=0.313206261070174, scale_pos_weight=2.470618505665884, subsample=0.7439255985962032;, score=0.684 total time= 2.8min
[CV 3/3] END colsample_bytree=0.872930019313506, gamma=2.7466123970158702, learning_rate=0.021548210373834756, max_depth=10, n_estimators=319, reg_alpha=0.4667820772311879, reg_lambda=0.034461259425, scale_pos_weight=10.696077268480954, subsample=0.9745560715447202;, score=0.681 total time= 3.1min
[CV 3/3] END colsample_bytree=0.5361582376289693, gamma=4.775576036458507, learning_rate=0.11451531986734903, max_depth=4, n_estimators=444, reg_alpha=0.5006242680704178, reg_lambda=0.7945155444907487, scale_pos_weight=8.070864772666981, subsample=0.5251130057319868;, score=0.683 total time=  50.5s
[CV 3/3] END colsample_bytree=0.9530555010662485, gamma=1.60747850623941, learning_rate=0.10528739726875833, max_depth=3, n_estimators=532, reg_alpha=0.21927396192387572, reg_lambda=0.03366917821387272, scale_pos_weight=3.1462807325880284, subsample=0.7080607140355462;, score=0.687 total time=  51.0s
[CV 2/3] END colsample_bytree=0.9459360724053674, gamma=2.1690870978826475, learning_rate=0.1919886287708784, max_depth=10, n_estimators=478, reg_alpha=0.08928952452557293, reg_lambda=0.6870192665032427, scale_pos_weight=5.938140404569287, subsample=0.6938244027278235;, score=0.623 total time= 3.5min
[CV 2/3] END colsample_bytree=0.6912901617853178, gamma=1.8386682540255495, learning_rate=0.0463478381418926, max_depth=9, n_estimators=523, reg_alpha=0.2933086107805647, reg_lambda=0.7731418739186715, scale_pos_weight=6.179605277125789, subsample=0.674047796584144;, score=0.668 total time= 2.9min
[CV 2/3] END colsample_bytree=0.5065147838785419, gamma=0.0709502469788359, learning_rate=0.17587832539170253, max_depth=13, n_estimators=424, reg_alpha=0.9437015928202208, reg_lambda=0.9601356044054472, scale_pos_weight=6.214596387214719, subsample=0.9886539539957518;, score=0.639 total time= 5.9min
[CV 2/3] END colsample_bytree=0.6345098233991553, gamma=2.58798150657761, learning_rate=0.06376934849056867, max_depth=12, n_estimators=513, reg_alpha=0.26532613755546697, reg_lambda=0.6015538792998241, scale_pos_weight=3.9655991220593068, subsample=0.857212082035621;, score=0.656 total time= 5.0min
[CV 2/3] END colsample_bytree=0.5341670524228022, gamma=2.1518737484539665, learning_rate=0.14915949553108898, max_depth=5, n_estimators=383, reg_alpha=0.09209525323290235, reg_lambda=0.5533790161267074, scale_pos_weight=7.4163190882735455, subsample=0.8518961554952538;, score=0.674 total time=  53.2s
[CV 2/3] END colsample_bytree=0.686777400523841, gamma=0.2524447220620396, learning_rate=0.13549731435685589, max_depth=6, n_estimators=306, reg_alpha=0.25310153917960876, reg_lambda=0.45025424614289034, scale_pos_weight=10.575810150838173, subsample=0.6995176588212173;, score=0.670 total time=  50.5s
[CV 1/3] END colsample_bytree=0.7974016073388948, gamma=1.8610019591260962, learning_rate=0.07660697436107967, max_depth=4, n_estimators=337, reg_alpha=0.3832842396422014, reg_lambda=0.49350099215440824, scale_pos_weight=3.833047624249306, subsample=0.8933847516785637;, score=0.687 total time=  40.4s
[CV 1/3] END colsample_bytree=0.8998593819824305, gamma=1.6680339451452157, learning_rate=0.18303866947956224, max_depth=3, n_estimators=481, reg_alpha=0.8598238353912759, reg_lambda=0.03500791480680565, scale_pos_weight=8.873733450051056, subsample=0.7056697332495719;, score=0.683 total time=  52.8s
[CV 1/3] END colsample_bytree=0.7575028298548616, gamma=2.6777690743983626, learning_rate=0.08137719503422204, max_depth=12, n_estimators=351, reg_alpha=0.8726358025468353, reg_lambda=0.8281168290063428, scale_pos_weight=3.160601162447664, subsample=0.9046621991426311;, score=0.667 total time= 3.2min
[CV 1/3] END colsample_bytree=0.6939130449584656, gamma=4.017688297313017, learning_rate=0.19035480570924576, max_depth=4, n_estimators=523, reg_alpha=0.04198542890958823, reg_lambda=0.4792600899145375, scale_pos_weight=2.817232932281565, subsample=0.8715407698156901;, score=0.679 total time= 1.1min
[CV 1/3] END colsample_bytree=0.9239639418816743, gamma=2.727925913345739, learning_rate=0.20634146850422833, max_depth=4, n_estimators=344, reg_alpha=0.9892177539577501, reg_lambda=0.23154843596504882, scale_pos_weight=10.425459396769053, subsample=0.5214187775595567;, score=0.673 total time=  49.5s
[CV 1/3] END colsample_bytree=0.9310072411363113, gamma=4.613785952566972, learning_rate=0.10741238376378719, max_depth=8, n_estimators=537, reg_alpha=0.17483862726041255, reg_lambda=0.5025660764634424, scale_pos_weight=4.9866302777231315, subsample=0.5731869960811246;, score=0.652 total time= 2.3min
[CV 3/3] END colsample_bytree=0.6972381392850177, gamma=2.297233842029933, learning_rate=0.1670033087674114, max_depth=3, n_estimators=404, reg_alpha=0.1021495296575381, reg_lambda=0.6586921462074435, scale_pos_weight=10.428311414132617, subsample=0.904441730818164;, score=0.686 total time=  43.0s
[CV 2/3] END colsample_bytree=0.5208364503011922, gamma=0.4239600802290161, learning_rate=0.15326467761253645, max_depth=5, n_estimators=451, reg_alpha=0.03557086703554835, reg_lambda=0.5085792894475785, scale_pos_weight=4.875952314827695, subsample=0.7309734683354778;, score=0.671 total time= 1.1min
[CV 2/3] END colsample_bytree=0.6691337529972492, gamma=4.640418201630249, learning_rate=0.05492312236877039, max_depth=11, n_estimators=423, reg_alpha=0.38865279862984703, reg_lambda=0.16368380146530148, scale_pos_weight=3.737913075141065, subsample=0.9641587664242885;, score=0.671 total time= 2.3min
[CV 2/3] END colsample_bytree=0.5468784603227783, gamma=2.88586391643775, learning_rate=0.18542768830228082, max_depth=7, n_estimators=410, reg_alpha=0.1608481739577462, reg_lambda=0.558042325148967, scale_pos_weight=9.117522168657098, subsample=0.870856030756465;, score=0.645 total time= 1.5min
[CV 2/3] END colsample_bytree=0.8610354691013685, gamma=4.430978902325372, learning_rate=0.12860886683735684, max_depth=7, n_estimators=529, reg_alpha=0.41262184084862374, reg_lambda=0.6956181464968069, scale_pos_weight=1.0321826360427868, subsample=0.8097946687299203;, score=0.675 total time= 1.1min
[CV 2/3] END colsample_bytree=0.8212825997675958, gamma=2.10624026647036, learning_rate=0.13723547294164656, max_depth=13, n_estimators=497, reg_alpha=0.9911264318213037, reg_lambda=0.7472195877420377, scale_pos_weight=8.399863866856117, subsample=0.9751563764652958;, score=0.640 total time= 4.3min
[CV 3/3] END colsample_bytree=0.6282650312221238, gamma=3.2708730073703722, learning_rate=0.04961952655194803, max_depth=10, n_estimators=460, reg_alpha=0.15124682873493456, reg_lambda=0.2253169299512351, scale_pos_weight=3.50966661340298, subsample=0.9253080289205688;, score=0.676 total time= 3.1min
[CV 1/3] END colsample_bytree=0.807649012534901, gamma=0.41732042494691646, learning_rate=0.18648327368146778, max_depth=14, n_estimators=315, reg_alpha=0.9884159894120765, reg_lambda=0.4853589831598871, scale_pos_weight=2.2243389835894103, subsample=0.8625927740136954;, score=0.645 total time= 4.2min
[CV 1/3] END colsample_bytree=0.640760599207465, gamma=4.363769197830639, learning_rate=0.032516078082387406, max_depth=8, n_estimators=463, reg_alpha=0.09653447019544081, reg_lambda=0.24189382825883898, scale_pos_weight=1.124040362773148, subsample=0.7343839827322529;, score=0.687 total time= 1.9min
[CV 1/3] END colsample_bytree=0.5163228387728342, gamma=4.3427575316014435, learning_rate=0.022937378703026316, max_depth=3, n_estimators=307, reg_alpha=0.5174463517550413, reg_lambda=0.4304274103209902, scale_pos_weight=4.169465877911193, subsample=0.7172979804293559;, score=0.679 total time=  25.5s
[CV 2/3] END colsample_bytree=0.8382131811691962, gamma=0.6584671923601926, learning_rate=0.05683688936309714, max_depth=14, n_estimators=366, reg_alpha=0.6522242595454725, reg_lambda=0.9505310525862035, scale_pos_weight=7.0065106654835585, subsample=0.8717969580882798;, score=0.649 total time= 8.4min
[CV 1/3] END colsample_bytree=0.872930019313506, gamma=2.7466123970158702, learning_rate=0.021548210373834756, max_depth=10, n_estimators=319, reg_alpha=0.4667820772311879, reg_lambda=0.034461259425, scale_pos_weight=10.696077268480954, subsample=0.9745560715447202;, score=0.679 total time= 2.8min
[CV 1/3] END colsample_bytree=0.8615747432323148, gamma=1.4016723039576044, learning_rate=0.14748127282724752, max_depth=8, n_estimators=374, reg_alpha=0.3488205339694793, reg_lambda=0.11099809879131484, scale_pos_weight=9.082352100092221, subsample=0.9738440129822354;, score=0.651 total time= 1.4min
[CV 1/3] END colsample_bytree=0.7315863583756709, gamma=1.1732672088792468, learning_rate=0.0706388118922092, max_depth=8, n_estimators=329, reg_alpha=0.5201698923107512, reg_lambda=0.14287596133941172, scale_pos_weight=8.753461504031357, subsample=0.6357046902233572;, score=0.672 total time= 1.4min
[CV 1/3] END colsample_bytree=0.7502005728551007, gamma=2.163645680098523, learning_rate=0.1015399210318588, max_depth=4, n_estimators=555, reg_alpha=0.3687071708647952, reg_lambda=0.3698132559871766, scale_pos_weight=1.523550201874724, subsample=0.8837838142589591;, score=0.687 total time= 1.0min
[CV 2/3] END colsample_bytree=0.8038760611263613, gamma=1.476507387859164, learning_rate=0.03732018073023453, max_depth=9, n_estimators=591, reg_alpha=0.7385974581323307, reg_lambda=0.31562734376335, scale_pos_weight=7.448326040223138, subsample=0.6975654538057516;, score=0.668 total time= 3.5min
[CV 1/3] END colsample_bytree=0.637351907523946, gamma=4.034827454419968, learning_rate=0.10193297408053224, max_depth=12, n_estimators=522, reg_alpha=0.04389994264300512, reg_lambda=0.16574977982015593, scale_pos_weight=5.455416387418909, subsample=0.604592732703964;, score=0.637 total time= 4.2min
[CV 1/3] END colsample_bytree=0.693161586538233, gamma=2.8692062705225667, learning_rate=0.09312077918146709, max_depth=3, n_estimators=413, reg_alpha=0.9022364034622381, reg_lambda=0.87735561220526, scale_pos_weight=10.743722386792577, subsample=0.5137595925702076;, score=0.685 total time=  49.0s
[CV 2/3] END colsample_bytree=0.9199080810727656, gamma=3.7588608651954662, learning_rate=0.05573888188007296, max_depth=3, n_estimators=577, reg_alpha=0.8667703545060003, reg_lambda=0.28247874397702666, scale_pos_weight=10.504591705752958, subsample=0.7908111464945968;, score=0.682 total time=  56.3s
[CV 2/3] END colsample_bytree=0.6017891887731802, gamma=0.05045303344512364, learning_rate=0.09749638532164194, max_depth=5, n_estimators=337, reg_alpha=0.7317247365642129, reg_lambda=0.6406355928025865, scale_pos_weight=5.159439045818551, subsample=0.8795344696291878;, score=0.682 total time= 1.0min
[CV 1/3] END colsample_bytree=0.6345098233991553, gamma=2.58798150657761, learning_rate=0.06376934849056867, max_depth=12, n_estimators=513, reg_alpha=0.26532613755546697, reg_lambda=0.6015538792998241, scale_pos_weight=3.9655991220593068, subsample=0.857212082035621;, score=0.659 total time= 5.0min
[CV 1/3] END colsample_bytree=0.5341670524228022, gamma=2.1518737484539665, learning_rate=0.14915949553108898, max_depth=5, n_estimators=383, reg_alpha=0.09209525323290235, reg_lambda=0.5533790161267074, scale_pos_weight=7.4163190882735455, subsample=0.8518961554952538;, score=0.679 total time=  56.4s
[CV 1/3] END colsample_bytree=0.686777400523841, gamma=0.2524447220620396, learning_rate=0.13549731435685589, max_depth=6, n_estimators=306, reg_alpha=0.25310153917960876, reg_lambda=0.45025424614289034, scale_pos_weight=10.575810150838173, subsample=0.6995176588212173;, score=0.672 total time=  55.9s
[CV 2/3] END colsample_bytree=0.7974016073388948, gamma=1.8610019591260962, learning_rate=0.07660697436107967, max_depth=4, n_estimators=337, reg_alpha=0.3832842396422014, reg_lambda=0.49350099215440824, scale_pos_weight=3.833047624249306, subsample=0.8933847516785637;, score=0.683 total time=  44.2s
[CV 2/3] END colsample_bytree=0.9368614600911125, gamma=3.1897713134236936, learning_rate=0.1767286268287917, max_depth=10, n_estimators=413, reg_alpha=0.6493223245768817, reg_lambda=0.9362806214689267, scale_pos_weight=1.6400634660862092, subsample=0.9123716186735038;, score=0.657 total time= 1.3min
[CV 2/3] END colsample_bytree=0.9144356381264793, gamma=1.7444503752091178, learning_rate=0.11431987920227164, max_depth=7, n_estimators=386, reg_alpha=0.8379083748518036, reg_lambda=0.8587642793494722, scale_pos_weight=8.483558536657398, subsample=0.7196053006248586;, score=0.661 total time= 1.5min
[CV 2/3] END colsample_bytree=0.7177916574064664, gamma=4.089171080875108, learning_rate=0.03404181107412169, max_depth=8, n_estimators=388, reg_alpha=0.32838122788508106, reg_lambda=0.6302087483291442, scale_pos_weight=7.098318054986946, subsample=0.7817194636742294;, score=0.680 total time= 1.8min
[CV 1/3] END colsample_bytree=0.5926142232737048, gamma=4.5887624458568865, learning_rate=0.09490548503927237, max_depth=8, n_estimators=562, reg_alpha=0.8157486435042809, reg_lambda=0.3735096830383876, scale_pos_weight=6.26499194153781, subsample=0.5561521722056095;, score=0.655 total time= 2.7min
[CV 3/3] END colsample_bytree=0.8309195949246893, gamma=2.7889170868501245, learning_rate=0.15613010204784925, max_depth=6, n_estimators=563, reg_alpha=0.5804750067166746, reg_lambda=0.08876739410776846, scale_pos_weight=10.616657359548132, subsample=0.8174800227955166;, score=0.660 total time= 1.9min
[CV 3/3] END colsample_bytree=0.5180801902623811, gamma=1.515641779726643, learning_rate=0.06262251398216857, max_depth=4, n_estimators=557, reg_alpha=0.9369578230310628, reg_lambda=0.5538022407123763, scale_pos_weight=4.055243106580235, subsample=0.6984907585371417;, score=0.688 total time= 1.3min
[CV 2/3] END colsample_bytree=0.558183198942738, gamma=4.087248542455958, learning_rate=0.08612465869531602, max_depth=10, n_estimators=457, reg_alpha=0.7214220673287317, reg_lambda=0.1412780492755058, scale_pos_weight=3.1198249090223853, subsample=0.909367502037135;, score=0.666 total time= 1.7min
[CV 2/3] END colsample_bytree=0.5853323792749991, gamma=0.37314907168540856, learning_rate=0.16653920814882986, max_depth=5, n_estimators=562, reg_alpha=0.6921613416941319, reg_lambda=0.06229179813006269, scale_pos_weight=6.094221281497897, subsample=0.9983484269264884;, score=0.669 total time=  51.9s
[CV 3/3] END colsample_bytree=0.5669018681397444, gamma=2.0929031081196765, learning_rate=0.16806754717202965, max_depth=7, n_estimators=437, reg_alpha=0.6809748272382445, reg_lambda=0.1896948481746772, scale_pos_weight=7.189481930077215, subsample=0.6617501974557369;, score=0.654 total time= 1.5min
[CV 1/3] END colsample_bytree=0.5343564162591339, gamma=2.1214844294244406, learning_rate=0.026523532691853736, max_depth=14, n_estimators=522, reg_alpha=0.7824849245639379, reg_lambda=0.22784241754310997, scale_pos_weight=10.759908495987924, subsample=0.8336751990232142;, score=0.653 total time=11.3min
[CV 1/3] END colsample_bytree=0.7058827707922543, gamma=3.2548673357547706, learning_rate=0.11908637388138109, max_depth=10, n_estimators=593, reg_alpha=0.8064036172328395, reg_lambda=0.45923987759695806, scale_pos_weight=1.5195657755426841, subsample=0.8931390996920165;, score=0.668 total time= 1.7min
[CV 2/3] END colsample_bytree=0.5844271033388431, gamma=2.5352555193272055, learning_rate=0.1296225258738036, max_depth=9, n_estimators=307, reg_alpha=0.8939897100078704, reg_lambda=0.6542925523249619, scale_pos_weight=2.5210428322227285, subsample=0.7201617091841745;, score=0.653 total time= 2.0min
[CV 2/3] END colsample_bytree=0.6396380442272052, gamma=3.214409550293538, learning_rate=0.14883011470196622, max_depth=11, n_estimators=593, reg_alpha=0.36037781993034756, reg_lambda=0.06850540662697957, scale_pos_weight=8.631552912588894, subsample=0.7041531713797256;, score=0.622 total time= 4.6min
[CV 2/3] END colsample_bytree=0.8869398278650782, gamma=3.0096171550756576, learning_rate=0.18850465799096924, max_depth=8, n_estimators=531, reg_alpha=0.9481083201714422, reg_lambda=0.44524611228478816, scale_pos_weight=8.888022639053595, subsample=0.8198027805888409;, score=0.629 total time= 2.4min
[CV 2/3] END colsample_bytree=0.6809599954189325, gamma=2.9683039560426923, learning_rate=0.012026236805548676, max_depth=4, n_estimators=350, reg_alpha=0.9132869475762367, reg_lambda=0.6125734683448192, scale_pos_weight=9.736985934663451, subsample=0.861986527733047;, score=0.675 total time= 1.0min
[CV 3/3] END colsample_bytree=0.8462464133346126, gamma=2.149655386950741, learning_rate=0.14459332447888648, max_depth=9, n_estimators=372, reg_alpha=0.3063134987782127, reg_lambda=0.7889851599207933, scale_pos_weight=5.4641951640158215, subsample=0.8991901702591762;, score=0.650 total time= 2.4min
[CV 1/3] END colsample_bytree=0.5650238912555694, gamma=4.177401181911638, learning_rate=0.08407939725506129, max_depth=14, n_estimators=334, reg_alpha=0.8884036723086812, reg_lambda=0.6029428764794615, scale_pos_weight=9.267073597414875, subsample=0.9920065816052321;, score=0.657 total time= 2.8min
[CV 1/3] END colsample_bytree=0.6932702534115139, gamma=2.5563773110037555, learning_rate=0.10846509600023639, max_depth=4, n_estimators=478, reg_alpha=0.8944525568242322, reg_lambda=0.4559792757599369, scale_pos_weight=5.434558363819042, subsample=0.8010584926773898;, score=0.684 total time=  59.3s
[CV 1/3] END colsample_bytree=0.7636130904199001, gamma=3.1627205498291393, learning_rate=0.13889405542420674, max_depth=14, n_estimators=493, reg_alpha=0.3334073221591105, reg_lambda=0.7330511898599934, scale_pos_weight=6.285781097221971, subsample=0.8966970071526739;, score=0.644 total time= 2.8min
[CV 1/3] END colsample_bytree=0.9530555010662485, gamma=1.60747850623941, learning_rate=0.10528739726875833, max_depth=3, n_estimators=532, reg_alpha=0.21927396192387572, reg_lambda=0.03366917821387272, scale_pos_weight=3.1462807325880284, subsample=0.7080607140355462;, score=0.687 total time=  49.9s
[CV 2/3] END colsample_bytree=0.8704520280760357, gamma=1.581350748646534, learning_rate=0.030378477613202705, max_depth=3, n_estimators=406, reg_alpha=0.27039328638452553, reg_lambda=0.8427119021605549, scale_pos_weight=4.1334791758514315, subsample=0.8944662358880036;, score=0.679 total time=  44.6s
[CV 3/3] END colsample_bytree=0.9753863538656691, gamma=3.512702507674035, learning_rate=0.06961044172788863, max_depth=7, n_estimators=510, reg_alpha=0.6441492214759159, reg_lambda=0.04818601239329623, scale_pos_weight=4.600504659009784, subsample=0.978399907742143;, score=0.681 total time= 1.7min
[CV 2/3] END colsample_bytree=0.6337963383639857, gamma=4.177401128710972, learning_rate=0.012938677730990769, max_depth=7, n_estimators=401, reg_alpha=0.3373455467690927, reg_lambda=0.019327630917601035, scale_pos_weight=2.243683990005102, subsample=0.7068213374593176;, score=0.683 total time= 1.7min
[CV 1/3] END colsample_bytree=0.8030732824667399, gamma=1.4557212389258951, learning_rate=0.05141898363531425, max_depth=13, n_estimators=431, reg_alpha=0.8994552125461016, reg_lambda=0.7101354317980658, scale_pos_weight=10.373784381643208, subsample=0.8016459028574715;, score=0.648 total time= 7.1min
[CV 1/3] END colsample_bytree=0.6017891887731802, gamma=0.05045303344512364, learning_rate=0.09749638532164194, max_depth=5, n_estimators=337, reg_alpha=0.7317247365642129, reg_lambda=0.6406355928025865, scale_pos_weight=5.159439045818551, subsample=0.8795344696291878;, score=0.686 total time=  52.4s
[CV 1/3] END colsample_bytree=0.6102442173445533, gamma=3.812414422377765, learning_rate=0.11849420069253122, max_depth=10, n_estimators=540, reg_alpha=0.38068968116086577, reg_lambda=0.4144697155393433, scale_pos_weight=8.538297005692186, subsample=0.5103356844459522;, score=0.630 total time= 3.9min
[CV 1/3] END colsample_bytree=0.5259178995598646, gamma=2.7442933253867796, learning_rate=0.06752654580873564, max_depth=13, n_estimators=582, reg_alpha=0.4116554604567024, reg_lambda=0.9349944318387654, scale_pos_weight=5.3054020950719, subsample=0.9389922484924174;, score=0.660 total time= 4.4min
[CV 3/3] END colsample_bytree=0.5526966090539026, gamma=3.8222036403775217, learning_rate=0.09193421067519852, max_depth=4, n_estimators=420, reg_alpha=0.26023659798522936, reg_lambda=0.1594922625413583, scale_pos_weight=2.6046261427122643, subsample=0.5352459728215724;, score=0.687 total time=  57.3s
[CV 3/3] END colsample_bytree=0.8052733775077123, gamma=0.8018270305987157, learning_rate=0.14472908349498156, max_depth=6, n_estimators=411, reg_alpha=0.11755130015021997, reg_lambda=0.16528449014295743, scale_pos_weight=1.0199213521907027, subsample=0.8593698089267652;, score=0.674 total time= 1.3min
[CV 1/3] END colsample_bytree=0.7496669174893091, gamma=1.3300963900269036, learning_rate=0.03984755559003523, max_depth=6, n_estimators=333, reg_alpha=0.32467592689006, reg_lambda=0.7373570773877997, scale_pos_weight=5.7601812936876655, subsample=0.6879441425728847;, score=0.687 total time= 1.0min
[CV 3/3] END colsample_bytree=0.995794204435137, gamma=4.853749788353351, learning_rate=0.19846307793463858, max_depth=5, n_estimators=327, reg_alpha=0.3548413602568904, reg_lambda=0.4121309302627716, scale_pos_weight=6.4961604371892445, subsample=0.9152672282024199;, score=0.676 total time=  48.8s
[CV 1/3] END colsample_bytree=0.5626167852164136, gamma=2.3716805495310695, learning_rate=0.032791326942863436, max_depth=7, n_estimators=459, reg_alpha=0.7480731794295321, reg_lambda=0.8117697880901376, scale_pos_weight=7.564786073315027, subsample=0.5640478731831;, score=0.685 total time= 1.7min
[CV 2/3] END colsample_bytree=0.992334869762254, gamma=4.6869403324855945, learning_rate=0.018634747159402335, max_depth=4, n_estimators=557, reg_alpha=0.1317287734545619, reg_lambda=0.7259799099852955, scale_pos_weight=9.17785329856945, subsample=0.606755683155336;, score=0.681 total time= 1.3min
[CV 3/3] END colsample_bytree=0.6876299522213332, gamma=2.6934783367151955, learning_rate=0.11483183414523244, max_depth=12, n_estimators=389, reg_alpha=0.8399639802821826, reg_lambda=0.8326804693470432, scale_pos_weight=1.110316142624658, subsample=0.8747727422344441;, score=0.667 total time= 1.8min
[CV 1/3] END colsample_bytree=0.6640963768046557, gamma=2.1700968308693764, learning_rate=0.02772008593592345, max_depth=6, n_estimators=412, reg_alpha=0.5982252940637388, reg_lambda=0.7356631142391898, scale_pos_weight=10.983475113929497, subsample=0.9665566656717788;, score=0.688 total time= 1.7min
[CV 2/3] END colsample_bytree=0.7414844360426776, gamma=0.6673998620797189, learning_rate=0.026120302751424934, max_depth=9, n_estimators=594, reg_alpha=0.49646115235529975, reg_lambda=0.43685070261517955, scale_pos_weight=8.295082286523968, subsample=0.8827564494955549;, score=0.675 total time= 4.1min
[CV 2/3] END colsample_bytree=0.5408626728733892, gamma=2.291503207643282, learning_rate=0.10693925742600939, max_depth=7, n_estimators=304, reg_alpha=0.9456981470002823, reg_lambda=0.8499753714806619, scale_pos_weight=7.690223373291083, subsample=0.7311477805003036;, score=0.667 total time= 1.2min
[CV 2/3] END colsample_bytree=0.9575450342035217, gamma=2.6651443362307, learning_rate=0.04159096456706961, max_depth=6, n_estimators=567, reg_alpha=0.16603431341619546, reg_lambda=0.6134731386391763, scale_pos_weight=4.631007366340104, subsample=0.9485931704823094;, score=0.682 total time= 1.9min
[CV 1/3] END colsample_bytree=0.6221699703932331, gamma=0.5647160420558678, learning_rate=0.027435893566366235, max_depth=3, n_estimators=462, reg_alpha=0.1419719897609939, reg_lambda=0.3479414115821666, scale_pos_weight=5.503509789054126, subsample=0.8744131684816532;, score=0.684 total time=  59.3s
[CV 2/3] END colsample_bytree=0.8796243665304214, gamma=4.518039221733975, learning_rate=0.05655262942025776, max_depth=11, n_estimators=551, reg_alpha=0.6649849034759953, reg_lambda=0.260286857566003, scale_pos_weight=10.071950307058298, subsample=0.8353661559529171;, score=0.643 total time= 5.1min
[CV 1/3] END colsample_bytree=0.5221938860854272, gamma=1.3891103639086722, learning_rate=0.17333643509014363, max_depth=3, n_estimators=340, reg_alpha=0.8182066687482475, reg_lambda=0.5315994646044309, scale_pos_weight=9.7986267736116, subsample=0.7873897771322076;, score=0.684 total time=  34.7s
[CV 1/3] END colsample_bytree=0.5255676907210504, gamma=1.2880361016686093, learning_rate=0.02190494006955434, max_depth=6, n_estimators=445, reg_alpha=0.11448763806590512, reg_lambda=0.3838388830449795, scale_pos_weight=5.562365089555421, subsample=0.6845265108804583;, score=0.688 total time= 1.7min
[CV 3/3] END colsample_bytree=0.5602792082018451, gamma=4.512266536429209, learning_rate=0.023288768871154976, max_depth=10, n_estimators=557, reg_alpha=0.011706610730904066, reg_lambda=0.422034260127639, scale_pos_weight=3.9504070765415626, subsample=0.7430002468988015;, score=0.683 total time= 4.8min
[CV 3/3] END colsample_bytree=0.9832086929332037, gamma=2.7885441312502195, learning_rate=0.07945540780610151, max_depth=14, n_estimators=579, reg_alpha=0.999713804155914, reg_lambda=0.15052149166341355, scale_pos_weight=9.16756930119528, subsample=0.603654501593779;, score=0.644 total time= 6.7min
[CV 3/3] END colsample_bytree=0.7082522159519395, gamma=4.110899434082117, learning_rate=0.1800696002239791, max_depth=11, n_estimators=465, reg_alpha=0.4722818041629817, reg_lambda=0.8801567379214851, scale_pos_weight=3.157406791764541, subsample=0.838906600155022;, score=0.653 total time= 1.7min
[CV 1/3] END colsample_bytree=0.7464322922237233, gamma=2.0214487362743454, learning_rate=0.11618753568241877, max_depth=8, n_estimators=323, reg_alpha=0.724856499315017, reg_lambda=0.8776470196507814, scale_pos_weight=1.4165681838268243, subsample=0.6988237897960181;, score=0.668 total time= 1.4min
[CV 2/3] END colsample_bytree=0.7367004407474562, gamma=0.2985824448544466, learning_rate=0.14432845630920596, max_depth=6, n_estimators=389, reg_alpha=0.9902088935876214, reg_lambda=0.23915877778224304, scale_pos_weight=6.307373552868358, subsample=0.8254786675590363;, score=0.668 total time= 1.1min
[CV 1/3] END colsample_bytree=0.5249895143298393, gamma=4.218248320259119, learning_rate=0.2062385058328232, max_depth=4, n_estimators=310, reg_alpha=0.3918582964090789, reg_lambda=0.6591137644695265, scale_pos_weight=2.0889331398103907, subsample=0.8182693233766771;, score=0.682 total time=  36.8s
[CV 1/3] END colsample_bytree=0.7491180002496365, gamma=2.0333703499929157, learning_rate=0.20060400423577984, max_depth=11, n_estimators=438, reg_alpha=0.45896347937729864, reg_lambda=0.9193874045726727, scale_pos_weight=2.7609547133059467, subsample=0.6069785193441184;, score=0.630 total time= 3.0min
[CV 1/3] END colsample_bytree=0.8177218228297614, gamma=0.45360851117465517, learning_rate=0.016523589668313302, max_depth=5, n_estimators=412, reg_alpha=0.4443653492415144, reg_lambda=0.2755479392194834, scale_pos_weight=7.220395623709938, subsample=0.9962211446873894;, score=0.685 total time= 1.2min
[CV 1/3] END colsample_bytree=0.9199080810727656, gamma=3.7588608651954662, learning_rate=0.05573888188007296, max_depth=3, n_estimators=577, reg_alpha=0.8667703545060003, reg_lambda=0.28247874397702666, scale_pos_weight=10.504591705752958, subsample=0.7908111464945968;, score=0.687 total time=  54.6s
[CV 1/3] END colsample_bytree=0.7126140927188469, gamma=0.1878554519945369, learning_rate=0.035573360244483515, max_depth=11, n_estimators=548, reg_alpha=0.061330955643282614, reg_lambda=0.3621762547987283, scale_pos_weight=8.231282738825541, subsample=0.6002801255364915;, score=0.657 total time= 5.2min
[CV 1/3] END colsample_bytree=0.9910247685079813, gamma=3.9243091147944007, learning_rate=0.1566973492984208, max_depth=9, n_estimators=313, reg_alpha=0.7809958936149914, reg_lambda=0.7852688115160151, scale_pos_weight=7.011026956243283, subsample=0.9951808909991859;, score=0.660 total time= 1.1min
[CV 3/3] END colsample_bytree=0.5341670524228022, gamma=2.1518737484539665, learning_rate=0.14915949553108898, max_depth=5, n_estimators=383, reg_alpha=0.09209525323290235, reg_lambda=0.5533790161267074, scale_pos_weight=7.4163190882735455, subsample=0.8518961554952538;, score=0.679 total time=  59.2s
[CV 1/3] END colsample_bytree=0.5421506573056751, gamma=4.0359465939559405, learning_rate=0.18226392516301818, max_depth=6, n_estimators=392, reg_alpha=0.512726394261776, reg_lambda=0.4383849800307613, scale_pos_weight=10.962622865248768, subsample=0.6145859756070811;, score=0.657 total time= 1.1min
[CV 1/3] END colsample_bytree=0.6987240784495459, gamma=2.5680552327216226, learning_rate=0.060671434011932285, max_depth=13, n_estimators=537, reg_alpha=0.2914957409237229, reg_lambda=0.7707425309055517, scale_pos_weight=5.274956503567592, subsample=0.6031087025420699;, score=0.651 total time= 7.9min
[CV 2/3] END colsample_bytree=0.9069851347530093, gamma=3.0760971911550543, learning_rate=0.07125072415732234, max_depth=6, n_estimators=423, reg_alpha=0.8480158852494014, reg_lambda=0.7243174696766612, scale_pos_weight=8.920936337605433, subsample=0.7023992145425999;, score=0.677 total time= 1.2min
[CV 1/3] END colsample_bytree=0.5382084297190257, gamma=1.3968385696735819, learning_rate=0.19606377696756475, max_depth=14, n_estimators=531, reg_alpha=0.46147746462473416, reg_lambda=0.6372014768082804, scale_pos_weight=7.593539222057827, subsample=0.9475588703532682;, score=0.634 total time= 3.3min
[CV 3/3] END colsample_bytree=0.6261205100866808, gamma=3.7752096437313916, learning_rate=0.102107899454828, max_depth=10, n_estimators=537, reg_alpha=0.7764474464997246, reg_lambda=0.6561618376810715, scale_pos_weight=2.774287694697069, subsample=0.7725134594484692;, score=0.662 total time= 3.1min
[CV 2/3] END colsample_bytree=0.5385291395671656, gamma=0.292754646219896, learning_rate=0.07684766373921216, max_depth=12, n_estimators=416, reg_alpha=0.7886149646724064, reg_lambda=0.5172690564416094, scale_pos_weight=5.401989979554905, subsample=0.5737262633531419;, score=0.634 total time= 5.9min
[CV 3/3] END colsample_bytree=0.5408626728733892, gamma=2.291503207643282, learning_rate=0.10693925742600939, max_depth=7, n_estimators=304, reg_alpha=0.9456981470002823, reg_lambda=0.8499753714806619, scale_pos_weight=7.690223373291083, subsample=0.7311477805003036;, score=0.676 total time= 1.2min
[CV 3/3] END colsample_bytree=0.9575450342035217, gamma=2.6651443362307, learning_rate=0.04159096456706961, max_depth=6, n_estimators=567, reg_alpha=0.16603431341619546, reg_lambda=0.6134731386391763, scale_pos_weight=4.631007366340104, subsample=0.9485931704823094;, score=0.688 total time= 1.9min
[CV 3/3] END colsample_bytree=0.6221699703932331, gamma=0.5647160420558678, learning_rate=0.027435893566366235, max_depth=3, n_estimators=462, reg_alpha=0.1419719897609939, reg_lambda=0.3479414115821666, scale_pos_weight=5.503509789054126, subsample=0.8744131684816532;, score=0.684 total time=  55.4s
[CV 2/3] END colsample_bytree=0.78022031549022, gamma=0.5549473460674054, learning_rate=0.09941110876128509, max_depth=8, n_estimators=441, reg_alpha=0.86456360952267, reg_lambda=0.5466482201877885, scale_pos_weight=4.804005489704096, subsample=0.9884001642553297;, score=0.664 total time= 2.4min
[CV 2/3] END colsample_bytree=0.6506326303800002, gamma=2.991787421488794, learning_rate=0.06944756154172343, max_depth=13, n_estimators=521, reg_alpha=0.5988082963834914, reg_lambda=0.06449127124916754, scale_pos_weight=9.772394571622005, subsample=0.9386308814130897;, score=0.643 total time= 5.0min
[CV 2/3] END colsample_bytree=0.7885999433672755, gamma=0.2186953615447368, learning_rate=0.03460065902474913, max_depth=3, n_estimators=426, reg_alpha=0.34316735317265823, reg_lambda=0.729173487549448, scale_pos_weight=7.522916485919397, subsample=0.9228021814949534;, score=0.680 total time=  58.1s
[CV 3/3] END colsample_bytree=0.8442025092460684, gamma=1.8727644351006068, learning_rate=0.04337204033975057, max_depth=7, n_estimators=306, reg_alpha=0.14259414408190874, reg_lambda=0.8900970351838083, scale_pos_weight=4.458774607378574, subsample=0.5772298736116619;, score=0.687 total time= 1.4min
[CV 1/3] END colsample_bytree=0.920861680872338, gamma=2.901107593925147, learning_rate=0.12193768896758798, max_depth=6, n_estimators=412, reg_alpha=0.14055296757836078, reg_lambda=0.4855896996593978, scale_pos_weight=1.2753671986946549, subsample=0.7527275589552249;, score=0.678 total time= 1.2min
[CV 1/3] END colsample_bytree=0.6442027189093729, gamma=4.805677427037965, learning_rate=0.08789637898048407, max_depth=8, n_estimators=367, reg_alpha=0.9801089924137669, reg_lambda=0.47787844802224244, scale_pos_weight=6.322575311489761, subsample=0.5841684779595651;, score=0.665 total time= 1.7min
[CV 2/3] END colsample_bytree=0.9262788909507768, gamma=3.5544235834115954, learning_rate=0.1913885617669668, max_depth=13, n_estimators=416, reg_alpha=0.5991205850403252, reg_lambda=0.35346074054678245, scale_pos_weight=5.5846642456925775, subsample=0.5189907816449267;, score=0.616 total time= 3.1min
[CV 2/3] END colsample_bytree=0.5361582376289693, gamma=4.775576036458507, learning_rate=0.11451531986734903, max_depth=4, n_estimators=444, reg_alpha=0.5006242680704178, reg_lambda=0.7945155444907487, scale_pos_weight=8.070864772666981, subsample=0.5251130057319868;, score=0.678 total time=  58.1s
[CV 2/3] END colsample_bytree=0.9530555010662485, gamma=1.60747850623941, learning_rate=0.10528739726875833, max_depth=3, n_estimators=532, reg_alpha=0.21927396192387572, reg_lambda=0.03366917821387272, scale_pos_weight=3.1462807325880284, subsample=0.7080607140355462;, score=0.682 total time=  50.0s
[CV 3/3] END colsample_bytree=0.8704520280760357, gamma=1.581350748646534, learning_rate=0.030378477613202705, max_depth=3, n_estimators=406, reg_alpha=0.27039328638452553, reg_lambda=0.8427119021605549, scale_pos_weight=4.1334791758514315, subsample=0.8944662358880036;, score=0.684 total time=  45.4s
[CV 2/3] END colsample_bytree=0.7502005728551007, gamma=2.163645680098523, learning_rate=0.1015399210318588, max_depth=4, n_estimators=555, reg_alpha=0.3687071708647952, reg_lambda=0.3698132559871766, scale_pos_weight=1.523550201874724, subsample=0.8837838142589591;, score=0.683 total time= 1.1min
[CV 3/3] END colsample_bytree=0.8038760611263613, gamma=1.476507387859164, learning_rate=0.03732018073023453, max_depth=9, n_estimators=591, reg_alpha=0.7385974581323307, reg_lambda=0.31562734376335, scale_pos_weight=7.448326040223138, subsample=0.6975654538057516;, score=0.673 total time= 3.4min
[CV 3/3] END colsample_bytree=0.7238367127052092, gamma=0.6713742545113777, learning_rate=0.2015868242113541, max_depth=13, n_estimators=525, reg_alpha=0.24189329411288918, reg_lambda=0.5006035711547075, scale_pos_weight=7.796203327351078, subsample=0.5381196089867822;, score=0.617 total time= 5.2min
[CV 3/3] END colsample_bytree=0.9199080810727656, gamma=3.7588608651954662, learning_rate=0.05573888188007296, max_depth=3, n_estimators=577, reg_alpha=0.8667703545060003, reg_lambda=0.28247874397702666, scale_pos_weight=10.504591705752958, subsample=0.7908111464945968;, score=0.688 total time=  60.0s
[CV 3/3] END colsample_bytree=0.6017891887731802, gamma=0.05045303344512364, learning_rate=0.09749638532164194, max_depth=5, n_estimators=337, reg_alpha=0.7317247365642129, reg_lambda=0.6406355928025865, scale_pos_weight=5.159439045818551, subsample=0.8795344696291878;, score=0.686 total time=  53.1s
[CV 3/3] END colsample_bytree=0.6102442173445533, gamma=3.812414422377765, learning_rate=0.11849420069253122, max_depth=10, n_estimators=540, reg_alpha=0.38068968116086577, reg_lambda=0.4144697155393433, scale_pos_weight=8.538297005692186, subsample=0.5103356844459522;, score=0.627 total time= 4.0min
[CV 2/3] END colsample_bytree=0.8027523833079382, gamma=1.2356577733069596, learning_rate=0.08117095185184228, max_depth=4, n_estimators=318, reg_alpha=0.677540945503534, reg_lambda=0.07211109292943518, scale_pos_weight=3.0540140847802935, subsample=0.6907205207066558;, score=0.683 total time=  43.9s
[CV 1/3] END colsample_bytree=0.989478753520552, gamma=2.777477120529301, learning_rate=0.0479630605944312, max_depth=6, n_estimators=518, reg_alpha=0.5197042628944842, reg_lambda=0.074042217912348, scale_pos_weight=7.054826692144046, subsample=0.758394969564079;, score=0.686 total time= 1.5min
[CV 2/3] END colsample_bytree=0.5421506573056751, gamma=4.0359465939559405, learning_rate=0.18226392516301818, max_depth=6, n_estimators=392, reg_alpha=0.512726394261776, reg_lambda=0.4383849800307613, scale_pos_weight=10.962622865248768, subsample=0.6145859756070811;, score=0.654 total time= 1.1min
[CV 2/3] END colsample_bytree=0.6987240784495459, gamma=2.5680552327216226, learning_rate=0.060671434011932285, max_depth=13, n_estimators=537, reg_alpha=0.2914957409237229, reg_lambda=0.7707425309055517, scale_pos_weight=5.274956503567592, subsample=0.6031087025420699;, score=0.647 total time= 8.0min
[CV 3/3] END colsample_bytree=0.5052138496987015, gamma=1.2770674234260975, learning_rate=0.062142659983983314, max_depth=11, n_estimators=468, reg_alpha=0.959826518075929, reg_lambda=0.47825529457592375, scale_pos_weight=9.95814597371882, subsample=0.6611077517223142;, score=0.645 total time= 5.0min
[CV 3/3] END colsample_bytree=0.6640963768046557, gamma=2.1700968308693764, learning_rate=0.02772008593592345, max_depth=6, n_estimators=412, reg_alpha=0.5982252940637388, reg_lambda=0.7356631142391898, scale_pos_weight=10.983475113929497, subsample=0.9665566656717788;, score=0.688 total time= 1.8min
[CV 1/3] END colsample_bytree=0.5794540838346768, gamma=3.0511257473882063, learning_rate=0.03707081645553711, max_depth=6, n_estimators=451, reg_alpha=0.4720604341969983, reg_lambda=0.01340262643216561, scale_pos_weight=3.82745689578762, subsample=0.5222974541864808;, score=0.687 total time= 1.6min
[CV 1/3] END colsample_bytree=0.5109116983877448, gamma=3.3189484308779456, learning_rate=0.2026788868427101, max_depth=9, n_estimators=453, reg_alpha=0.4187933190741614, reg_lambda=0.26015779096205116, scale_pos_weight=8.308209649807297, subsample=0.9906485452486233;, score=0.643 total time= 1.9min
[CV 2/3] END colsample_bytree=0.7806113941412625, gamma=2.616954556871832, learning_rate=0.032953774373843496, max_depth=4, n_estimators=327, reg_alpha=0.7228143032084837, reg_lambda=0.06766836190000158, scale_pos_weight=8.078350972297686, subsample=0.771769108671323;, score=0.681 total time=  46.6s
[CV 2/3] END colsample_bytree=0.6412154493432558, gamma=1.9536418280680663, learning_rate=0.16966883764486568, max_depth=9, n_estimators=578, reg_alpha=0.8221031606002255, reg_lambda=0.38042000750756233, scale_pos_weight=8.756118509253275, subsample=0.9822383269504058;, score=0.629 total time= 3.1min
[CV 1/3] END colsample_bytree=0.8255737924408371, gamma=3.1046428373921557, learning_rate=0.08047498932193088, max_depth=7, n_estimators=407, reg_alpha=0.47128716739816456, reg_lambda=0.9791049380151545, scale_pos_weight=7.3414213829573685, subsample=0.5631323707822513;, score=0.674 total time= 1.8min
[CV 2/3] END colsample_bytree=0.5553602966631579, gamma=2.112742141559723, learning_rate=0.018404935034281058, max_depth=10, n_estimators=569, reg_alpha=0.9180765521991506, reg_lambda=0.28003732955048943, scale_pos_weight=9.583416767991208, subsample=0.6461091152309488;, score=0.671 total time= 4.3min
[CV 1/3] END colsample_bytree=0.9538055012782775, gamma=3.570163222334282, learning_rate=0.13158104281814076, max_depth=3, n_estimators=389, reg_alpha=0.9550605114849889, reg_lambda=0.8211982825502265, scale_pos_weight=1.015651051914729, subsample=0.8182006850917035;, score=0.686 total time=  50.8s
[CV 1/3] END colsample_bytree=0.5605125002425966, gamma=2.0947389509373773, learning_rate=0.16023560956168365, max_depth=3, n_estimators=542, reg_alpha=0.3547712918359842, reg_lambda=0.941725711618925, scale_pos_weight=7.6857264672291405, subsample=0.8393349783362825;, score=0.685 total time= 1.0min
[CV 1/3] END colsample_bytree=0.7885999433672755, gamma=0.2186953615447368, learning_rate=0.03460065902474913, max_depth=3, n_estimators=426, reg_alpha=0.34316735317265823, reg_lambda=0.729173487549448, scale_pos_weight=7.522916485919397, subsample=0.9228021814949534;, score=0.684 total time=  58.2s
[CV 1/3] END colsample_bytree=0.8442025092460684, gamma=1.8727644351006068, learning_rate=0.04337204033975057, max_depth=7, n_estimators=306, reg_alpha=0.14259414408190874, reg_lambda=0.8900970351838083, scale_pos_weight=4.458774607378574, subsample=0.5772298736116619;, score=0.686 total time= 1.5min
[CV 2/3] END colsample_bytree=0.5127238799528755, gamma=3.2291119314324215, learning_rate=0.13738046349094865, max_depth=13, n_estimators=425, reg_alpha=0.5959888421834818, reg_lambda=0.10125991461515893, scale_pos_weight=9.47139489693785, subsample=0.7655426724426214;, score=0.626 total time= 3.4min
[CV 3/3] END colsample_bytree=0.795703379711244, gamma=4.032946711631385, learning_rate=0.10529667675565854, max_depth=11, n_estimators=415, reg_alpha=0.0031678485807017376, reg_lambda=0.6401983115596238, scale_pos_weight=3.9843491236187667, subsample=0.6201911943497419;, score=0.642 total time= 3.7min
[CV 3/3] END colsample_bytree=0.8798057143498983, gamma=0.9392142626888705, learning_rate=0.15395829067093722, max_depth=12, n_estimators=309, reg_alpha=0.8214319916425933, reg_lambda=0.5546573480350956, scale_pos_weight=7.370908370809049, subsample=0.7631392301691013;, score=0.633 total time= 4.1min
[CV 3/3] END colsample_bytree=0.8811545160109693, gamma=2.274594447537935, learning_rate=0.06345052595871907, max_depth=3, n_estimators=403, reg_alpha=0.1315182669163779, reg_lambda=0.8571295598562823, scale_pos_weight=6.753554032515559, subsample=0.538192472495728;, score=0.687 total time=  38.6s
[CV 2/3] END colsample_bytree=0.6858696474531651, gamma=0.006768128577340771, learning_rate=0.06996010551304718, max_depth=6, n_estimators=434, reg_alpha=0.8792551148463846, reg_lambda=0.6755800919502598, scale_pos_weight=6.469632513713881, subsample=0.9148815601438225;, score=0.680 total time= 1.1min
[CV 3/3] END colsample_bytree=0.958742921565995, gamma=1.452522528357102, learning_rate=0.10399765363158732, max_depth=11, n_estimators=473, reg_alpha=0.06220322616470275, reg_lambda=0.14730304427897034, scale_pos_weight=1.0784159077191682, subsample=0.8154608951145816;, score=0.661 total time= 3.2min
[CV 2/3] END colsample_bytree=0.5002213907186039, gamma=4.506915483209674, learning_rate=0.04076140492832156, max_depth=9, n_estimators=454, reg_alpha=0.9548469930384681, reg_lambda=0.4946751895912833, scale_pos_weight=6.127202478126281, subsample=0.7407746701379272;, score=0.673 total time= 2.8min
[CV 3/3] END colsample_bytree=0.7126140927188469, gamma=0.1878554519945369, learning_rate=0.035573360244483515, max_depth=11, n_estimators=548, reg_alpha=0.061330955643282614, reg_lambda=0.3621762547987283, scale_pos_weight=8.231282738825541, subsample=0.6002801255364915;, score=0.655 total time= 5.4min
[CV 3/3] END colsample_bytree=0.9910247685079813, gamma=3.9243091147944007, learning_rate=0.1566973492984208, max_depth=9, n_estimators=313, reg_alpha=0.7809958936149914, reg_lambda=0.7852688115160151, scale_pos_weight=7.011026956243283, subsample=0.9951808909991859;, score=0.664 total time= 1.1min
[CV 1/3] END colsample_bytree=0.6866299072313795, gamma=2.818299855143811, learning_rate=0.10013729498778262, max_depth=8, n_estimators=532, reg_alpha=0.5257562195591349, reg_lambda=0.24952436683824863, scale_pos_weight=1.0201851774823392, subsample=0.5870408376557146;, score=0.662 total time= 2.3min
[CV 1/3] END colsample_bytree=0.6461915552060966, gamma=2.219597272531889, learning_rate=0.014382665755001791, max_depth=6, n_estimators=513, reg_alpha=0.5026312426301305, reg_lambda=0.05617607734743901, scale_pos_weight=5.910957293831651, subsample=0.9635553144292137;, score=0.687 total time= 1.9min
[CV 2/3] END colsample_bytree=0.8173196282436903, gamma=2.9107190378889927, learning_rate=0.03368300783518638, max_depth=12, n_estimators=327, reg_alpha=0.31100249473268027, reg_lambda=0.16693107081750147, scale_pos_weight=3.437294825243418, subsample=0.6338003994308538;, score=0.668 total time= 5.4min
[CV 3/3] END colsample_bytree=0.5793394368448425, gamma=1.2911550983308002, learning_rate=0.13108235150151745, max_depth=7, n_estimators=363, reg_alpha=0.7743026829445951, reg_lambda=0.8525849549383427, scale_pos_weight=6.416464182167599, subsample=0.8791336460280296;, score=0.670 total time= 1.3min
[CV 3/3] END colsample_bytree=0.9916528284092336, gamma=3.9335417035365454, learning_rate=0.16473251297913316, max_depth=6, n_estimators=503, reg_alpha=0.150608103218274, reg_lambda=0.2172308864530108, scale_pos_weight=5.63990131464425, subsample=0.6320021749797329;, score=0.659 total time= 1.9min
[CV 3/3] END colsample_bytree=0.9133260287303202, gamma=4.515468639382691, learning_rate=0.19671421669152964, max_depth=13, n_estimators=360, reg_alpha=0.8580232710072292, reg_lambda=0.9976282974021565, scale_pos_weight=3.414964852568678, subsample=0.5201754134298499;, score=0.628 total time= 2.4min
[CV 2/3] END colsample_bytree=0.6876299522213332, gamma=2.6934783367151955, learning_rate=0.11483183414523244, max_depth=12, n_estimators=389, reg_alpha=0.8399639802821826, reg_lambda=0.8326804693470432, scale_pos_weight=1.110316142624658, subsample=0.8747727422344441;, score=0.664 total time= 1.8min
[CV 2/3] END colsample_bytree=0.6640963768046557, gamma=2.1700968308693764, learning_rate=0.02772008593592345, max_depth=6, n_estimators=412, reg_alpha=0.5982252940637388, reg_lambda=0.7356631142391898, scale_pos_weight=10.983475113929497, subsample=0.9665566656717788;, score=0.682 total time= 1.7min
[CV 1/3] END colsample_bytree=0.7414844360426776, gamma=0.6673998620797189, learning_rate=0.026120302751424934, max_depth=9, n_estimators=594, reg_alpha=0.49646115235529975, reg_lambda=0.43685070261517955, scale_pos_weight=8.295082286523968, subsample=0.8827564494955549;, score=0.680 total time= 4.3min
[CV 3/3] END colsample_bytree=0.6006818910679872, gamma=1.2931041744401939, learning_rate=0.042941270686459185, max_depth=6, n_estimators=513, reg_alpha=0.01794567856849183, reg_lambda=0.12625378279261346, scale_pos_weight=7.596293663947423, subsample=0.5808099056429357;, score=0.686 total time= 1.8min
[CV 3/3] END colsample_bytree=0.6615055991931069, gamma=4.985390785408309, learning_rate=0.2059564915709044, max_depth=13, n_estimators=546, reg_alpha=0.12982644895171758, reg_lambda=0.6868609976750291, scale_pos_weight=1.930304864600272, subsample=0.5146820795511962;, score=0.632 total time= 2.4min
[CV 3/3] END colsample_bytree=0.78022031549022, gamma=0.5549473460674054, learning_rate=0.09941110876128509, max_depth=8, n_estimators=441, reg_alpha=0.86456360952267, reg_lambda=0.5466482201877885, scale_pos_weight=4.804005489704096, subsample=0.9884001642553297;, score=0.669 total time= 2.2min
[CV 3/3] END colsample_bytree=0.6506326303800002, gamma=2.991787421488794, learning_rate=0.06944756154172343, max_depth=13, n_estimators=521, reg_alpha=0.5988082963834914, reg_lambda=0.06449127124916754, scale_pos_weight=9.772394571622005, subsample=0.9386308814130897;, score=0.646 total time= 5.6min
[CV 3/3] END colsample_bytree=0.9112111868341393, gamma=4.287811688306419, learning_rate=0.19332704716824148, max_depth=9, n_estimators=374, reg_alpha=0.5821987465941139, reg_lambda=0.3711724234376276, scale_pos_weight=7.010741668002329, subsample=0.8527929313219123;, score=0.637 total time= 2.1min
[CV 3/3] END colsample_bytree=0.5650238912555694, gamma=4.177401181911638, learning_rate=0.08407939725506129, max_depth=14, n_estimators=334, reg_alpha=0.8884036723086812, reg_lambda=0.6029428764794615, scale_pos_weight=9.267073597414875, subsample=0.9920065816052321;, score=0.660 total time= 2.9min
[CV 1/3] END colsample_bytree=0.795703379711244, gamma=4.032946711631385, learning_rate=0.10529667675565854, max_depth=11, n_estimators=415, reg_alpha=0.0031678485807017376, reg_lambda=0.6401983115596238, scale_pos_weight=3.9843491236187667, subsample=0.6201911943497419;, score=0.644 total time= 3.7min
[CV 1/3] END colsample_bytree=0.8798057143498983, gamma=0.9392142626888705, learning_rate=0.15395829067093722, max_depth=12, n_estimators=309, reg_alpha=0.8214319916425933, reg_lambda=0.5546573480350956, scale_pos_weight=7.370908370809049, subsample=0.7631392301691013;, score=0.630 total time= 4.0min
[CV 2/3] END colsample_bytree=0.8811545160109693, gamma=2.274594447537935, learning_rate=0.06345052595871907, max_depth=3, n_estimators=403, reg_alpha=0.1315182669163779, reg_lambda=0.8571295598562823, scale_pos_weight=6.753554032515559, subsample=0.538192472495728;, score=0.682 total time=  50.1s
[CV 3/3] END colsample_bytree=0.6858696474531651, gamma=0.006768128577340771, learning_rate=0.06996010551304718, max_depth=6, n_estimators=434, reg_alpha=0.8792551148463846, reg_lambda=0.6755800919502598, scale_pos_weight=6.469632513713881, subsample=0.9148815601438225;, score=0.685 total time= 1.1min
[CV 2/3] END colsample_bytree=0.7238367127052092, gamma=0.6713742545113777, learning_rate=0.2015868242113541, max_depth=13, n_estimators=525, reg_alpha=0.24189329411288918, reg_lambda=0.5006035711547075, scale_pos_weight=7.796203327351078, subsample=0.5381196089867822;, score=0.613 total time= 5.3min
[CV 2/3] END colsample_bytree=0.718307094884383, gamma=2.900444173347273, learning_rate=0.11333967704525355, max_depth=12, n_estimators=408, reg_alpha=0.3530503916003024, reg_lambda=0.8940943025332507, scale_pos_weight=10.464565131504054, subsample=0.9462791137432373;, score=0.635 total time= 3.6min
[CV 2/3] END colsample_bytree=0.7746548857400519, gamma=1.5599201016320925, learning_rate=0.10650008404707213, max_depth=6, n_estimators=331, reg_alpha=0.3872372711780959, reg_lambda=0.9065722106721628, scale_pos_weight=1.1606186498100615, subsample=0.891085631545623;, score=0.678 total time= 1.0min
[CV 2/3] END colsample_bytree=0.7671452759468379, gamma=2.703672835665521, learning_rate=0.09591918871521293, max_depth=7, n_estimators=582, reg_alpha=0.4822643612521922, reg_lambda=0.11849235876840059, scale_pos_weight=10.615133389830849, subsample=0.8572053818132992;, score=0.658 total time= 2.0min
[CV 1/3] END colsample_bytree=0.8700806843807316, gamma=3.153502355793925, learning_rate=0.11992125370615134, max_depth=8, n_estimators=321, reg_alpha=0.14394191357223085, reg_lambda=0.5953596612586041, scale_pos_weight=2.721106028227777, subsample=0.9627611039259405;, score=0.675 total time= 1.3min
[CV 1/3] END colsample_bytree=0.9199008033322134, gamma=0.9427030287462557, learning_rate=0.14449209960500578, max_depth=8, n_estimators=444, reg_alpha=0.498040393056869, reg_lambda=0.7428249749063163, scale_pos_weight=4.270446441518178, subsample=0.9450285127326263;, score=0.655 total time= 1.9min
[CV 2/3] END colsample_bytree=0.5526966090539026, gamma=3.8222036403775217, learning_rate=0.09193421067519852, max_depth=4, n_estimators=420, reg_alpha=0.26023659798522936, reg_lambda=0.1594922625413583, scale_pos_weight=2.6046261427122643, subsample=0.5352459728215724;, score=0.681 total time=  58.9s
[CV 2/3] END colsample_bytree=0.8052733775077123, gamma=0.8018270305987157, learning_rate=0.14472908349498156, max_depth=6, n_estimators=411, reg_alpha=0.11755130015021997, reg_lambda=0.16528449014295743, scale_pos_weight=1.0199213521907027, subsample=0.8593698089267652;, score=0.669 total time= 1.2min
[CV 2/3] END colsample_bytree=0.8510730480909148, gamma=0.8584695385272478, learning_rate=0.1100225504153254, max_depth=5, n_estimators=440, reg_alpha=0.8705269662693842, reg_lambda=0.6314189212183764, scale_pos_weight=6.325040664159818, subsample=0.5576973210894587;, score=0.673 total time= 1.3min
[CV 3/3] END colsample_bytree=0.74254732998977, gamma=1.6681419791843282, learning_rate=0.16831164051827402, max_depth=5, n_estimators=446, reg_alpha=0.8549740195614743, reg_lambda=0.8825598767723473, scale_pos_weight=5.663097561401701, subsample=0.5378498636548937;, score=0.670 total time= 1.4min
[CV 1/3] END colsample_bytree=0.7231934451315973, gamma=0.35001756066532885, learning_rate=0.1558469485827286, max_depth=10, n_estimators=358, reg_alpha=0.7066342634675964, reg_lambda=0.37448039996801696, scale_pos_weight=4.694819340313803, subsample=0.5226596394804472;, score=0.633 total time= 3.3min
[CV 2/3] END colsample_bytree=0.9916528284092336, gamma=3.9335417035365454, learning_rate=0.16473251297913316, max_depth=6, n_estimators=503, reg_alpha=0.150608103218274, reg_lambda=0.2172308864530108, scale_pos_weight=5.63990131464425, subsample=0.6320021749797329;, score=0.655 total time= 1.8min
[CV 1/3] END colsample_bytree=0.9133260287303202, gamma=4.515468639382691, learning_rate=0.19671421669152964, max_depth=13, n_estimators=360, reg_alpha=0.8580232710072292, reg_lambda=0.9976282974021565, scale_pos_weight=3.414964852568678, subsample=0.5201754134298499;, score=0.628 total time= 2.5min
[CV 2/3] END colsample_bytree=0.7501797231077802, gamma=3.454419882754114, learning_rate=0.14942716117836186, max_depth=11, n_estimators=481, reg_alpha=0.27528821345186016, reg_lambda=0.15620656868662197, scale_pos_weight=7.3594032682671084, subsample=0.7996510580697189;, score=0.629 total time= 3.3min
[CV 1/3] END colsample_bytree=0.6014681837874511, gamma=2.827749824607202, learning_rate=0.2059293430067767, max_depth=5, n_estimators=406, reg_alpha=0.024191763891355245, reg_lambda=0.8316970436757735, scale_pos_weight=3.7307080997281243, subsample=0.7590393831194078;, score=0.671 total time= 1.2min
[CV 2/3] END colsample_bytree=0.5794540838346768, gamma=3.0511257473882063, learning_rate=0.03707081645553711, max_depth=6, n_estimators=451, reg_alpha=0.4720604341969983, reg_lambda=0.01340262643216561, scale_pos_weight=3.82745689578762, subsample=0.5222974541864808;, score=0.682 total time= 1.7min
[CV 2/3] END colsample_bytree=0.5109116983877448, gamma=3.3189484308779456, learning_rate=0.2026788868427101, max_depth=9, n_estimators=453, reg_alpha=0.4187933190741614, reg_lambda=0.26015779096205116, scale_pos_weight=8.308209649807297, subsample=0.9906485452486233;, score=0.634 total time= 1.7min
[CV 1/3] END colsample_bytree=0.7806113941412625, gamma=2.616954556871832, learning_rate=0.032953774373843496, max_depth=4, n_estimators=327, reg_alpha=0.7228143032084837, reg_lambda=0.06766836190000158, scale_pos_weight=8.078350972297686, subsample=0.771769108671323;, score=0.685 total time=  37.6s
[CV 2/3] END colsample_bytree=0.7058827707922543, gamma=3.2548673357547706, learning_rate=0.11908637388138109, max_depth=10, n_estimators=593, reg_alpha=0.8064036172328395, reg_lambda=0.45923987759695806, scale_pos_weight=1.5195657755426841, subsample=0.8931390996920165;, score=0.666 total time= 1.7min
[CV 3/3] END colsample_bytree=0.5844271033388431, gamma=2.5352555193272055, learning_rate=0.1296225258738036, max_depth=9, n_estimators=307, reg_alpha=0.8939897100078704, reg_lambda=0.6542925523249619, scale_pos_weight=2.5210428322227285, subsample=0.7201617091841745;, score=0.658 total time= 1.9min
[CV 3/3] END colsample_bytree=0.838088781037717, gamma=1.625520077158495, learning_rate=0.1472654393372195, max_depth=14, n_estimators=346, reg_alpha=0.1748814371759594, reg_lambda=0.8557372589057863, scale_pos_weight=3.271795570235149, subsample=0.9185205626214701;, score=0.651 total time= 3.4min
[CV 1/3] END colsample_bytree=0.997718758095655, gamma=4.278480469187697, learning_rate=0.1142891378087179, max_depth=7, n_estimators=575, reg_alpha=0.2202253013773151, reg_lambda=0.4883746289829387, scale_pos_weight=8.375657490928269, subsample=0.7626198787600801;, score=0.660 total time= 1.8min
[CV 2/3] END colsample_bytree=0.5027528995802104, gamma=0.03832016324612664, learning_rate=0.05381376182037156, max_depth=13, n_estimators=389, reg_alpha=0.46285195501585064, reg_lambda=0.4385384885374355, scale_pos_weight=3.185098343541303, subsample=0.6983984235431582;, score=0.651 total time= 7.2min
[CV 2/3] END colsample_bytree=0.9832086929332037, gamma=2.7885441312502195, learning_rate=0.07945540780610151, max_depth=14, n_estimators=579, reg_alpha=0.999713804155914, reg_lambda=0.15052149166341355, scale_pos_weight=9.16756930119528, subsample=0.603654501593779;, score=0.636 total time= 6.7min
[CV 1/3] END colsample_bytree=0.7082522159519395, gamma=4.110899434082117, learning_rate=0.1800696002239791, max_depth=11, n_estimators=465, reg_alpha=0.4722818041629817, reg_lambda=0.8801567379214851, scale_pos_weight=3.157406791764541, subsample=0.838906600155022;, score=0.649 total time= 1.8min
[CV 3/3] END colsample_bytree=0.7464322922237233, gamma=2.0214487362743454, learning_rate=0.11618753568241877, max_depth=8, n_estimators=323, reg_alpha=0.724856499315017, reg_lambda=0.8776470196507814, scale_pos_weight=1.4165681838268243, subsample=0.6988237897960181;, score=0.668 total time= 1.4min
[CV 3/3] END colsample_bytree=0.7367004407474562, gamma=0.2985824448544466, learning_rate=0.14432845630920596, max_depth=6, n_estimators=389, reg_alpha=0.9902088935876214, reg_lambda=0.23915877778224304, scale_pos_weight=6.307373552868358, subsample=0.8254786675590363;, score=0.672 total time= 1.1min
[CV 3/3] END colsample_bytree=0.5249895143298393, gamma=4.218248320259119, learning_rate=0.2062385058328232, max_depth=4, n_estimators=310, reg_alpha=0.3918582964090789, reg_lambda=0.6591137644695265, scale_pos_weight=2.0889331398103907, subsample=0.8182693233766771;, score=0.682 total time=  40.8s
[CV 3/3] END colsample_bytree=0.7491180002496365, gamma=2.0333703499929157, learning_rate=0.20060400423577984, max_depth=11, n_estimators=438, reg_alpha=0.45896347937729864, reg_lambda=0.9193874045726727, scale_pos_weight=2.7609547133059467, subsample=0.6069785193441184;, score=0.629 total time= 3.1min
[CV 2/3] END colsample_bytree=0.8177218228297614, gamma=0.45360851117465517, learning_rate=0.016523589668313302, max_depth=5, n_estimators=412, reg_alpha=0.4443653492415144, reg_lambda=0.2755479392194834, scale_pos_weight=7.220395623709938, subsample=0.9962211446873894;, score=0.681 total time= 1.2min
[CV 1/3] END colsample_bytree=0.718307094884383, gamma=2.900444173347273, learning_rate=0.11333967704525355, max_depth=12, n_estimators=408, reg_alpha=0.3530503916003024, reg_lambda=0.8940943025332507, scale_pos_weight=10.464565131504054, subsample=0.9462791137432373;, score=0.640 total time= 3.7min
[CV 1/3] END colsample_bytree=0.7746548857400519, gamma=1.5599201016320925, learning_rate=0.10650008404707213, max_depth=6, n_estimators=331, reg_alpha=0.3872372711780959, reg_lambda=0.9065722106721628, scale_pos_weight=1.1606186498100615, subsample=0.891085631545623;, score=0.683 total time= 1.1min
[CV 3/3] END colsample_bytree=0.7671452759468379, gamma=2.703672835665521, learning_rate=0.09591918871521293, max_depth=7, n_estimators=582, reg_alpha=0.4822643612521922, reg_lambda=0.11849235876840059, scale_pos_weight=10.615133389830849, subsample=0.8572053818132992;, score=0.666 total time= 2.0min
[CV 3/3] END colsample_bytree=0.8700806843807316, gamma=3.153502355793925, learning_rate=0.11992125370615134, max_depth=8, n_estimators=321, reg_alpha=0.14394191357223085, reg_lambda=0.5953596612586041, scale_pos_weight=2.721106028227777, subsample=0.9627611039259405;, score=0.674 total time= 1.2min
[CV 3/3] END colsample_bytree=0.9199008033322134, gamma=0.9427030287462557, learning_rate=0.14449209960500578, max_depth=8, n_estimators=444, reg_alpha=0.498040393056869, reg_lambda=0.7428249749063163, scale_pos_weight=4.270446441518178, subsample=0.9450285127326263;, score=0.657 total time= 2.0min
[CV 1/3] END colsample_bytree=0.5928233524506215, gamma=3.3210969249448414, learning_rate=0.18633812236870162, max_depth=6, n_estimators=382, reg_alpha=0.11043186341110267, reg_lambda=0.28918744629594983, scale_pos_weight=4.098068753224689, subsample=0.6249784731988106;, score=0.664 total time= 1.0min
[CV 1/3] END colsample_bytree=0.8662005245291895, gamma=2.574666749566297, learning_rate=0.04227256021107674, max_depth=3, n_estimators=508, reg_alpha=0.4142009255718303, reg_lambda=0.7324138648126686, scale_pos_weight=9.816624823327126, subsample=0.5607476955438827;, score=0.686 total time= 1.0min
[CV 1/3] END colsample_bytree=0.8510730480909148, gamma=0.8584695385272478, learning_rate=0.1100225504153254, max_depth=5, n_estimators=440, reg_alpha=0.8705269662693842, reg_lambda=0.6314189212183764, scale_pos_weight=6.325040664159818, subsample=0.5576973210894587;, score=0.679 total time= 1.3min
[CV 2/3] END colsample_bytree=0.8443158146539378, gamma=1.2663619176135754, learning_rate=0.011995755331689876, max_depth=14, n_estimators=372, reg_alpha=0.5356565993475786, reg_lambda=0.8361177032072488, scale_pos_weight=9.213883629006943, subsample=0.9216630838939416;, score=0.670 total time=11.3min
[CV 3/3] END colsample_bytree=0.9880934874940419, gamma=3.4172688870375447, learning_rate=0.08508822193358254, max_depth=9, n_estimators=387, reg_alpha=0.8845832929211878, reg_lambda=0.12522055951683142, scale_pos_weight=3.005529778452665, subsample=0.6081135045638899;, score=0.664 total time= 2.6min
[CV 3/3] END colsample_bytree=0.7462845353766487, gamma=2.4159043165683425, learning_rate=0.17764608421636013, max_depth=9, n_estimators=548, reg_alpha=0.8597946748116456, reg_lambda=0.40680480095172356, scale_pos_weight=4.282331056783394, subsample=0.7269949555998495;, score=0.635 total time= 3.2min
[CV 3/3] END colsample_bytree=0.7461389282240174, gamma=1.2361553720158853, learning_rate=0.1841499802545023, max_depth=10, n_estimators=530, reg_alpha=0.3592333693997657, reg_lambda=0.5929508514349274, scale_pos_weight=2.6352387258502277, subsample=0.6955407683258803;, score=0.635 total time= 3.7min
[CV 2/3] END colsample_bytree=0.6230348293989991, gamma=2.383477375205796, learning_rate=0.08887306476367005, max_depth=9, n_estimators=320, reg_alpha=0.1957779856835461, reg_lambda=0.00756287497814212, scale_pos_weight=7.47474714154603, subsample=0.9490152744749935;, score=0.658 total time= 1.7min
[CV 3/3] END colsample_bytree=0.5478572777600809, gamma=0.11819293023168198, learning_rate=0.13839430008865322, max_depth=14, n_estimators=459, reg_alpha=0.6379607933159701, reg_lambda=0.2568838476457148, scale_pos_weight=7.320154860204185, subsample=0.529227307054277;, score=0.629 total time= 7.9min
[CV 3/3] END colsample_bytree=0.9171516829773838, gamma=3.146494030053681, learning_rate=0.049771255555059186, max_depth=7, n_estimators=472, reg_alpha=0.042633209287032736, reg_lambda=0.37140856765014074, scale_pos_weight=3.658511366543135, subsample=0.823045061731254;, score=0.686 total time= 1.7min
[CV 1/3] END colsample_bytree=0.5052138496987015, gamma=1.2770674234260975, learning_rate=0.062142659983983314, max_depth=11, n_estimators=468, reg_alpha=0.959826518075929, reg_lambda=0.47825529457592375, scale_pos_weight=9.95814597371882, subsample=0.6611077517223142;, score=0.644 total time= 4.7min
[CV 3/3] END colsample_bytree=0.7807422939797619, gamma=2.8033004720808545, learning_rate=0.13069753331929096, max_depth=4, n_estimators=457, reg_alpha=0.8049889996807698, reg_lambda=0.26982072012821434, scale_pos_weight=9.250494101800621, subsample=0.7491278411317268;, score=0.682 total time= 1.0min
[CV 2/3] END colsample_bytree=0.6014681837874511, gamma=2.827749824607202, learning_rate=0.2059293430067767, max_depth=5, n_estimators=406, reg_alpha=0.024191763891355245, reg_lambda=0.8316970436757735, scale_pos_weight=3.7307080997281243, subsample=0.7590393831194078;, score=0.666 total time= 1.2min
[CV 3/3] END colsample_bytree=0.7414844360426776, gamma=0.6673998620797189, learning_rate=0.026120302751424934, max_depth=9, n_estimators=594, reg_alpha=0.49646115235529975, reg_lambda=0.43685070261517955, scale_pos_weight=8.295082286523968, subsample=0.8827564494955549;, score=0.681 total time= 4.1min
[CV 3/3] END colsample_bytree=0.7058827707922543, gamma=3.2548673357547706, learning_rate=0.11908637388138109, max_depth=10, n_estimators=593, reg_alpha=0.8064036172328395, reg_lambda=0.45923987759695806, scale_pos_weight=1.5195657755426841, subsample=0.8931390996920165;, score=0.670 total time= 1.8min
[CV 3/3] END colsample_bytree=0.807649012534901, gamma=0.41732042494691646, learning_rate=0.18648327368146778, max_depth=14, n_estimators=315, reg_alpha=0.9884159894120765, reg_lambda=0.4853589831598871, scale_pos_weight=2.2243389835894103, subsample=0.8625927740136954;, score=0.646 total time= 4.5min
[CV 1/3] END colsample_bytree=0.6506326303800002, gamma=2.991787421488794, learning_rate=0.06944756154172343, max_depth=13, n_estimators=521, reg_alpha=0.5988082963834914, reg_lambda=0.06449127124916754, scale_pos_weight=9.772394571622005, subsample=0.9386308814130897;, score=0.648 total time= 4.9min
[CV 2/3] END colsample_bytree=0.5602792082018451, gamma=4.512266536429209, learning_rate=0.023288768871154976, max_depth=10, n_estimators=557, reg_alpha=0.011706610730904066, reg_lambda=0.422034260127639, scale_pos_weight=3.9504070765415626, subsample=0.7430002468988015;, score=0.677 total time= 4.6min
[CV 2/3] END colsample_bytree=0.6234537133337927, gamma=4.192746074514141, learning_rate=0.08123712942351882, max_depth=4, n_estimators=408, reg_alpha=0.19462383670487193, reg_lambda=0.05764758219902488, scale_pos_weight=4.424479788347133, subsample=0.6351238460653916;, score=0.682 total time=  52.7s
[CV 3/3] END colsample_bytree=0.9262788909507768, gamma=3.5544235834115954, learning_rate=0.1913885617669668, max_depth=13, n_estimators=416, reg_alpha=0.5991205850403252, reg_lambda=0.35346074054678245, scale_pos_weight=5.5846642456925775, subsample=0.5189907816449267;, score=0.621 total time= 3.1min
[CV 1/3] END colsample_bytree=0.5361582376289693, gamma=4.775576036458507, learning_rate=0.11451531986734903, max_depth=4, n_estimators=444, reg_alpha=0.5006242680704178, reg_lambda=0.7945155444907487, scale_pos_weight=8.070864772666981, subsample=0.5251130057319868;, score=0.683 total time=  55.9s
[CV 3/3] END colsample_bytree=0.5364509176839518, gamma=2.0143664131631853, learning_rate=0.06905809880958866, max_depth=14, n_estimators=589, reg_alpha=0.2810044989087136, reg_lambda=0.8034827432968846, scale_pos_weight=10.29228053631854, subsample=0.7025513472637832;, score=0.643 total time= 7.4min
[CV 3/3] END colsample_bytree=0.5065147838785419, gamma=0.0709502469788359, learning_rate=0.17587832539170253, max_depth=13, n_estimators=424, reg_alpha=0.9437015928202208, reg_lambda=0.9601356044054472, scale_pos_weight=6.214596387214719, subsample=0.9886539539957518;, score=0.643 total time= 6.2min
[CV 3/3] END colsample_bytree=0.6345098233991553, gamma=2.58798150657761, learning_rate=0.06376934849056867, max_depth=12, n_estimators=513, reg_alpha=0.26532613755546697, reg_lambda=0.6015538792998241, scale_pos_weight=3.9655991220593068, subsample=0.857212082035621;, score=0.661 total time= 5.0min
[CV 3/3] END colsample_bytree=0.6866299072313795, gamma=2.818299855143811, learning_rate=0.10013729498778262, max_depth=8, n_estimators=532, reg_alpha=0.5257562195591349, reg_lambda=0.24952436683824863, scale_pos_weight=1.0201851774823392, subsample=0.5870408376557146;, score=0.662 total time= 2.3min
[CV 3/3] END colsample_bytree=0.6461915552060966, gamma=2.219597272531889, learning_rate=0.014382665755001791, max_depth=6, n_estimators=513, reg_alpha=0.5026312426301305, reg_lambda=0.05617607734743901, scale_pos_weight=5.910957293831651, subsample=0.9635553144292137;, score=0.688 total time= 2.0min
[CV 1/3] END colsample_bytree=0.6678369165195298, gamma=3.7469522640057953, learning_rate=0.12438244077012015, max_depth=13, n_estimators=436, reg_alpha=0.4157751035233219, reg_lambda=0.42894433343014426, scale_pos_weight=6.4090500383808084, subsample=0.8482149035180536;, score=0.645 total time= 3.4min
[CV 3/3] END colsample_bytree=0.7231934451315973, gamma=0.35001756066532885, learning_rate=0.1558469485827286, max_depth=10, n_estimators=358, reg_alpha=0.7066342634675964, reg_lambda=0.37448039996801696, scale_pos_weight=4.694819340313803, subsample=0.5226596394804472;, score=0.629 total time= 2.9min
[CV 3/3] END colsample_bytree=0.8981207252706842, gamma=1.3597301970922437, learning_rate=0.14847178449221163, max_depth=5, n_estimators=465, reg_alpha=0.7482328313318959, reg_lambda=0.22504187617087212, scale_pos_weight=6.287244190984357, subsample=0.9129588536580152;, score=0.678 total time= 1.2min
[CV 2/3] END colsample_bytree=0.7571005200046697, gamma=3.681144412642751, learning_rate=0.0972839197459186, max_depth=8, n_estimators=557, reg_alpha=0.7480047363714034, reg_lambda=0.812713619893062, scale_pos_weight=8.068378557805412, subsample=0.9836317937631828;, score=0.661 total time= 2.0min
[CV 3/3] END colsample_bytree=0.9953395785328829, gamma=3.78365083534284, learning_rate=0.09845876109022705, max_depth=12, n_estimators=360, reg_alpha=0.3892304716917885, reg_lambda=0.228875462483499, scale_pos_weight=6.968518768877594, subsample=0.9640910490569757;, score=0.652 total time= 2.8min
[CV 2/3] END colsample_bytree=0.7922498977653951, gamma=4.168959754594137, learning_rate=0.1385155220647268, max_depth=8, n_estimators=325, reg_alpha=0.74056472325951, reg_lambda=0.09490844126734621, scale_pos_weight=6.940827805697124, subsample=0.8513201029291144;, score=0.650 total time= 1.3min
[CV 3/3] END colsample_bytree=0.6342810837268213, gamma=0.5048905340888055, learning_rate=0.043498217818821544, max_depth=7, n_estimators=383, reg_alpha=0.9730767979122983, reg_lambda=0.7592925069184736, scale_pos_weight=10.67761465269562, subsample=0.7198702432539543;, score=0.685 total time= 1.5min
[CV 2/3] END colsample_bytree=0.6777465052206787, gamma=3.9709866563854215, learning_rate=0.028598127964626435, max_depth=9, n_estimators=370, reg_alpha=0.48097288988612374, reg_lambda=0.6423255259052274, scale_pos_weight=1.6485359448296835, subsample=0.7899918937140656;, score=0.682 total time= 2.9min
[CV 2/3] END colsample_bytree=0.5181438113067511, gamma=1.3785992654777612, learning_rate=0.06512246773578909, max_depth=10, n_estimators=481, reg_alpha=0.4288868788610386, reg_lambda=0.8447894362860214, scale_pos_weight=3.681390200955134, subsample=0.578190902201724;, score=0.655 total time= 4.2min
[CV 2/3] END colsample_bytree=0.6018832295638445, gamma=2.6166481559737065, learning_rate=0.06742759161691511, max_depth=14, n_estimators=596, reg_alpha=0.5775933658811575, reg_lambda=0.6345824175503038, scale_pos_weight=8.979141596158941, subsample=0.6979852363312274;, score=0.644 total time= 7.9min
[CV 1/3] END colsample_bytree=0.6384071538956528, gamma=4.8576634545052535, learning_rate=0.07626940142061014, max_depth=3, n_estimators=441, reg_alpha=0.6107800710757683, reg_lambda=0.2806832155159743, scale_pos_weight=3.0699257843842678, subsample=0.7582863142229895;, score=0.687 total time=  43.3s
[CV 2/3] END colsample_bytree=0.5148341115323699, gamma=3.377101037735446, learning_rate=0.01897071360471373, max_depth=13, n_estimators=426, reg_alpha=0.2747315255195195, reg_lambda=0.3945760755976464, scale_pos_weight=5.218281785388314, subsample=0.7055105376327728;, score=0.669 total time= 7.8min
[CV 3/3] END colsample_bytree=0.6932702534115139, gamma=2.5563773110037555, learning_rate=0.10846509600023639, max_depth=4, n_estimators=478, reg_alpha=0.8944525568242322, reg_lambda=0.4559792757599369, scale_pos_weight=5.434558363819042, subsample=0.8010584926773898;, score=0.686 total time=  57.5s
[CV 2/3] END colsample_bytree=0.7636130904199001, gamma=3.1627205498291393, learning_rate=0.13889405542420674, max_depth=14, n_estimators=493, reg_alpha=0.3334073221591105, reg_lambda=0.7330511898599934, scale_pos_weight=6.285781097221971, subsample=0.8966970071526739;, score=0.642 total time= 3.1min
[CV 1/3] END colsample_bytree=0.7555645696186148, gamma=0.23425954263801563, learning_rate=0.06523391156417989, max_depth=8, n_estimators=508, reg_alpha=0.06268962162186587, reg_lambda=0.8393384923560023, scale_pos_weight=1.038199226585831, subsample=0.6234119346009511;, score=0.676 total time= 2.1min
[CV 1/3] END colsample_bytree=0.8038760611263613, gamma=1.476507387859164, learning_rate=0.03732018073023453, max_depth=9, n_estimators=591, reg_alpha=0.7385974581323307, reg_lambda=0.31562734376335, scale_pos_weight=7.448326040223138, subsample=0.6975654538057516;, score=0.673 total time= 3.6min
[CV 2/3] END colsample_bytree=0.637351907523946, gamma=4.034827454419968, learning_rate=0.10193297408053224, max_depth=12, n_estimators=522, reg_alpha=0.04389994264300512, reg_lambda=0.16574977982015593, scale_pos_weight=5.455416387418909, subsample=0.604592732703964;, score=0.636 total time= 4.5min
[CV 3/3] END colsample_bytree=0.693161586538233, gamma=2.8692062705225667, learning_rate=0.09312077918146709, max_depth=3, n_estimators=413, reg_alpha=0.9022364034622381, reg_lambda=0.87735561220526, scale_pos_weight=10.743722386792577, subsample=0.5137595925702076;, score=0.687 total time=  43.8s
[CV 3/3] END colsample_bytree=0.7097239969786568, gamma=3.9018275150344084, learning_rate=0.10526714666021976, max_depth=4, n_estimators=415, reg_alpha=0.2044608860547118, reg_lambda=0.25530907650393164, scale_pos_weight=3.956946740416042, subsample=0.7969012404048077;, score=0.686 total time=  52.7s
[CV 1/3] END colsample_bytree=0.804815505828451, gamma=4.480203998286095, learning_rate=0.17360534982773862, max_depth=13, n_estimators=505, reg_alpha=0.12535647579238562, reg_lambda=0.3369647257174565, scale_pos_weight=10.995439187190943, subsample=0.7028755843075305;, score=0.624 total time= 3.3min
[CV 3/3] END colsample_bytree=0.5621914156206622, gamma=3.987736802685997, learning_rate=0.13318238313534425, max_depth=4, n_estimators=488, reg_alpha=0.09751432564089746, reg_lambda=0.558980634099774, scale_pos_weight=6.010878802621971, subsample=0.8530965914816793;, score=0.684 total time= 1.1min
[CV 3/3] END colsample_bytree=0.750757730739867, gamma=0.3544578794564268, learning_rate=0.072572632171026, max_depth=9, n_estimators=413, reg_alpha=0.8328303767882711, reg_lambda=0.9060870604812605, scale_pos_weight=1.121567714773868, subsample=0.8370099595293963;, score=0.674 total time= 2.6min
[CV 3/3] END colsample_bytree=0.5421506573056751, gamma=4.0359465939559405, learning_rate=0.18226392516301818, max_depth=6, n_estimators=392, reg_alpha=0.512726394261776, reg_lambda=0.4383849800307613, scale_pos_weight=10.962622865248768, subsample=0.6145859756070811;, score=0.659 total time= 1.2min
[CV 3/3] END colsample_bytree=0.6987240784495459, gamma=2.5680552327216226, learning_rate=0.060671434011932285, max_depth=13, n_estimators=537, reg_alpha=0.2914957409237229, reg_lambda=0.7707425309055517, scale_pos_weight=5.274956503567592, subsample=0.6031087025420699;, score=0.650 total time= 7.9min
[CV 1/3] END colsample_bytree=0.953919256941767, gamma=2.5352982336935916, learning_rate=0.04758407616306461, max_depth=3, n_estimators=517, reg_alpha=0.6961561451379252, reg_lambda=0.38279876443638783, scale_pos_weight=9.218309465853594, subsample=0.8297553843203851;, score=0.686 total time=  56.5s
[CV 1/3] END colsample_bytree=0.9916528284092336, gamma=3.9335417035365454, learning_rate=0.16473251297913316, max_depth=6, n_estimators=503, reg_alpha=0.150608103218274, reg_lambda=0.2172308864530108, scale_pos_weight=5.63990131464425, subsample=0.6320021749797329;, score=0.660 total time= 1.9min
[CV 2/3] END colsample_bytree=0.9133260287303202, gamma=4.515468639382691, learning_rate=0.19671421669152964, max_depth=13, n_estimators=360, reg_alpha=0.8580232710072292, reg_lambda=0.9976282974021565, scale_pos_weight=3.414964852568678, subsample=0.5201754134298499;, score=0.627 total time= 2.2min
[CV 1/3] END colsample_bytree=0.7501797231077802, gamma=3.454419882754114, learning_rate=0.14942716117836186, max_depth=11, n_estimators=481, reg_alpha=0.27528821345186016, reg_lambda=0.15620656868662197, scale_pos_weight=7.3594032682671084, subsample=0.7996510580697189;, score=0.634 total time= 3.3min
[CV 1/3] END colsample_bytree=0.8369971040728652, gamma=0.3128242110972579, learning_rate=0.052101387933068594, max_depth=8, n_estimators=303, reg_alpha=0.14692192358377076, reg_lambda=0.34264514652252154, scale_pos_weight=9.6465892185814, subsample=0.5774626555717213;, score=0.676 total time= 1.4min
[CV 1/3] END colsample_bytree=0.5224807207957756, gamma=0.631782406572553, learning_rate=0.12251104025460947, max_depth=11, n_estimators=339, reg_alpha=0.3714672626243768, reg_lambda=0.19516651721865041, scale_pos_weight=5.893925374065887, subsample=0.8708207259180212;, score=0.637 total time= 3.4min
[CV 2/3] END colsample_bytree=0.6263230153106434, gamma=2.600370305555752, learning_rate=0.11439060069571277, max_depth=8, n_estimators=312, reg_alpha=0.6234778305192964, reg_lambda=0.600281460528037, scale_pos_weight=1.535144629130433, subsample=0.6882651438946492;, score=0.664 total time= 1.3min
[CV 2/3] END colsample_bytree=0.8863857098325396, gamma=1.1846666245332433, learning_rate=0.14547862597777458, max_depth=7, n_estimators=355, reg_alpha=0.38732251797531403, reg_lambda=0.06616518883444045, scale_pos_weight=1.191554855512529, subsample=0.9134292804863766;, score=0.666 total time= 1.4min
[CV 1/3] END colsample_bytree=0.55739846362564, gamma=4.707664551422205, learning_rate=0.16684123487305338, max_depth=5, n_estimators=404, reg_alpha=0.6635235939134523, reg_lambda=0.4111974888825458, scale_pos_weight=5.0240625929931175, subsample=0.9422934441148069;, score=0.680 total time= 1.2min
[CV 1/3] END colsample_bytree=0.9315677688678695, gamma=4.1124732464511355, learning_rate=0.044668610595056175, max_depth=3, n_estimators=593, reg_alpha=0.682153161561635, reg_lambda=0.949899668246076, scale_pos_weight=2.370894580787565, subsample=0.8669415654012707;, score=0.687 total time= 1.3min
[CV 3/3] END colsample_bytree=0.6014681837874511, gamma=2.827749824607202, learning_rate=0.2059293430067767, max_depth=5, n_estimators=406, reg_alpha=0.024191763891355245, reg_lambda=0.8316970436757735, scale_pos_weight=3.7307080997281243, subsample=0.7590393831194078;, score=0.671 total time= 1.3min
[CV 3/3] END colsample_bytree=0.5794540838346768, gamma=3.0511257473882063, learning_rate=0.03707081645553711, max_depth=6, n_estimators=451, reg_alpha=0.4720604341969983, reg_lambda=0.01340262643216561, scale_pos_weight=3.82745689578762, subsample=0.5222974541864808;, score=0.688 total time= 1.8min
[CV 3/3] END colsample_bytree=0.5109116983877448, gamma=3.3189484308779456, learning_rate=0.2026788868427101, max_depth=9, n_estimators=453, reg_alpha=0.4187933190741614, reg_lambda=0.26015779096205116, scale_pos_weight=8.308209649807297, subsample=0.9906485452486233;, score=0.642 total time= 1.6min
[CV 3/3] END colsample_bytree=0.7806113941412625, gamma=2.616954556871832, learning_rate=0.032953774373843496, max_depth=4, n_estimators=327, reg_alpha=0.7228143032084837, reg_lambda=0.06766836190000158, scale_pos_weight=8.078350972297686, subsample=0.771769108671323;, score=0.686 total time=  41.2s
[CV 2/3] END colsample_bytree=0.6277466723278023, gamma=4.7331897709980355, learning_rate=0.12203645167498238, max_depth=14, n_estimators=325, reg_alpha=0.5579807387826399, reg_lambda=0.5525136147827252, scale_pos_weight=1.941519101256979, subsample=0.6718315963045516;, score=0.654 total time= 2.1min
[CV 3/3] END colsample_bytree=0.911479223110743, gamma=1.0487647384184067, learning_rate=0.08580542524381948, max_depth=5, n_estimators=488, reg_alpha=0.33684050186110326, reg_lambda=0.29648978128331527, scale_pos_weight=10.182079996227753, subsample=0.5553742226594791;, score=0.681 total time= 1.4min
[CV 3/3] END colsample_bytree=0.6396380442272052, gamma=3.214409550293538, learning_rate=0.14883011470196622, max_depth=11, n_estimators=593, reg_alpha=0.36037781993034756, reg_lambda=0.06850540662697957, scale_pos_weight=8.631552912588894, subsample=0.7041531713797256;, score=0.628 total time= 4.6min
[CV 1/3] END colsample_bytree=0.8382131811691962, gamma=0.6584671923601926, learning_rate=0.05683688936309714, max_depth=14, n_estimators=366, reg_alpha=0.6522242595454725, reg_lambda=0.9505310525862035, scale_pos_weight=7.0065106654835585, subsample=0.8717969580882798;, score=0.652 total time= 8.6min
[CV 2/3] END colsample_bytree=0.872930019313506, gamma=2.7466123970158702, learning_rate=0.021548210373834756, max_depth=10, n_estimators=319, reg_alpha=0.4667820772311879, reg_lambda=0.034461259425, scale_pos_weight=10.696077268480954, subsample=0.9745560715447202;, score=0.674 total time= 2.9min
[CV 2/3] END colsample_bytree=0.8615747432323148, gamma=1.4016723039576044, learning_rate=0.14748127282724752, max_depth=8, n_estimators=374, reg_alpha=0.3488205339694793, reg_lambda=0.11099809879131484, scale_pos_weight=9.082352100092221, subsample=0.9738440129822354;, score=0.644 total time= 1.5min
[CV 2/3] END colsample_bytree=0.7555645696186148, gamma=0.23425954263801563, learning_rate=0.06523391156417989, max_depth=8, n_estimators=508, reg_alpha=0.06268962162186587, reg_lambda=0.8393384923560023, scale_pos_weight=1.038199226585831, subsample=0.6234119346009511;, score=0.670 total time= 2.5min
[CV 3/3] END colsample_bytree=0.8566034416413089, gamma=0.9960763744702655, learning_rate=0.18804300052723488, max_depth=14, n_estimators=534, reg_alpha=0.3677859877561529, reg_lambda=0.058091952080349785, scale_pos_weight=2.115122123212764, subsample=0.7579309513561641;, score=0.635 total time= 3.1min
[CV 3/3] END colsample_bytree=0.637351907523946, gamma=4.034827454419968, learning_rate=0.10193297408053224, max_depth=12, n_estimators=522, reg_alpha=0.04389994264300512, reg_lambda=0.16574977982015593, scale_pos_weight=5.455416387418909, subsample=0.604592732703964;, score=0.638 total time= 4.4min
[CV 2/3] END colsample_bytree=0.693161586538233, gamma=2.8692062705225667, learning_rate=0.09312077918146709, max_depth=3, n_estimators=413, reg_alpha=0.9022364034622381, reg_lambda=0.87735561220526, scale_pos_weight=10.743722386792577, subsample=0.5137595925702076;, score=0.681 total time=  48.3s
[CV 1/3] END colsample_bytree=0.7097239969786568, gamma=3.9018275150344084, learning_rate=0.10526714666021976, max_depth=4, n_estimators=415, reg_alpha=0.2044608860547118, reg_lambda=0.25530907650393164, scale_pos_weight=3.956946740416042, subsample=0.7969012404048077;, score=0.686 total time=  54.2s
[CV 2/3] END colsample_bytree=0.804815505828451, gamma=4.480203998286095, learning_rate=0.17360534982773862, max_depth=13, n_estimators=505, reg_alpha=0.12535647579238562, reg_lambda=0.3369647257174565, scale_pos_weight=10.995439187190943, subsample=0.7028755843075305;, score=0.616 total time= 3.2min
[CV 1/3] END colsample_bytree=0.5621914156206622, gamma=3.987736802685997, learning_rate=0.13318238313534425, max_depth=4, n_estimators=488, reg_alpha=0.09751432564089746, reg_lambda=0.558980634099774, scale_pos_weight=6.010878802621971, subsample=0.8530965914816793;, score=0.683 total time= 1.2min
[CV 2/3] END colsample_bytree=0.750757730739867, gamma=0.3544578794564268, learning_rate=0.072572632171026, max_depth=9, n_estimators=413, reg_alpha=0.8328303767882711, reg_lambda=0.9060870604812605, scale_pos_weight=1.121567714773868, subsample=0.8370099595293963;, score=0.671 total time= 2.7min
[CV 1/3] END colsample_bytree=0.7734379829380222, gamma=3.3533776269116276, learning_rate=0.1501735271722864, max_depth=10, n_estimators=338, reg_alpha=0.1992703364668008, reg_lambda=0.8774700466544819, scale_pos_weight=8.387231507265664, subsample=0.5068727770056727;, score=0.626 total time= 2.5min
[CV 2/3] END colsample_bytree=0.8931788665307407, gamma=3.161082988769745, learning_rate=0.08470403537993751, max_depth=12, n_estimators=594, reg_alpha=0.23178359028935003, reg_lambda=0.3186089627636072, scale_pos_weight=10.035584434325303, subsample=0.5388203879943907;, score=0.623 total time= 7.3min
[CV 2/3] END colsample_bytree=0.7315573569187557, gamma=1.392287731867865, learning_rate=0.14094181507125983, max_depth=9, n_estimators=577, reg_alpha=0.06314029292739132, reg_lambda=0.7767904834072271, scale_pos_weight=9.216479329617712, subsample=0.7307614637943034;, score=0.626 total time= 3.8min
[CV 2/3] END colsample_bytree=0.9699658959849112, gamma=2.5200188179816303, learning_rate=0.1998401386361783, max_depth=4, n_estimators=454, reg_alpha=0.6775316138836847, reg_lambda=0.3731226184223836, scale_pos_weight=10.416919866580306, subsample=0.5836785161183905;, score=0.667 total time= 1.1min
[CV 3/3] END colsample_bytree=0.5896780051446204, gamma=3.525695727852817, learning_rate=0.10103439834673128, max_depth=3, n_estimators=392, reg_alpha=0.948744395149711, reg_lambda=0.060604907714909784, scale_pos_weight=7.853953434460057, subsample=0.5124831110600285;, score=0.687 total time=  46.7s
[CV 3/3] END colsample_bytree=0.5857170883552714, gamma=2.2678949996141706, learning_rate=0.10097448856057364, max_depth=6, n_estimators=521, reg_alpha=0.9102130348677566, reg_lambda=0.6390321589149208, scale_pos_weight=10.535350978515089, subsample=0.9408078199389989;, score=0.677 total time= 1.4min
[CV 2/3] END colsample_bytree=0.8346543045809396, gamma=4.459465516282813, learning_rate=0.0712102927045576, max_depth=13, n_estimators=397, reg_alpha=0.07103488904400213, reg_lambda=0.21079310155002862, scale_pos_weight=3.293657770376724, subsample=0.7345536055237893;, score=0.656 total time= 3.7min
[CV 3/3] END colsample_bytree=0.70138791661645, gamma=4.851176722074384, learning_rate=0.19646455164577553, max_depth=13, n_estimators=490, reg_alpha=0.5708774168394762, reg_lambda=0.1852703553833237, scale_pos_weight=3.786430631150364, subsample=0.6093549001617916;, score=0.631 total time= 2.2min
[CV 2/3] END colsample_bytree=0.6133705922034722, gamma=3.350162689037834, learning_rate=0.10366603718676269, max_depth=14, n_estimators=352, reg_alpha=0.05024300982298213, reg_lambda=0.03491155265622381, scale_pos_weight=6.511599619163721, subsample=0.7190893066241723;, score=0.635 total time= 4.1min
[CV 3/3] END colsample_bytree=0.6384071538956528, gamma=4.8576634545052535, learning_rate=0.07626940142061014, max_depth=3, n_estimators=441, reg_alpha=0.6107800710757683, reg_lambda=0.2806832155159743, scale_pos_weight=3.0699257843842678, subsample=0.7582863142229895;, score=0.688 total time=  50.3s
[CV 3/3] END colsample_bytree=0.9538055012782775, gamma=3.570163222334282, learning_rate=0.13158104281814076, max_depth=3, n_estimators=389, reg_alpha=0.9550605114849889, reg_lambda=0.8211982825502265, scale_pos_weight=1.015651051914729, subsample=0.8182006850917035;, score=0.687 total time=  49.0s
[CV 3/3] END colsample_bytree=0.5605125002425966, gamma=2.0947389509373773, learning_rate=0.16023560956168365, max_depth=3, n_estimators=542, reg_alpha=0.3547712918359842, reg_lambda=0.941725711618925, scale_pos_weight=7.6857264672291405, subsample=0.8393349783362825;, score=0.686 total time= 1.0min
[CV 3/3] END colsample_bytree=0.7885999433672755, gamma=0.2186953615447368, learning_rate=0.03460065902474913, max_depth=3, n_estimators=426, reg_alpha=0.34316735317265823, reg_lambda=0.729173487549448, scale_pos_weight=7.522916485919397, subsample=0.9228021814949534;, score=0.685 total time=  56.1s
[CV 2/3] END colsample_bytree=0.8442025092460684, gamma=1.8727644351006068, learning_rate=0.04337204033975057, max_depth=7, n_estimators=306, reg_alpha=0.14259414408190874, reg_lambda=0.8900970351838083, scale_pos_weight=4.458774607378574, subsample=0.5772298736116619;, score=0.681 total time= 1.5min
[CV 2/3] END colsample_bytree=0.920861680872338, gamma=2.901107593925147, learning_rate=0.12193768896758798, max_depth=6, n_estimators=412, reg_alpha=0.14055296757836078, reg_lambda=0.4855896996593978, scale_pos_weight=1.2753671986946549, subsample=0.7527275589552249;, score=0.672 total time= 1.2min
[CV 2/3] END colsample_bytree=0.6442027189093729, gamma=4.805677427037965, learning_rate=0.08789637898048407, max_depth=8, n_estimators=367, reg_alpha=0.9801089924137669, reg_lambda=0.47787844802224244, scale_pos_weight=6.322575311489761, subsample=0.5841684779595651;, score=0.661 total time= 1.6min
[CV 2/3] END colsample_bytree=0.8911941647300436, gamma=3.6728896156070663, learning_rate=0.07009787712008647, max_depth=8, n_estimators=548, reg_alpha=0.7925213919629192, reg_lambda=0.46144551188731264, scale_pos_weight=8.308180287118088, subsample=0.5739920736829174;, score=0.656 total time= 2.6min
[CV 3/3] END colsample_bytree=0.9952730163850667, gamma=1.0032550870188062, learning_rate=0.2089297283119996, max_depth=10, n_estimators=329, reg_alpha=0.014315277667059978, reg_lambda=0.73786951856153, scale_pos_weight=9.341445970006758, subsample=0.8702380659767596;, score=0.624 total time= 2.5min
[CV 3/3] END colsample_bytree=0.9459360724053674, gamma=2.1690870978826475, learning_rate=0.1919886287708784, max_depth=10, n_estimators=478, reg_alpha=0.08928952452557293, reg_lambda=0.6870192665032427, scale_pos_weight=5.938140404569287, subsample=0.6938244027278235;, score=0.625 total time= 3.7min
[CV 1/3] END colsample_bytree=0.6858696474531651, gamma=0.006768128577340771, learning_rate=0.06996010551304718, max_depth=6, n_estimators=434, reg_alpha=0.8792551148463846, reg_lambda=0.6755800919502598, scale_pos_weight=6.469632513713881, subsample=0.9148815601438225;, score=0.684 total time= 1.2min
[CV 3/3] END colsample_bytree=0.6575735195662766, gamma=1.3811866248757654, learning_rate=0.20633066477048959, max_depth=10, n_estimators=367, reg_alpha=0.3881657061269955, reg_lambda=0.674130295536063, scale_pos_weight=3.5990497924283282, subsample=0.6725961042471053;, score=0.629 total time= 3.0min
[CV 2/3] END colsample_bytree=0.6110379353466603, gamma=1.608349948297743, learning_rate=0.1796084179202968, max_depth=10, n_estimators=390, reg_alpha=0.25382107815669486, reg_lambda=0.245807439306153, scale_pos_weight=5.027643984622519, subsample=0.9473213987888173;, score=0.630 total time= 2.5min
[CV 3/3] END colsample_bytree=0.718307094884383, gamma=2.900444173347273, learning_rate=0.11333967704525355, max_depth=12, n_estimators=408, reg_alpha=0.3530503916003024, reg_lambda=0.8940943025332507, scale_pos_weight=10.464565131504054, subsample=0.9462791137432373;, score=0.640 total time= 3.8min
[CV 3/3] END colsample_bytree=0.7746548857400519, gamma=1.5599201016320925, learning_rate=0.10650008404707213, max_depth=6, n_estimators=331, reg_alpha=0.3872372711780959, reg_lambda=0.9065722106721628, scale_pos_weight=1.1606186498100615, subsample=0.891085631545623;, score=0.683 total time= 1.1min
[CV 3/3] END colsample_bytree=0.9762335583439234, gamma=1.1336369116498162, learning_rate=0.18586820403530563, max_depth=11, n_estimators=447, reg_alpha=0.6771524124576737, reg_lambda=0.6250291860852057, scale_pos_weight=4.1654966526787, subsample=0.9082053924825153;, score=0.639 total time= 3.4min
[CV 3/3] END colsample_bytree=0.6241881301849002, gamma=1.0720324149658227, learning_rate=0.06416126560739452, max_depth=4, n_estimators=595, reg_alpha=0.3548608307461478, reg_lambda=0.4247715304250529, scale_pos_weight=3.1534438138255263, subsample=0.7985478850933598;, score=0.689 total time= 1.2min
[CV 2/3] END colsample_bytree=0.6461915552060966, gamma=2.219597272531889, learning_rate=0.014382665755001791, max_depth=6, n_estimators=513, reg_alpha=0.5026312426301305, reg_lambda=0.05617607734743901, scale_pos_weight=5.910957293831651, subsample=0.9635553144292137;, score=0.683 total time= 1.8min
[CV 2/3] END colsample_bytree=0.8662005245291895, gamma=2.574666749566297, learning_rate=0.04227256021107674, max_depth=3, n_estimators=508, reg_alpha=0.4142009255718303, reg_lambda=0.7324138648126686, scale_pos_weight=9.816624823327126, subsample=0.5607476955438827;, score=0.681 total time=  57.8s
[CV 1/3] END colsample_bytree=0.8864933606527934, gamma=4.757210143628406, learning_rate=0.16529786053020365, max_depth=3, n_estimators=470, reg_alpha=0.06904590631459973, reg_lambda=0.4742550209769536, scale_pos_weight=6.606782949389499, subsample=0.8142132283072936;, score=0.684 total time=  56.2s
[CV 1/3] END colsample_bytree=0.8443158146539378, gamma=1.2663619176135754, learning_rate=0.011995755331689876, max_depth=14, n_estimators=372, reg_alpha=0.5356565993475786, reg_lambda=0.8361177032072488, scale_pos_weight=9.213883629006943, subsample=0.9216630838939416;, score=0.674 total time=11.1min
[CV 1/3] END colsample_bytree=0.9880934874940419, gamma=3.4172688870375447, learning_rate=0.08508822193358254, max_depth=9, n_estimators=387, reg_alpha=0.8845832929211878, reg_lambda=0.12522055951683142, scale_pos_weight=3.005529778452665, subsample=0.6081135045638899;, score=0.662 total time= 2.6min
[CV 3/3] END colsample_bytree=0.5224807207957756, gamma=0.631782406572553, learning_rate=0.12251104025460947, max_depth=11, n_estimators=339, reg_alpha=0.3714672626243768, reg_lambda=0.19516651721865041, scale_pos_weight=5.893925374065887, subsample=0.8708207259180212;, score=0.637 total time= 3.3min
[CV 1/3] END colsample_bytree=0.616027869850578, gamma=1.3268505580098773, learning_rate=0.12086749486806897, max_depth=3, n_estimators=357, reg_alpha=0.2370847085173401, reg_lambda=0.9485029432181947, scale_pos_weight=10.446657321710951, subsample=0.8049707792980259;, score=0.686 total time=  35.1s
[CV 3/3] END colsample_bytree=0.7984553452733281, gamma=4.997788516252193, learning_rate=0.16388977881640943, max_depth=4, n_estimators=568, reg_alpha=0.6743996518139815, reg_lambda=0.7628933355543641, scale_pos_weight=1.4545250043579596, subsample=0.823300221974331;, score=0.684 total time=  57.9s
[CV 3/3] END colsample_bytree=0.7623678188307161, gamma=3.8762202591747466, learning_rate=0.05688512000230294, max_depth=13, n_estimators=448, reg_alpha=0.9614923245741122, reg_lambda=0.6678679067008134, scale_pos_weight=10.332050877593062, subsample=0.6327482037145362;, score=0.644 total time= 7.2min
[CV 2/3] END colsample_bytree=0.8867860508653602, gamma=0.22020189694232195, learning_rate=0.14866703074694135, max_depth=5, n_estimators=399, reg_alpha=0.6813530132413488, reg_lambda=0.9401831912520826, scale_pos_weight=1.4678584497176852, subsample=0.6598260276460313;, score=0.674 total time= 1.0min
[CV 1/3] END colsample_bytree=0.5408626728733892, gamma=2.291503207643282, learning_rate=0.10693925742600939, max_depth=7, n_estimators=304, reg_alpha=0.9456981470002823, reg_lambda=0.8499753714806619, scale_pos_weight=7.690223373291083, subsample=0.7311477805003036;, score=0.673 total time= 1.0min
[CV 3/3] END colsample_bytree=0.6018832295638445, gamma=2.6166481559737065, learning_rate=0.06742759161691511, max_depth=14, n_estimators=596, reg_alpha=0.5775933658811575, reg_lambda=0.6345824175503038, scale_pos_weight=8.979141596158941, subsample=0.6979852363312274;, score=0.649 total time= 8.0min
[CV 1/3] END colsample_bytree=0.5027528995802104, gamma=0.03832016324612664, learning_rate=0.05381376182037156, max_depth=13, n_estimators=389, reg_alpha=0.46285195501585064, reg_lambda=0.4385384885374355, scale_pos_weight=3.185098343541303, subsample=0.6983984235431582;, score=0.657 total time= 7.0min
[CV 1/3] END colsample_bytree=0.6234537133337927, gamma=4.192746074514141, learning_rate=0.08123712942351882, max_depth=4, n_estimators=408, reg_alpha=0.19462383670487193, reg_lambda=0.05764758219902488, scale_pos_weight=4.424479788347133, subsample=0.6351238460653916;, score=0.687 total time=  47.8s
[CV 1/3] END colsample_bytree=0.8911941647300436, gamma=3.6728896156070663, learning_rate=0.07009787712008647, max_depth=8, n_estimators=548, reg_alpha=0.7925213919629192, reg_lambda=0.46144551188731264, scale_pos_weight=8.308180287118088, subsample=0.5739920736829174;, score=0.663 total time= 2.5min
[CV 2/3] END colsample_bytree=0.9952730163850667, gamma=1.0032550870188062, learning_rate=0.2089297283119996, max_depth=10, n_estimators=329, reg_alpha=0.014315277667059978, reg_lambda=0.73786951856153, scale_pos_weight=9.341445970006758, subsample=0.8702380659767596;, score=0.618 total time= 2.5min
[CV 1/3] END colsample_bytree=0.9459360724053674, gamma=2.1690870978826475, learning_rate=0.1919886287708784, max_depth=10, n_estimators=478, reg_alpha=0.08928952452557293, reg_lambda=0.6870192665032427, scale_pos_weight=5.938140404569287, subsample=0.6938244027278235;, score=0.622 total time= 3.5min
[CV 1/3] END colsample_bytree=0.6912901617853178, gamma=1.8386682540255495, learning_rate=0.0463478381418926, max_depth=9, n_estimators=523, reg_alpha=0.2933086107805647, reg_lambda=0.7731418739186715, scale_pos_weight=6.179605277125789, subsample=0.674047796584144;, score=0.672 total time= 2.8min
[CV 1/3] END colsample_bytree=0.5065147838785419, gamma=0.0709502469788359, learning_rate=0.17587832539170253, max_depth=13, n_estimators=424, reg_alpha=0.9437015928202208, reg_lambda=0.9601356044054472, scale_pos_weight=6.214596387214719, subsample=0.9886539539957518;, score=0.641 total time= 5.8min
[CV 2/3] END colsample_bytree=0.6102442173445533, gamma=3.812414422377765, learning_rate=0.11849420069253122, max_depth=10, n_estimators=540, reg_alpha=0.38068968116086577, reg_lambda=0.4144697155393433, scale_pos_weight=8.538297005692186, subsample=0.5103356844459522;, score=0.622 total time= 4.0min
[CV 1/3] END colsample_bytree=0.8027523833079382, gamma=1.2356577733069596, learning_rate=0.08117095185184228, max_depth=4, n_estimators=318, reg_alpha=0.677540945503534, reg_lambda=0.07211109292943518, scale_pos_weight=3.0540140847802935, subsample=0.6907205207066558;, score=0.687 total time=  43.2s
[CV 3/3] END colsample_bytree=0.6626269529622759, gamma=4.706362241209258, learning_rate=0.19294622299130074, max_depth=10, n_estimators=517, reg_alpha=0.45011652647481104, reg_lambda=0.9771042330515733, scale_pos_weight=2.031213624080758, subsample=0.7738923471916597;, score=0.652 total time= 1.4min
[CV 3/3] END colsample_bytree=0.686777400523841, gamma=0.2524447220620396, learning_rate=0.13549731435685589, max_depth=6, n_estimators=306, reg_alpha=0.25310153917960876, reg_lambda=0.45025424614289034, scale_pos_weight=10.575810150838173, subsample=0.6995176588212173;, score=0.674 total time=  52.5s
[CV 3/3] END colsample_bytree=0.7974016073388948, gamma=1.8610019591260962, learning_rate=0.07660697436107967, max_depth=4, n_estimators=337, reg_alpha=0.3832842396422014, reg_lambda=0.49350099215440824, scale_pos_weight=3.833047624249306, subsample=0.8933847516785637;, score=0.688 total time=  41.5s
[CV 1/3] END colsample_bytree=0.9368614600911125, gamma=3.1897713134236936, learning_rate=0.1767286268287917, max_depth=10, n_estimators=413, reg_alpha=0.6493223245768817, reg_lambda=0.9362806214689267, scale_pos_weight=1.6400634660862092, subsample=0.9123716186735038;, score=0.660 total time= 1.2min
[CV 1/3] END colsample_bytree=0.9144356381264793, gamma=1.7444503752091178, learning_rate=0.11431987920227164, max_depth=7, n_estimators=386, reg_alpha=0.8379083748518036, reg_lambda=0.8587642793494722, scale_pos_weight=8.483558536657398, subsample=0.7196053006248586;, score=0.667 total time= 1.5min
[CV 3/3] END colsample_bytree=0.8510730480909148, gamma=0.8584695385272478, learning_rate=0.1100225504153254, max_depth=5, n_estimators=440, reg_alpha=0.8705269662693842, reg_lambda=0.6314189212183764, scale_pos_weight=6.325040664159818, subsample=0.5576973210894587;, score=0.679 total time= 1.3min
[CV 1/3] END colsample_bytree=0.74254732998977, gamma=1.6681419791843282, learning_rate=0.16831164051827402, max_depth=5, n_estimators=446, reg_alpha=0.8549740195614743, reg_lambda=0.8825598767723473, scale_pos_weight=5.663097561401701, subsample=0.5378498636548937;, score=0.670 total time= 1.3min
[CV 3/3] END colsample_bytree=0.9239639418816743, gamma=2.727925913345739, learning_rate=0.20634146850422833, max_depth=4, n_estimators=344, reg_alpha=0.9892177539577501, reg_lambda=0.23154843596504882, scale_pos_weight=10.425459396769053, subsample=0.5214187775595567;, score=0.674 total time=  47.8s
[CV 3/3] END colsample_bytree=0.5518392903671383, gamma=0.24328831830856656, learning_rate=0.1262030186750219, max_depth=11, n_estimators=549, reg_alpha=0.5480323566642401, reg_lambda=0.5210731905083879, scale_pos_weight=4.502029910907303, subsample=0.8387367074117364;, score=0.640 total time= 5.5min
[CV 2/3] END colsample_bytree=0.9953395785328829, gamma=3.78365083534284, learning_rate=0.09845876109022705, max_depth=12, n_estimators=360, reg_alpha=0.3892304716917885, reg_lambda=0.228875462483499, scale_pos_weight=6.968518768877594, subsample=0.9640910490569757;, score=0.643 total time= 2.8min
[CV 1/3] END colsample_bytree=0.7922498977653951, gamma=4.168959754594137, learning_rate=0.1385155220647268, max_depth=8, n_estimators=325, reg_alpha=0.74056472325951, reg_lambda=0.09490844126734621, scale_pos_weight=6.940827805697124, subsample=0.8513201029291144;, score=0.656 total time= 1.2min
[CV 3/3] END colsample_bytree=0.8346543045809396, gamma=4.459465516282813, learning_rate=0.0712102927045576, max_depth=13, n_estimators=397, reg_alpha=0.07103488904400213, reg_lambda=0.21079310155002862, scale_pos_weight=3.293657770376724, subsample=0.7345536055237893;, score=0.663 total time= 3.6min
[CV 2/3] END colsample_bytree=0.70138791661645, gamma=4.851176722074384, learning_rate=0.19646455164577553, max_depth=13, n_estimators=490, reg_alpha=0.5708774168394762, reg_lambda=0.1852703553833237, scale_pos_weight=3.786430631150364, subsample=0.6093549001617916;, score=0.628 total time= 1.9min
[CV 3/3] END colsample_bytree=0.96226123436595, gamma=3.9290632273418655, learning_rate=0.12798957656036175, max_depth=7, n_estimators=455, reg_alpha=0.7605756424552823, reg_lambda=0.1544922040049258, scale_pos_weight=5.872653541000508, subsample=0.7149926070605299;, score=0.663 total time= 1.6min
[CV 2/3] END colsample_bytree=0.6408080210528159, gamma=4.816801602230189, learning_rate=0.012056899187138407, max_depth=3, n_estimators=404, reg_alpha=0.34688597636438556, reg_lambda=0.43564479045650983, scale_pos_weight=8.94480817853506, subsample=0.6390645777433062;, score=0.673 total time=  55.6s
[CV 2/3] END colsample_bytree=0.9477814240659194, gamma=4.545876320267928, learning_rate=0.07277561530300546, max_depth=9, n_estimators=428, reg_alpha=0.4400580465093987, reg_lambda=0.7297119064974222, scale_pos_weight=10.40220805571285, subsample=0.8018984959645481;, score=0.653 total time= 2.9min
[CV 3/3] END colsample_bytree=0.8183348410836037, gamma=3.069667923800309, learning_rate=0.023330408112137994, max_depth=10, n_estimators=472, reg_alpha=0.15016900081704165, reg_lambda=0.7374337687214856, scale_pos_weight=6.122219208126745, subsample=0.8401138896041767;, score=0.682 total time= 4.1min
[CV 3/3] END colsample_bytree=0.9407253898375108, gamma=1.389510486244339, learning_rate=0.048790773453554974, max_depth=12, n_estimators=309, reg_alpha=0.7423480505725092, reg_lambda=0.8151183844803679, scale_pos_weight=7.149782403411324, subsample=0.8439420549399576;, score=0.661 total time= 5.0min
[CV 3/3] END colsample_bytree=0.9265448117018252, gamma=0.23250293220032747, learning_rate=0.13393988803988316, max_depth=13, n_estimators=320, reg_alpha=0.5324206822752171, reg_lambda=0.41109560260070654, scale_pos_weight=4.4734332625884266, subsample=0.9499166728436362;, score=0.643 total time= 5.8min
[CV 2/3] END colsample_bytree=0.6221699703932331, gamma=0.5647160420558678, learning_rate=0.027435893566366235, max_depth=3, n_estimators=462, reg_alpha=0.1419719897609939, reg_lambda=0.3479414115821666, scale_pos_weight=5.503509789054126, subsample=0.8744131684816532;, score=0.679 total time=  55.9s
[CV 1/3] END colsample_bytree=0.78022031549022, gamma=0.5549473460674054, learning_rate=0.09941110876128509, max_depth=8, n_estimators=441, reg_alpha=0.86456360952267, reg_lambda=0.5466482201877885, scale_pos_weight=4.804005489704096, subsample=0.9884001642553297;, score=0.668 total time= 2.0min
[CV 2/3] END colsample_bytree=0.640760599207465, gamma=4.363769197830639, learning_rate=0.032516078082387406, max_depth=8, n_estimators=463, reg_alpha=0.09653447019544081, reg_lambda=0.24189382825883898, scale_pos_weight=1.124040362773148, subsample=0.7343839827322529;, score=0.683 total time= 2.0min
[CV 3/3] END colsample_bytree=0.5163228387728342, gamma=4.3427575316014435, learning_rate=0.022937378703026316, max_depth=3, n_estimators=307, reg_alpha=0.5174463517550413, reg_lambda=0.4304274103209902, scale_pos_weight=4.169465877911193, subsample=0.7172979804293559;, score=0.679 total time=  31.2s
[CV 2/3] END colsample_bytree=0.6384071538956528, gamma=4.8576634545052535, learning_rate=0.07626940142061014, max_depth=3, n_estimators=441, reg_alpha=0.6107800710757683, reg_lambda=0.2806832155159743, scale_pos_weight=3.0699257843842678, subsample=0.7582863142229895;, score=0.683 total time=  37.0s
[CV 1/3] END colsample_bytree=0.5148341115323699, gamma=3.377101037735446, learning_rate=0.01897071360471373, max_depth=13, n_estimators=426, reg_alpha=0.2747315255195195, reg_lambda=0.3945760755976464, scale_pos_weight=5.218281785388314, subsample=0.7055105376327728;, score=0.672 total time= 7.7min
[CV 2/3] END colsample_bytree=0.7564512080735988, gamma=0.468362103529551, learning_rate=0.16092424431971838, max_depth=8, n_estimators=482, reg_alpha=0.37532990791960186, reg_lambda=0.2857835555258702, scale_pos_weight=3.0322309108608727, subsample=0.8808990956888486;, score=0.645 total time= 2.2min
[CV 1/3] END colsample_bytree=0.9952730163850667, gamma=1.0032550870188062, learning_rate=0.2089297283119996, max_depth=10, n_estimators=329, reg_alpha=0.014315277667059978, reg_lambda=0.73786951856153, scale_pos_weight=9.341445970006758, subsample=0.8702380659767596;, score=0.625 total time= 2.4min
[CV 3/3] END colsample_bytree=0.7555645696186148, gamma=0.23425954263801563, learning_rate=0.06523391156417989, max_depth=8, n_estimators=508, reg_alpha=0.06268962162186587, reg_lambda=0.8393384923560023, scale_pos_weight=1.038199226585831, subsample=0.6234119346009511;, score=0.677 total time= 2.2min
[CV 2/3] END colsample_bytree=0.8566034416413089, gamma=0.9960763744702655, learning_rate=0.18804300052723488, max_depth=14, n_estimators=534, reg_alpha=0.3677859877561529, reg_lambda=0.058091952080349785, scale_pos_weight=2.115122123212764, subsample=0.7579309513561641;, score=0.632 total time= 3.1min
[CV 1/3] END colsample_bytree=0.7238367127052092, gamma=0.6713742545113777, learning_rate=0.2015868242113541, max_depth=13, n_estimators=525, reg_alpha=0.24189329411288918, reg_lambda=0.5006035711547075, scale_pos_weight=7.796203327351078, subsample=0.5381196089867822;, score=0.616 total time= 5.4min
[CV 1/3] END colsample_bytree=0.5164048120643042, gamma=3.1802123438998415, learning_rate=0.0828708476856464, max_depth=12, n_estimators=570, reg_alpha=0.8794965707281264, reg_lambda=0.4600023955807989, scale_pos_weight=1.9505304553269278, subsample=0.9133733840131235;, score=0.672 total time= 2.4min
[CV 2/3] END colsample_bytree=0.8795026412609654, gamma=0.5125798203323723, learning_rate=0.11277089284135354, max_depth=11, n_estimators=350, reg_alpha=0.36928077021554107, reg_lambda=0.9329248625696721, scale_pos_weight=9.275063198732212, subsample=0.8486046909548184;, score=0.630 total time= 3.5min
[CV 2/3] END colsample_bytree=0.9910247685079813, gamma=3.9243091147944007, learning_rate=0.1566973492984208, max_depth=9, n_estimators=313, reg_alpha=0.7809958936149914, reg_lambda=0.7852688115160151, scale_pos_weight=7.011026956243283, subsample=0.9951808909991859;, score=0.655 total time= 1.2min
[CV 2/3] END colsample_bytree=0.6866299072313795, gamma=2.818299855143811, learning_rate=0.10013729498778262, max_depth=8, n_estimators=532, reg_alpha=0.5257562195591349, reg_lambda=0.24952436683824863, scale_pos_weight=1.0201851774823392, subsample=0.5870408376557146;, score=0.656 total time= 2.2min
[CV 3/3] END colsample_bytree=0.8998593819824305, gamma=1.6680339451452157, learning_rate=0.18303866947956224, max_depth=3, n_estimators=481, reg_alpha=0.8598238353912759, reg_lambda=0.03500791480680565, scale_pos_weight=8.873733450051056, subsample=0.7056697332495719;, score=0.684 total time=  47.2s
[CV 3/3] END colsample_bytree=0.5928233524506215, gamma=3.3210969249448414, learning_rate=0.18633812236870162, max_depth=6, n_estimators=382, reg_alpha=0.11043186341110267, reg_lambda=0.28918744629594983, scale_pos_weight=4.098068753224689, subsample=0.6249784731988106;, score=0.661 total time= 1.2min
[CV 1/3] END colsample_bytree=0.8173196282436903, gamma=2.9107190378889927, learning_rate=0.03368300783518638, max_depth=12, n_estimators=327, reg_alpha=0.31100249473268027, reg_lambda=0.16693107081750147, scale_pos_weight=3.437294825243418, subsample=0.6338003994308538;, score=0.674 total time= 5.1min
[CV 1/3] END colsample_bytree=0.5793394368448425, gamma=1.2911550983308002, learning_rate=0.13108235150151745, max_depth=7, n_estimators=363, reg_alpha=0.7743026829445951, reg_lambda=0.8525849549383427, scale_pos_weight=6.416464182167599, subsample=0.8791336460280296;, score=0.667 total time= 1.4min
[CV 2/3] END colsample_bytree=0.8981207252706842, gamma=1.3597301970922437, learning_rate=0.14847178449221163, max_depth=5, n_estimators=465, reg_alpha=0.7482328313318959, reg_lambda=0.22504187617087212, scale_pos_weight=6.287244190984357, subsample=0.9129588536580152;, score=0.672 total time= 1.3min
[CV 3/3] END colsample_bytree=0.7571005200046697, gamma=3.681144412642751, learning_rate=0.0972839197459186, max_depth=8, n_estimators=557, reg_alpha=0.7480047363714034, reg_lambda=0.812713619893062, scale_pos_weight=8.068378557805412, subsample=0.9836317937631828;, score=0.666 total time= 2.0min
[CV 2/3] END colsample_bytree=0.9645697600077314, gamma=1.7095263905274516, learning_rate=0.115535493244339, max_depth=13, n_estimators=350, reg_alpha=0.4430593623304211, reg_lambda=0.4941476706378827, scale_pos_weight=9.61045299503312, subsample=0.7305834506269551;, score=0.628 total time= 5.1min
[CV 2/3] END colsample_bytree=0.541368417809095, gamma=2.422689975400054, learning_rate=0.07048390225570728, max_depth=14, n_estimators=395, reg_alpha=0.15598086369893316, reg_lambda=0.4784961162559619, scale_pos_weight=8.805560268872139, subsample=0.6518119690719202;, score=0.633 total time= 6.1min
[CV 1/3] END colsample_bytree=0.7264068571054584, gamma=0.9924553730267455, learning_rate=0.04297695531302769, max_depth=10, n_estimators=375, reg_alpha=0.27294999473148784, reg_lambda=0.3414252696042983, scale_pos_weight=5.487788039946148, subsample=0.9566163402107282;, score=0.676 total time= 3.5min
[CV 1/3] END colsample_bytree=0.9265448117018252, gamma=0.23250293220032747, learning_rate=0.13393988803988316, max_depth=13, n_estimators=320, reg_alpha=0.5324206822752171, reg_lambda=0.41109560260070654, scale_pos_weight=4.4734332625884266, subsample=0.9499166728436362;, score=0.645 total time= 5.7min
[CV 1/3] END colsample_bytree=0.8797912050573159, gamma=4.94032783326387, learning_rate=0.19025920215492978, max_depth=14, n_estimators=512, reg_alpha=0.2543219811783167, reg_lambda=0.8192551048714611, scale_pos_weight=9.798219139516952, subsample=0.7627174562728465;, score=0.627 total time= 2.9min
[CV 1/3] END colsample_bytree=0.9553850808219576, gamma=3.7698095179839197, learning_rate=0.17098135536828774, max_depth=6, n_estimators=472, reg_alpha=0.962810357074026, reg_lambda=0.7266709920703233, scale_pos_weight=4.047510953861333, subsample=0.9146973324294234;, score=0.667 total time= 1.4min
[CV 2/3] END colsample_bytree=0.6652040019378869, gamma=1.7020292167478235, learning_rate=0.2078056716700348, max_depth=9, n_estimators=315, reg_alpha=0.2395101699095381, reg_lambda=0.7945782787001903, scale_pos_weight=1.3467026672648332, subsample=0.7914034175417448;, score=0.639 total time= 1.6min
[CV 1/3] END colsample_bytree=0.7531330297476013, gamma=3.170520156881657, learning_rate=0.024186443226754686, max_depth=11, n_estimators=509, reg_alpha=0.3618530932051387, reg_lambda=0.47249335500651357, scale_pos_weight=1.4564874550238374, subsample=0.5700120487766589;, score=0.682 total time= 5.3min
[CV 1/3] END colsample_bytree=0.5127238799528755, gamma=3.2291119314324215, learning_rate=0.13738046349094865, max_depth=13, n_estimators=425, reg_alpha=0.5959888421834818, reg_lambda=0.10125991461515893, scale_pos_weight=9.47139489693785, subsample=0.7655426724426214;, score=0.634 total time= 3.4min
[CV 1/3] END colsample_bytree=0.6559495400021402, gamma=1.2802378255247715, learning_rate=0.01615800993208957, max_depth=9, n_estimators=507, reg_alpha=0.7625963946941753, reg_lambda=0.9292573980072293, scale_pos_weight=1.3054945709337997, subsample=0.9360241692235038;, score=0.689 total time= 3.4min
[CV 2/3] END colsample_bytree=0.5364509176839518, gamma=2.0143664131631853, learning_rate=0.06905809880958866, max_depth=14, n_estimators=589, reg_alpha=0.2810044989087136, reg_lambda=0.8034827432968846, scale_pos_weight=10.29228053631854, subsample=0.7025513472637832;, score=0.639 total time= 7.6min
[CV 1/3] END colsample_bytree=0.8786551035672194, gamma=0.8083571811848095, learning_rate=0.105380021293594, max_depth=6, n_estimators=393, reg_alpha=0.6406151835488874, reg_lambda=0.6666004790466192, scale_pos_weight=2.6269974380856587, subsample=0.7825426562263782;, score=0.681 total time= 1.2min
[CV 2/3] END colsample_bytree=0.8858134554893038, gamma=2.4944783226797096, learning_rate=0.012420623355221486, max_depth=12, n_estimators=335, reg_alpha=0.3570293439700122, reg_lambda=0.926194068431782, scale_pos_weight=3.286767796036088, subsample=0.8171818444358436;, score=0.680 total time= 6.0min
[CV 2/3] END colsample_bytree=0.5710852233519478, gamma=1.0669667398784477, learning_rate=0.1430292388476811, max_depth=7, n_estimators=302, reg_alpha=0.11887439117707199, reg_lambda=0.7647191414762792, scale_pos_weight=7.710552838599144, subsample=0.7176621107276181;, score=0.661 total time= 1.3min
[CV 2/3] END colsample_bytree=0.9762335583439234, gamma=1.1336369116498162, learning_rate=0.18586820403530563, max_depth=11, n_estimators=447, reg_alpha=0.6771524124576737, reg_lambda=0.6250291860852057, scale_pos_weight=4.1654966526787, subsample=0.9082053924825153;, score=0.635 total time= 3.4min
[CV 3/3] END colsample_bytree=0.7734379829380222, gamma=3.3533776269116276, learning_rate=0.1501735271722864, max_depth=10, n_estimators=338, reg_alpha=0.1992703364668008, reg_lambda=0.8774700466544819, scale_pos_weight=8.387231507265664, subsample=0.5068727770056727;, score=0.625 total time= 2.5min
[CV 3/3] END colsample_bytree=0.8931788665307407, gamma=3.161082988769745, learning_rate=0.08470403537993751, max_depth=12, n_estimators=594, reg_alpha=0.23178359028935003, reg_lambda=0.3186089627636072, scale_pos_weight=10.035584434325303, subsample=0.5388203879943907;, score=0.627 total time= 7.3min
[CV 1/3] END colsample_bytree=0.7315573569187557, gamma=1.392287731867865, learning_rate=0.14094181507125983, max_depth=9, n_estimators=577, reg_alpha=0.06314029292739132, reg_lambda=0.7767904834072271, scale_pos_weight=9.216479329617712, subsample=0.7307614637943034;, score=0.630 total time= 3.6min
[CV 1/3] END colsample_bytree=0.9699658959849112, gamma=2.5200188179816303, learning_rate=0.1998401386361783, max_depth=4, n_estimators=454, reg_alpha=0.6775316138836847, reg_lambda=0.3731226184223836, scale_pos_weight=10.416919866580306, subsample=0.5836785161183905;, score=0.673 total time= 1.0min
[CV 1/3] END colsample_bytree=0.5896780051446204, gamma=3.525695727852817, learning_rate=0.10103439834673128, max_depth=3, n_estimators=392, reg_alpha=0.948744395149711, reg_lambda=0.060604907714909784, scale_pos_weight=7.853953434460057, subsample=0.5124831110600285;, score=0.685 total time=  50.5s
[CV 1/3] END colsample_bytree=0.5857170883552714, gamma=2.2678949996141706, learning_rate=0.10097448856057364, max_depth=6, n_estimators=521, reg_alpha=0.9102130348677566, reg_lambda=0.6390321589149208, scale_pos_weight=10.535350978515089, subsample=0.9408078199389989;, score=0.675 total time= 1.2min
[CV 1/3] END colsample_bytree=0.8456059046932702, gamma=3.0151977752664165, learning_rate=0.13379831293971764, max_depth=7, n_estimators=521, reg_alpha=0.12793692451178318, reg_lambda=0.347507082425181, scale_pos_weight=5.353936461757356, subsample=0.6979807943738024;, score=0.656 total time= 1.9min
[CV 2/3] END colsample_bytree=0.6558449142575207, gamma=0.01570453024061058, learning_rate=0.044848680329075914, max_depth=9, n_estimators=444, reg_alpha=0.4417464916377071, reg_lambda=0.984234499234434, scale_pos_weight=4.957079635737926, subsample=0.8575932273901206;, score=0.674 total time= 2.8min
[CV 3/3] END colsample_bytree=0.5914188899344086, gamma=4.128554757803335, learning_rate=0.06714151353217807, max_depth=8, n_estimators=499, reg_alpha=0.5587659446243977, reg_lambda=0.3711695160195314, scale_pos_weight=8.856431035291273, subsample=0.6263992220078864;, score=0.668 total time= 2.0min
[CV 3/3] END colsample_bytree=0.8041597500038858, gamma=1.4052487508344458, learning_rate=0.04469921007100441, max_depth=3, n_estimators=406, reg_alpha=0.8014457762229537, reg_lambda=0.3920935769045727, scale_pos_weight=8.507696492110558, subsample=0.5627431483995753;, score=0.686 total time=  49.5s
[CV 1/3] END colsample_bytree=0.5711276198884077, gamma=1.5658160091488855, learning_rate=0.1799068430975803, max_depth=12, n_estimators=509, reg_alpha=0.9916960733724518, reg_lambda=0.5410028989276625, scale_pos_weight=10.84845743967094, subsample=0.9694982110429888;, score=0.629 total time= 3.7min
[CV 3/3] END colsample_bytree=0.9004903502016824, gamma=0.5222725905007569, learning_rate=0.12537147622654005, max_depth=9, n_estimators=336, reg_alpha=0.11870909550911146, reg_lambda=0.9805682270607236, scale_pos_weight=3.1469588746335546, subsample=0.5336170900452806;, score=0.649 total time= 2.5min
[CV 3/3] END colsample_bytree=0.966277439209656, gamma=0.5932188287079015, learning_rate=0.19674988460029402, max_depth=3, n_estimators=516, reg_alpha=0.6016821640182961, reg_lambda=0.937108944919677, scale_pos_weight=4.118021369557686, subsample=0.62488608122326;, score=0.683 total time=  48.3s
[CV 3/3] END colsample_bytree=0.7190883583331776, gamma=4.496301794623448, learning_rate=0.20245228932183135, max_depth=5, n_estimators=587, reg_alpha=0.7500284121421912, reg_lambda=0.531661023764483, scale_pos_weight=6.3778293474137655, subsample=0.6390497575331782;, score=0.660 total time= 1.4min
[CV 1/3] END colsample_bytree=0.9142440669476205, gamma=3.564229979304775, learning_rate=0.14933902228734972, max_depth=6, n_estimators=596, reg_alpha=0.21088622768078813, reg_lambda=0.8571916570595887, scale_pos_weight=9.2042682025902, subsample=0.7202867640061537;, score=0.655 total time= 1.7min
[CV 3/3] END colsample_bytree=0.5385291395671656, gamma=0.292754646219896, learning_rate=0.07684766373921216, max_depth=12, n_estimators=416, reg_alpha=0.7886149646724064, reg_lambda=0.5172690564416094, scale_pos_weight=5.401989979554905, subsample=0.5737262633531419;, score=0.642 total time= 6.1min
[CV 1/3] END colsample_bytree=0.6277466723278023, gamma=4.7331897709980355, learning_rate=0.12203645167498238, max_depth=14, n_estimators=325, reg_alpha=0.5579807387826399, reg_lambda=0.5525136147827252, scale_pos_weight=1.941519101256979, subsample=0.6718315963045516;, score=0.659 total time= 2.0min
[CV 2/3] END colsample_bytree=0.911479223110743, gamma=1.0487647384184067, learning_rate=0.08580542524381948, max_depth=5, n_estimators=488, reg_alpha=0.33684050186110326, reg_lambda=0.29648978128331527, scale_pos_weight=10.182079996227753, subsample=0.5553742226594791;, score=0.675 total time= 1.3min
[CV 1/3] END colsample_bytree=0.838088781037717, gamma=1.625520077158495, learning_rate=0.1472654393372195, max_depth=14, n_estimators=346, reg_alpha=0.1748814371759594, reg_lambda=0.8557372589057863, scale_pos_weight=3.271795570235149, subsample=0.9185205626214701;, score=0.647 total time= 3.3min
[CV 1/3] END colsample_bytree=0.6652040019378869, gamma=1.7020292167478235, learning_rate=0.2078056716700348, max_depth=9, n_estimators=315, reg_alpha=0.2395101699095381, reg_lambda=0.7945782787001903, scale_pos_weight=1.3467026672648332, subsample=0.7914034175417448;, score=0.641 total time= 1.5min
[CV 3/3] END colsample_bytree=0.8869398278650782, gamma=3.0096171550756576, learning_rate=0.18850465799096924, max_depth=8, n_estimators=531, reg_alpha=0.9481083201714422, reg_lambda=0.44524611228478816, scale_pos_weight=8.888022639053595, subsample=0.8198027805888409;, score=0.637 total time= 2.5min
[CV 3/3] END colsample_bytree=0.6809599954189325, gamma=2.9683039560426923, learning_rate=0.012026236805548676, max_depth=4, n_estimators=350, reg_alpha=0.9132869475762367, reg_lambda=0.6125734683448192, scale_pos_weight=9.736985934663451, subsample=0.861986527733047;, score=0.679 total time=  58.5s
[CV 2/3] END colsample_bytree=0.9112111868341393, gamma=4.287811688306419, learning_rate=0.19332704716824148, max_depth=9, n_estimators=374, reg_alpha=0.5821987465941139, reg_lambda=0.3711724234376276, scale_pos_weight=7.010741668002329, subsample=0.8527929313219123;, score=0.630 total time= 2.3min
[CV 3/3] END colsample_bytree=0.9820087035588512, gamma=1.9210335649290011, learning_rate=0.017799202514982317, max_depth=8, n_estimators=533, reg_alpha=0.39543426799291437, reg_lambda=0.313206261070174, scale_pos_weight=2.470618505665884, subsample=0.7439255985962032;, score=0.689 total time= 2.8min
[CV 1/3] END colsample_bytree=0.7564512080735988, gamma=0.468362103529551, learning_rate=0.16092424431971838, max_depth=8, n_estimators=482, reg_alpha=0.37532990791960186, reg_lambda=0.2857835555258702, scale_pos_weight=3.0322309108608727, subsample=0.8808990956888486;, score=0.650 total time= 2.3min
[CV 1/3] END colsample_bytree=0.5714251436504193, gamma=3.767139611284845, learning_rate=0.16378455642152823, max_depth=11, n_estimators=426, reg_alpha=0.8844242755019771, reg_lambda=0.7000342727721044, scale_pos_weight=2.044041297480814, subsample=0.6995500940368615;, score=0.647 total time= 1.9min
[CV 1/3] END colsample_bytree=0.7483477114089733, gamma=1.4213704646375835, learning_rate=0.03676567259993863, max_depth=4, n_estimators=426, reg_alpha=0.05433203482290383, reg_lambda=0.7486452341262, scale_pos_weight=4.175867952611167, subsample=0.5000673465022427;, score=0.686 total time=  54.3s
[CV 1/3] END colsample_bytree=0.8163559393743005, gamma=3.519285458171656, learning_rate=0.010872653930061817, max_depth=9, n_estimators=512, reg_alpha=0.7130460506343187, reg_lambda=0.6663854135782065, scale_pos_weight=10.660475051286772, subsample=0.8805188951253915;, score=0.685 total time= 3.8min
[CV 3/3] END colsample_bytree=0.8030732824667399, gamma=1.4557212389258951, learning_rate=0.05141898363531425, max_depth=13, n_estimators=431, reg_alpha=0.8994552125461016, reg_lambda=0.7101354317980658, scale_pos_weight=10.373784381643208, subsample=0.8016459028574715;, score=0.645 total time= 6.9min
[CV 2/3] END colsample_bytree=0.7126140927188469, gamma=0.1878554519945369, learning_rate=0.035573360244483515, max_depth=11, n_estimators=548, reg_alpha=0.061330955643282614, reg_lambda=0.3621762547987283, scale_pos_weight=8.231282738825541, subsample=0.6002801255364915;, score=0.647 total time= 5.4min
[CV 1/3] END colsample_bytree=0.6626269529622759, gamma=4.706362241209258, learning_rate=0.19294622299130074, max_depth=10, n_estimators=517, reg_alpha=0.45011652647481104, reg_lambda=0.9771042330515733, scale_pos_weight=2.031213624080758, subsample=0.7738923471916597;, score=0.653 total time= 1.4min
[CV 1/3] END colsample_bytree=0.5585330207120843, gamma=2.2454237250547338, learning_rate=0.13245163015236894, max_depth=13, n_estimators=449, reg_alpha=0.9390570959671871, reg_lambda=0.006682129223887778, scale_pos_weight=8.72301015165343, subsample=0.8126023847652211;, score=0.638 total time= 3.8min
[CV 3/3] END colsample_bytree=0.8662005245291895, gamma=2.574666749566297, learning_rate=0.04227256021107674, max_depth=3, n_estimators=508, reg_alpha=0.4142009255718303, reg_lambda=0.7324138648126686, scale_pos_weight=9.816624823327126, subsample=0.5607476955438827;, score=0.687 total time=  59.8s
[CV 3/3] END colsample_bytree=0.8864933606527934, gamma=4.757210143628406, learning_rate=0.16529786053020365, max_depth=3, n_estimators=470, reg_alpha=0.06904590631459973, reg_lambda=0.4742550209769536, scale_pos_weight=6.606782949389499, subsample=0.8142132283072936;, score=0.685 total time=  58.8s
[CV 2/3] END colsample_bytree=0.74254732998977, gamma=1.6681419791843282, learning_rate=0.16831164051827402, max_depth=5, n_estimators=446, reg_alpha=0.8549740195614743, reg_lambda=0.8825598767723473, scale_pos_weight=5.663097561401701, subsample=0.5378498636548937;, score=0.665 total time= 1.2min
[CV 2/3] END colsample_bytree=0.9239639418816743, gamma=2.727925913345739, learning_rate=0.20634146850422833, max_depth=4, n_estimators=344, reg_alpha=0.9892177539577501, reg_lambda=0.23154843596504882, scale_pos_weight=10.425459396769053, subsample=0.5214187775595567;, score=0.671 total time=  54.5s
[CV 2/3] END colsample_bytree=0.5518392903671383, gamma=0.24328831830856656, learning_rate=0.1262030186750219, max_depth=11, n_estimators=549, reg_alpha=0.5480323566642401, reg_lambda=0.5210731905083879, scale_pos_weight=4.502029910907303, subsample=0.8387367074117364;, score=0.635 total time= 5.6min
[CV 1/3] END colsample_bytree=0.9645697600077314, gamma=1.7095263905274516, learning_rate=0.115535493244339, max_depth=13, n_estimators=350, reg_alpha=0.4430593623304211, reg_lambda=0.4941476706378827, scale_pos_weight=9.61045299503312, subsample=0.7305834506269551;, score=0.634 total time= 4.9min
[CV 1/3] END colsample_bytree=0.541368417809095, gamma=2.422689975400054, learning_rate=0.07048390225570728, max_depth=14, n_estimators=395, reg_alpha=0.15598086369893316, reg_lambda=0.4784961162559619, scale_pos_weight=8.805560268872139, subsample=0.6518119690719202;, score=0.636 total time= 6.0min
[CV 1/3] END colsample_bytree=0.8057318056128304, gamma=3.392499841463189, learning_rate=0.07350994005151769, max_depth=4, n_estimators=337, reg_alpha=0.9471614629002478, reg_lambda=0.8848551176960043, scale_pos_weight=8.390669759393726, subsample=0.638732339862477;, score=0.687 total time=  46.8s
[CV 1/3] END colsample_bytree=0.5946967089424231, gamma=0.025132763049015572, learning_rate=0.02201928207563403, max_depth=11, n_estimators=581, reg_alpha=0.6475164648433631, reg_lambda=0.27304061932780677, scale_pos_weight=2.771925010111911, subsample=0.6471333683185572;, score=0.680 total time= 6.9min
[CV 3/3] END colsample_bytree=0.5478645273721987, gamma=1.5884734877358109, learning_rate=0.20373492111487146, max_depth=11, n_estimators=344, reg_alpha=0.8364984906180335, reg_lambda=0.05021443169045525, scale_pos_weight=5.646131688089708, subsample=0.6898083822258352;, score=0.624 total time= 3.0min
[CV 3/3] END colsample_bytree=0.5468784603227783, gamma=2.88586391643775, learning_rate=0.18542768830228082, max_depth=7, n_estimators=410, reg_alpha=0.1608481739577462, reg_lambda=0.558042325148967, scale_pos_weight=9.117522168657098, subsample=0.870856030756465;, score=0.653 total time= 1.7min
[CV 3/3] END colsample_bytree=0.6777465052206787, gamma=3.9709866563854215, learning_rate=0.028598127964626435, max_depth=9, n_estimators=370, reg_alpha=0.48097288988612374, reg_lambda=0.6423255259052274, scale_pos_weight=1.6485359448296835, subsample=0.7899918937140656;, score=0.687 total time= 3.0min
[CV 3/3] END colsample_bytree=0.5181438113067511, gamma=1.3785992654777612, learning_rate=0.06512246773578909, max_depth=10, n_estimators=481, reg_alpha=0.4288868788610386, reg_lambda=0.8447894362860214, scale_pos_weight=3.681390200955134, subsample=0.578190902201724;, score=0.661 total time= 4.3min
[CV 1/3] END colsample_bytree=0.9575450342035217, gamma=2.6651443362307, learning_rate=0.04159096456706961, max_depth=6, n_estimators=567, reg_alpha=0.16603431341619546, reg_lambda=0.6134731386391763, scale_pos_weight=4.631007366340104, subsample=0.9485931704823094;, score=0.687 total time= 1.9min
[CV 2/3] END colsample_bytree=0.8797912050573159, gamma=4.94032783326387, learning_rate=0.19025920215492978, max_depth=14, n_estimators=512, reg_alpha=0.2543219811783167, reg_lambda=0.8192551048714611, scale_pos_weight=9.798219139516952, subsample=0.7627174562728465;, score=0.621 total time= 2.9min
[CV 3/3] END colsample_bytree=0.9553850808219576, gamma=3.7698095179839197, learning_rate=0.17098135536828774, max_depth=6, n_estimators=472, reg_alpha=0.962810357074026, reg_lambda=0.7266709920703233, scale_pos_weight=4.047510953861333, subsample=0.9146973324294234;, score=0.668 total time= 1.3min
[CV 3/3] END colsample_bytree=0.6652040019378869, gamma=1.7020292167478235, learning_rate=0.2078056716700348, max_depth=9, n_estimators=315, reg_alpha=0.2395101699095381, reg_lambda=0.7945782787001903, scale_pos_weight=1.3467026672648332, subsample=0.7914034175417448;, score=0.643 total time= 1.5min
[CV 3/3] END colsample_bytree=0.8382131811691962, gamma=0.6584671923601926, learning_rate=0.05683688936309714, max_depth=14, n_estimators=366, reg_alpha=0.6522242595454725, reg_lambda=0.9505310525862035, scale_pos_weight=7.0065106654835585, subsample=0.8717969580882798;, score=0.654 total time= 8.8min
[CV 2/3] END colsample_bytree=0.6559495400021402, gamma=1.2802378255247715, learning_rate=0.01615800993208957, max_depth=9, n_estimators=507, reg_alpha=0.7625963946941753, reg_lambda=0.9292573980072293, scale_pos_weight=1.3054945709337997, subsample=0.9360241692235038;, score=0.684 total time= 3.7min
[CV 3/3] END colsample_bytree=0.7315863583756709, gamma=1.1732672088792468, learning_rate=0.0706388118922092, max_depth=8, n_estimators=329, reg_alpha=0.5201698923107512, reg_lambda=0.14287596133941172, scale_pos_weight=8.753461504031357, subsample=0.6357046902233572;, score=0.672 total time= 1.4min
[CV 3/3] END colsample_bytree=0.7502005728551007, gamma=2.163645680098523, learning_rate=0.1015399210318588, max_depth=4, n_estimators=555, reg_alpha=0.3687071708647952, reg_lambda=0.3698132559871766, scale_pos_weight=1.523550201874724, subsample=0.8837838142589591;, score=0.686 total time= 1.1min
[CV 1/3] END colsample_bytree=0.8566034416413089, gamma=0.9960763744702655, learning_rate=0.18804300052723488, max_depth=14, n_estimators=534, reg_alpha=0.3677859877561529, reg_lambda=0.058091952080349785, scale_pos_weight=2.115122123212764, subsample=0.7579309513561641;, score=0.636 total time= 3.1min
[CV 2/3] END colsample_bytree=0.958742921565995, gamma=1.452522528357102, learning_rate=0.10399765363158732, max_depth=11, n_estimators=473, reg_alpha=0.06220322616470275, reg_lambda=0.14730304427897034, scale_pos_weight=1.0784159077191682, subsample=0.8154608951145816;, score=0.652 total time= 3.1min
[CV 3/3] END colsample_bytree=0.6110379353466603, gamma=1.608349948297743, learning_rate=0.1796084179202968, max_depth=10, n_estimators=390, reg_alpha=0.25382107815669486, reg_lambda=0.245807439306153, scale_pos_weight=5.027643984622519, subsample=0.9473213987888173;, score=0.635 total time= 2.6min
[CV 3/3] END colsample_bytree=0.5164048120643042, gamma=3.1802123438998415, learning_rate=0.0828708476856464, max_depth=12, n_estimators=570, reg_alpha=0.8794965707281264, reg_lambda=0.4600023955807989, scale_pos_weight=1.9505304553269278, subsample=0.9133733840131235;, score=0.673 total time= 2.5min
[CV 2/3] END colsample_bytree=0.8571633178674988, gamma=2.3085807190655956, learning_rate=0.19419890421931518, max_depth=9, n_estimators=466, reg_alpha=0.8504716147608377, reg_lambda=0.34460408444755963, scale_pos_weight=1.3085790430807245, subsample=0.5259476497592055;, score=0.627 total time= 2.9min
[CV 2/3] END colsample_bytree=0.5259178995598646, gamma=2.7442933253867796, learning_rate=0.06752654580873564, max_depth=13, n_estimators=582, reg_alpha=0.4116554604567024, reg_lambda=0.9349944318387654, scale_pos_weight=5.3054020950719, subsample=0.9389922484924174;, score=0.656 total time= 4.5min
[CV 2/3] END colsample_bytree=0.7575028298548616, gamma=2.6777690743983626, learning_rate=0.08137719503422204, max_depth=12, n_estimators=351, reg_alpha=0.8726358025468353, reg_lambda=0.8281168290063428, scale_pos_weight=3.160601162447664, subsample=0.9046621991426311;, score=0.661 total time= 3.4min
[CV 2/3] END colsample_bytree=0.6939130449584656, gamma=4.017688297313017, learning_rate=0.19035480570924576, max_depth=4, n_estimators=523, reg_alpha=0.04198542890958823, reg_lambda=0.4792600899145375, scale_pos_weight=2.817232932281565, subsample=0.8715407698156901;, score=0.675 total time= 1.3min
[CV 2/3] END colsample_bytree=0.7231934451315973, gamma=0.35001756066532885, learning_rate=0.1558469485827286, max_depth=10, n_estimators=358, reg_alpha=0.7066342634675964, reg_lambda=0.37448039996801696, scale_pos_weight=4.694819340313803, subsample=0.5226596394804472;, score=0.624 total time= 3.4min
[CV 3/3] END colsample_bytree=0.7076204861670202, gamma=4.442320549614603, learning_rate=0.17486537837585386, max_depth=14, n_estimators=419, reg_alpha=0.8581203942511035, reg_lambda=0.7837723890172492, scale_pos_weight=5.289849318408905, subsample=0.6005325760249726;, score=0.632 total time= 2.7min
[CV 1/3] END colsample_bytree=0.9953395785328829, gamma=3.78365083534284, learning_rate=0.09845876109022705, max_depth=12, n_estimators=360, reg_alpha=0.3892304716917885, reg_lambda=0.228875462483499, scale_pos_weight=6.968518768877594, subsample=0.9640910490569757;, score=0.652 total time= 2.9min
[CV 3/3] END colsample_bytree=0.7922498977653951, gamma=4.168959754594137, learning_rate=0.1385155220647268, max_depth=8, n_estimators=325, reg_alpha=0.74056472325951, reg_lambda=0.09490844126734621, scale_pos_weight=6.940827805697124, subsample=0.8513201029291144;, score=0.658 total time= 1.3min
[CV 2/3] END colsample_bytree=0.6391842408313283, gamma=3.9914659860459336, learning_rate=0.07525078360822936, max_depth=10, n_estimators=392, reg_alpha=0.2325059922078312, reg_lambda=0.12967897822423535, scale_pos_weight=3.5646306101676597, subsample=0.6776598742369438;, score=0.655 total time= 3.2min
[CV 3/3] END colsample_bytree=0.8812234793374343, gamma=0.6300101393199714, learning_rate=0.04928384317440348, max_depth=3, n_estimators=528, reg_alpha=0.5101483804563233, reg_lambda=0.7362398101338331, scale_pos_weight=6.1289705551880935, subsample=0.9348030412373887;, score=0.687 total time=  58.7s
[CV 3/3] END colsample_bytree=0.9694474800206375, gamma=4.469926025234804, learning_rate=0.07749606513497963, max_depth=13, n_estimators=586, reg_alpha=0.5732231944495915, reg_lambda=0.3376493019992346, scale_pos_weight=10.885216479954467, subsample=0.5126186729241321;, score=0.635 total time= 7.4min
[CV 2/3] END colsample_bytree=0.7333465604422043, gamma=2.4106604945992096, learning_rate=0.17818174208058146, max_depth=10, n_estimators=442, reg_alpha=0.8236236107489735, reg_lambda=0.3846110759787682, scale_pos_weight=5.591240232866809, subsample=0.6516429454246415;, score=0.627 total time= 3.7min
[CV 1/3] END colsample_bytree=0.6412154493432558, gamma=1.9536418280680663, learning_rate=0.16966883764486568, max_depth=9, n_estimators=578, reg_alpha=0.8221031606002255, reg_lambda=0.38042000750756233, scale_pos_weight=8.756118509253275, subsample=0.9822383269504058;, score=0.634 total time= 3.3min
[CV 2/3] END colsample_bytree=0.838088781037717, gamma=1.625520077158495, learning_rate=0.1472654393372195, max_depth=14, n_estimators=346, reg_alpha=0.1748814371759594, reg_lambda=0.8557372589057863, scale_pos_weight=3.271795570235149, subsample=0.9185205626214701;, score=0.643 total time= 3.6min
[CV 3/3] END colsample_bytree=0.997718758095655, gamma=4.278480469187697, learning_rate=0.1142891378087179, max_depth=7, n_estimators=575, reg_alpha=0.2202253013773151, reg_lambda=0.4883746289829387, scale_pos_weight=8.375657490928269, subsample=0.7626198787600801;, score=0.659 total time= 1.8min
[CV 3/3] END colsample_bytree=0.5027528995802104, gamma=0.03832016324612664, learning_rate=0.05381376182037156, max_depth=13, n_estimators=389, reg_alpha=0.46285195501585064, reg_lambda=0.4385384885374355, scale_pos_weight=3.185098343541303, subsample=0.6983984235431582;, score=0.655 total time= 6.9min
[CV 3/3] END colsample_bytree=0.6234537133337927, gamma=4.192746074514141, learning_rate=0.08123712942351882, max_depth=4, n_estimators=408, reg_alpha=0.19462383670487193, reg_lambda=0.05764758219902488, scale_pos_weight=4.424479788347133, subsample=0.6351238460653916;, score=0.687 total time=  49.4s
[CV 1/3] END colsample_bytree=0.9262788909507768, gamma=3.5544235834115954, learning_rate=0.1913885617669668, max_depth=13, n_estimators=416, reg_alpha=0.5991205850403252, reg_lambda=0.35346074054678245, scale_pos_weight=5.5846642456925775, subsample=0.5189907816449267;, score=0.622 total time= 3.1min
[CV 3/3] END colsample_bytree=0.8615747432323148, gamma=1.4016723039576044, learning_rate=0.14748127282724752, max_depth=8, n_estimators=374, reg_alpha=0.3488205339694793, reg_lambda=0.11099809879131484, scale_pos_weight=9.082352100092221, subsample=0.9738440129822354;, score=0.651 total time= 1.7min
[CV 1/3] END colsample_bytree=0.8704520280760357, gamma=1.581350748646534, learning_rate=0.030378477613202705, max_depth=3, n_estimators=406, reg_alpha=0.27039328638452553, reg_lambda=0.8427119021605549, scale_pos_weight=4.1334791758514315, subsample=0.8944662358880036;, score=0.684 total time=  49.6s
[CV 1/3] END colsample_bytree=0.9753863538656691, gamma=3.512702507674035, learning_rate=0.06961044172788863, max_depth=7, n_estimators=510, reg_alpha=0.6441492214759159, reg_lambda=0.04818601239329623, scale_pos_weight=4.600504659009784, subsample=0.978399907742143;, score=0.682 total time= 1.8min
[CV 3/3] END colsample_bytree=0.6337963383639857, gamma=4.177401128710972, learning_rate=0.012938677730990769, max_depth=7, n_estimators=401, reg_alpha=0.3373455467690927, reg_lambda=0.019327630917601035, scale_pos_weight=2.243683990005102, subsample=0.7068213374593176;, score=0.688 total time= 1.9min
[CV 3/3] END colsample_bytree=0.8222955873711718, gamma=2.8064677147420136, learning_rate=0.16538560206544511, max_depth=3, n_estimators=358, reg_alpha=0.7256272002744159, reg_lambda=0.6197345714330892, scale_pos_weight=9.960751117945733, subsample=0.9235972195167909;, score=0.685 total time=  38.4s
[CV 1/3] END colsample_bytree=0.958742921565995, gamma=1.452522528357102, learning_rate=0.10399765363158732, max_depth=11, n_estimators=473, reg_alpha=0.06220322616470275, reg_lambda=0.14730304427897034, scale_pos_weight=1.0784159077191682, subsample=0.8154608951145816;, score=0.660 total time= 3.1min
[CV 1/3] END colsample_bytree=0.5002213907186039, gamma=4.506915483209674, learning_rate=0.04076140492832156, max_depth=9, n_estimators=454, reg_alpha=0.9548469930384681, reg_lambda=0.4946751895912833, scale_pos_weight=6.127202478126281, subsample=0.7407746701379272;, score=0.678 total time= 2.6min
[CV 1/3] END colsample_bytree=0.5238206287182533, gamma=3.6337461208409834, learning_rate=0.16478124435413305, max_depth=10, n_estimators=303, reg_alpha=0.15159507480009937, reg_lambda=0.875883083517057, scale_pos_weight=6.390945527360087, subsample=0.6412362131850018;, score=0.632 total time= 2.1min
[CV 1/3] END colsample_bytree=0.8795026412609654, gamma=0.5125798203323723, learning_rate=0.11277089284135354, max_depth=11, n_estimators=350, reg_alpha=0.36928077021554107, reg_lambda=0.9329248625696721, scale_pos_weight=9.275063198732212, subsample=0.8486046909548184;, score=0.635 total time= 3.7min
[CV 2/3] END colsample_bytree=0.6626269529622759, gamma=4.706362241209258, learning_rate=0.19294622299130074, max_depth=10, n_estimators=517, reg_alpha=0.45011652647481104, reg_lambda=0.9771042330515733, scale_pos_weight=2.031213624080758, subsample=0.7738923471916597;, score=0.648 total time= 1.5min
[CV 2/3] END colsample_bytree=0.5585330207120843, gamma=2.2454237250547338, learning_rate=0.13245163015236894, max_depth=13, n_estimators=449, reg_alpha=0.9390570959671871, reg_lambda=0.006682129223887778, scale_pos_weight=8.72301015165343, subsample=0.8126023847652211;, score=0.633 total time= 4.0min
[CV 2/3] END colsample_bytree=0.6678369165195298, gamma=3.7469522640057953, learning_rate=0.12438244077012015, max_depth=13, n_estimators=436, reg_alpha=0.4157751035233219, reg_lambda=0.42894433343014426, scale_pos_weight=6.4090500383808084, subsample=0.8482149035180536;, score=0.640 total time= 3.5min
[CV 2/3] END colsample_bytree=0.6749724697648198, gamma=4.646442011310297, learning_rate=0.0858453074360898, max_depth=4, n_estimators=361, reg_alpha=0.8423255047499341, reg_lambda=0.37324115637923383, scale_pos_weight=7.31988680396189, subsample=0.5476858011365293;, score=0.682 total time= 1.0min
[CV 2/3] END colsample_bytree=0.8792509404581954, gamma=0.07314129438837857, learning_rate=0.051448459953775665, max_depth=14, n_estimators=328, reg_alpha=0.3866201726338342, reg_lambda=0.6624839469416082, scale_pos_weight=4.469626597345584, subsample=0.6953775761648185;, score=0.649 total time= 7.9min
[CV 1/3] END colsample_bytree=0.5332638041054276, gamma=1.1539732696326588, learning_rate=0.19313444645233, max_depth=6, n_estimators=415, reg_alpha=0.24628601881053158, reg_lambda=0.6906797711480066, scale_pos_weight=6.967764199616896, subsample=0.7507878499589742;, score=0.661 total time= 1.0min
[CV 1/3] END colsample_bytree=0.6342810837268213, gamma=0.5048905340888055, learning_rate=0.043498217818821544, max_depth=7, n_estimators=383, reg_alpha=0.9730767979122983, reg_lambda=0.7592925069184736, scale_pos_weight=10.67761465269562, subsample=0.7198702432539543;, score=0.684 total time= 1.5min
[CV 1/3] END colsample_bytree=0.6409595214523646, gamma=1.8190482057046675, learning_rate=0.04814519751817894, max_depth=11, n_estimators=475, reg_alpha=0.5472375204206431, reg_lambda=0.9917728809792494, scale_pos_weight=7.642017130717857, subsample=0.599622977204157;, score=0.655 total time= 4.5min
[CV 1/3] END colsample_bytree=0.9195901974901493, gamma=0.8033979235592259, learning_rate=0.01499433242340992, max_depth=4, n_estimators=507, reg_alpha=0.23747855675225749, reg_lambda=0.04961437333883745, scale_pos_weight=8.24598286847629, subsample=0.5557964999786238;, score=0.685 total time= 1.2min
[CV 3/3] END colsample_bytree=0.5711276198884077, gamma=1.5658160091488855, learning_rate=0.1799068430975803, max_depth=12, n_estimators=509, reg_alpha=0.9916960733724518, reg_lambda=0.5410028989276625, scale_pos_weight=10.84845743967094, subsample=0.9694982110429888;, score=0.634 total time= 3.9min
[CV 2/3] END colsample_bytree=0.5263826289298013, gamma=3.4600562797332737, learning_rate=0.10158579888680558, max_depth=10, n_estimators=400, reg_alpha=0.6139703063252326, reg_lambda=0.2528581182501112, scale_pos_weight=6.776317543444226, subsample=0.6796043734913452;, score=0.639 total time= 3.2min
[CV 3/3] END colsample_bytree=0.6084781229319398, gamma=1.4400267296202056, learning_rate=0.12126560145141586, max_depth=14, n_estimators=489, reg_alpha=0.15628370954977622, reg_lambda=0.22008867687138656, scale_pos_weight=6.182761764476464, subsample=0.8550573831686397;, score=0.641 total time= 4.5min
[CV 2/3] END colsample_bytree=0.5052138496987015, gamma=1.2770674234260975, learning_rate=0.062142659983983314, max_depth=11, n_estimators=468, reg_alpha=0.959826518075929, reg_lambda=0.47825529457592375, scale_pos_weight=9.95814597371882, subsample=0.6611077517223142;, score=0.637 total time= 4.6min
[CV 2/3] END colsample_bytree=0.7807422939797619, gamma=2.8033004720808545, learning_rate=0.13069753331929096, max_depth=4, n_estimators=457, reg_alpha=0.8049889996807698, reg_lambda=0.26982072012821434, scale_pos_weight=9.250494101800621, subsample=0.7491278411317268;, score=0.678 total time= 1.0min
[CV 3/3] END colsample_bytree=0.8212825997675958, gamma=2.10624026647036, learning_rate=0.13723547294164656, max_depth=13, n_estimators=497, reg_alpha=0.9911264318213037, reg_lambda=0.7472195877420377, scale_pos_weight=8.399863866856117, subsample=0.9751563764652958;, score=0.644 total time= 3.9min
[CV 2/3] END colsample_bytree=0.6282650312221238, gamma=3.2708730073703722, learning_rate=0.04961952655194803, max_depth=10, n_estimators=460, reg_alpha=0.15124682873493456, reg_lambda=0.2253169299512351, scale_pos_weight=3.50966661340298, subsample=0.9253080289205688;, score=0.668 total time= 3.3min
[CV 2/3] END colsample_bytree=0.6615055991931069, gamma=4.985390785408309, learning_rate=0.2059564915709044, max_depth=13, n_estimators=546, reg_alpha=0.12982644895171758, reg_lambda=0.6868609976750291, scale_pos_weight=1.930304864600272, subsample=0.5146820795511962;, score=0.629 total time= 1.9min
[CV 1/3] END colsample_bytree=0.8796243665304214, gamma=4.518039221733975, learning_rate=0.05655262942025776, max_depth=11, n_estimators=551, reg_alpha=0.6649849034759953, reg_lambda=0.260286857566003, scale_pos_weight=10.071950307058298, subsample=0.8353661559529171;, score=0.650 total time= 5.5min
[CV 3/3] END colsample_bytree=0.5148341115323699, gamma=3.377101037735446, learning_rate=0.01897071360471373, max_depth=13, n_estimators=426, reg_alpha=0.2747315255195195, reg_lambda=0.3945760755976464, scale_pos_weight=5.218281785388314, subsample=0.7055105376327728;, score=0.674 total time= 7.8min
[CV 2/3] END colsample_bytree=0.795703379711244, gamma=4.032946711631385, learning_rate=0.10529667675565854, max_depth=11, n_estimators=415, reg_alpha=0.0031678485807017376, reg_lambda=0.6401983115596238, scale_pos_weight=3.9843491236187667, subsample=0.6201911943497419;, score=0.640 total time= 3.5min
[CV 1/3] END colsample_bytree=0.5364509176839518, gamma=2.0143664131631853, learning_rate=0.06905809880958866, max_depth=14, n_estimators=589, reg_alpha=0.2810044989087136, reg_lambda=0.8034827432968846, scale_pos_weight=10.29228053631854, subsample=0.7025513472637832;, score=0.644 total time= 7.7min
[CV 2/3] END colsample_bytree=0.8786551035672194, gamma=0.8083571811848095, learning_rate=0.105380021293594, max_depth=6, n_estimators=393, reg_alpha=0.6406151835488874, reg_lambda=0.6666004790466192, scale_pos_weight=2.6269974380856587, subsample=0.7825426562263782;, score=0.676 total time= 1.3min
[CV 3/3] END colsample_bytree=0.8858134554893038, gamma=2.4944783226797096, learning_rate=0.012420623355221486, max_depth=12, n_estimators=335, reg_alpha=0.3570293439700122, reg_lambda=0.926194068431782, scale_pos_weight=3.286767796036088, subsample=0.8171818444358436;, score=0.686 total time= 6.0min
[CV 3/3] END colsample_bytree=0.5710852233519478, gamma=1.0669667398784477, learning_rate=0.1430292388476811, max_depth=7, n_estimators=302, reg_alpha=0.11887439117707199, reg_lambda=0.7647191414762792, scale_pos_weight=7.710552838599144, subsample=0.7176621107276181;, score=0.666 total time= 1.1min
[CV 1/3] END colsample_bytree=0.9762335583439234, gamma=1.1336369116498162, learning_rate=0.18586820403530563, max_depth=11, n_estimators=447, reg_alpha=0.6771524124576737, reg_lambda=0.6250291860852057, scale_pos_weight=4.1654966526787, subsample=0.9082053924825153;, score=0.639 total time= 3.6min
[CV 2/3] END colsample_bytree=0.6241881301849002, gamma=1.0720324149658227, learning_rate=0.06416126560739452, max_depth=4, n_estimators=595, reg_alpha=0.3548608307461478, reg_lambda=0.4247715304250529, scale_pos_weight=3.1534438138255263, subsample=0.7985478850933598;, score=0.683 total time= 1.2min
[CV 3/3] END colsample_bytree=0.9368614600911125, gamma=3.1897713134236936, learning_rate=0.1767286268287917, max_depth=10, n_estimators=413, reg_alpha=0.6493223245768817, reg_lambda=0.9362806214689267, scale_pos_weight=1.6400634660862092, subsample=0.9123716186735038;, score=0.663 total time= 1.3min
[CV 1/3] END colsample_bytree=0.8052733775077123, gamma=0.8018270305987157, learning_rate=0.14472908349498156, max_depth=6, n_estimators=411, reg_alpha=0.11755130015021997, reg_lambda=0.16528449014295743, scale_pos_weight=1.0199213521907027, subsample=0.8593698089267652;, score=0.674 total time= 1.4min
[CV 1/3] END colsample_bytree=0.8028189446617058, gamma=0.5860195284011671, learning_rate=0.07744131511315042, max_depth=10, n_estimators=581, reg_alpha=0.5122847572434851, reg_lambda=0.11428576999797946, scale_pos_weight=8.648009724592772, subsample=0.8394488625389203;, score=0.644 total time= 4.9min
[CV 2/3] END colsample_bytree=0.953919256941767, gamma=2.5352982336935916, learning_rate=0.04758407616306461, max_depth=3, n_estimators=517, reg_alpha=0.6961561451379252, reg_lambda=0.38279876443638783, scale_pos_weight=9.218309465853594, subsample=0.8297553843203851;, score=0.682 total time= 1.1min
[CV 2/3] END colsample_bytree=0.7076204861670202, gamma=4.442320549614603, learning_rate=0.17486537837585386, max_depth=14, n_estimators=419, reg_alpha=0.8581203942511035, reg_lambda=0.7837723890172492, scale_pos_weight=5.289849318408905, subsample=0.6005325760249726;, score=0.628 total time= 2.8min
[CV 3/3] END colsample_bytree=0.6544779950340763, gamma=0.6632228880047658, learning_rate=0.11232714357901542, max_depth=12, n_estimators=302, reg_alpha=0.6246140481145316, reg_lambda=0.8644332468683641, scale_pos_weight=6.86936506558907, subsample=0.7904751899440896;, score=0.638 total time= 3.9min
[CV 1/3] END colsample_bytree=0.8346543045809396, gamma=4.459465516282813, learning_rate=0.0712102927045576, max_depth=13, n_estimators=397, reg_alpha=0.07103488904400213, reg_lambda=0.21079310155002862, scale_pos_weight=3.293657770376724, subsample=0.7345536055237893;, score=0.660 total time= 3.8min
[CV 1/3] END colsample_bytree=0.70138791661645, gamma=4.851176722074384, learning_rate=0.19646455164577553, max_depth=13, n_estimators=490, reg_alpha=0.5708774168394762, reg_lambda=0.1852703553833237, scale_pos_weight=3.786430631150364, subsample=0.6093549001617916;, score=0.630 total time= 2.0min
[CV 2/3] END colsample_bytree=0.7984553452733281, gamma=4.997788516252193, learning_rate=0.16388977881640943, max_depth=4, n_estimators=568, reg_alpha=0.6743996518139815, reg_lambda=0.7628933355543641, scale_pos_weight=1.4545250043579596, subsample=0.823300221974331;, score=0.679 total time=  57.4s
[CV 2/3] END colsample_bytree=0.7623678188307161, gamma=3.8762202591747466, learning_rate=0.05688512000230294, max_depth=13, n_estimators=448, reg_alpha=0.9614923245741122, reg_lambda=0.6678679067008134, scale_pos_weight=10.332050877593062, subsample=0.6327482037145362;, score=0.641 total time= 7.1min
[CV 2/3] END colsample_bytree=0.8270800771430492, gamma=3.096195160267908, learning_rate=0.0764219566616249, max_depth=11, n_estimators=313, reg_alpha=0.8448623274896327, reg_lambda=0.22398254586508115, scale_pos_weight=3.3914254543452316, subsample=0.7561501734435403;, score=0.656 total time= 3.3min
[CV 2/3] END colsample_bytree=0.5662023067482274, gamma=1.9112612598872918, learning_rate=0.1338686908273823, max_depth=13, n_estimators=302, reg_alpha=0.9976228222513854, reg_lambda=0.19113208844889684, scale_pos_weight=5.596508196595725, subsample=0.715491950960411;, score=0.637 total time= 3.5min
[CV 2/3] END colsample_bytree=0.6299140689701497, gamma=4.4304305440675815, learning_rate=0.18913798885332334, max_depth=6, n_estimators=530, reg_alpha=0.11113714733201241, reg_lambda=0.6481050345341234, scale_pos_weight=9.75118044558047, subsample=0.8952602551358367;, score=0.652 total time= 1.4min
[CV 3/3] END colsample_bytree=0.8255737924408371, gamma=3.1046428373921557, learning_rate=0.08047498932193088, max_depth=7, n_estimators=407, reg_alpha=0.47128716739816456, reg_lambda=0.9791049380151545, scale_pos_weight=7.3414213829573685, subsample=0.5631323707822513;, score=0.674 total time= 1.7min
[CV 1/3] END colsample_bytree=0.5553602966631579, gamma=2.112742141559723, learning_rate=0.018404935034281058, max_depth=10, n_estimators=569, reg_alpha=0.9180765521991506, reg_lambda=0.28003732955048943, scale_pos_weight=9.583416767991208, subsample=0.6461091152309488;, score=0.677 total time= 4.3min
[CV 2/3] END colsample_bytree=0.9538055012782775, gamma=3.570163222334282, learning_rate=0.13158104281814076, max_depth=3, n_estimators=389, reg_alpha=0.9550605114849889, reg_lambda=0.8211982825502265, scale_pos_weight=1.015651051914729, subsample=0.8182006850917035;, score=0.682 total time=  50.3s
[CV 2/3] END colsample_bytree=0.5605125002425966, gamma=2.0947389509373773, learning_rate=0.16023560956168365, max_depth=3, n_estimators=542, reg_alpha=0.3547712918359842, reg_lambda=0.941725711618925, scale_pos_weight=7.6857264672291405, subsample=0.8393349783362825;, score=0.680 total time= 1.1min
[CV 1/3] END colsample_bytree=0.8462464133346126, gamma=2.149655386950741, learning_rate=0.14459332447888648, max_depth=9, n_estimators=372, reg_alpha=0.3063134987782127, reg_lambda=0.7889851599207933, scale_pos_weight=5.4641951640158215, subsample=0.8991901702591762;, score=0.648 total time= 2.5min
[CV 1/3] END colsample_bytree=0.9820087035588512, gamma=1.9210335649290011, learning_rate=0.017799202514982317, max_depth=8, n_estimators=533, reg_alpha=0.39543426799291437, reg_lambda=0.313206261070174, scale_pos_weight=2.470618505665884, subsample=0.7439255985962032;, score=0.689 total time= 3.0min
[CV 3/3] END colsample_bytree=0.7564512080735988, gamma=0.468362103529551, learning_rate=0.16092424431971838, max_depth=8, n_estimators=482, reg_alpha=0.37532990791960186, reg_lambda=0.2857835555258702, scale_pos_weight=3.0322309108608727, subsample=0.8808990956888486;, score=0.651 total time= 2.3min
[CV 3/3] END colsample_bytree=0.5714251436504193, gamma=3.767139611284845, learning_rate=0.16378455642152823, max_depth=11, n_estimators=426, reg_alpha=0.8844242755019771, reg_lambda=0.7000342727721044, scale_pos_weight=2.044041297480814, subsample=0.6995500940368615;, score=0.647 total time= 1.8min
[CV 2/3] END colsample_bytree=0.7483477114089733, gamma=1.4213704646375835, learning_rate=0.03676567259993863, max_depth=4, n_estimators=426, reg_alpha=0.05433203482290383, reg_lambda=0.7486452341262, scale_pos_weight=4.175867952611167, subsample=0.5000673465022427;, score=0.682 total time= 1.0min
[CV 3/3] END colsample_bytree=0.8163559393743005, gamma=3.519285458171656, learning_rate=0.010872653930061817, max_depth=9, n_estimators=512, reg_alpha=0.7130460506343187, reg_lambda=0.6663854135782065, scale_pos_weight=10.660475051286772, subsample=0.8805188951253915;, score=0.686 total time= 3.8min
[CV 2/3] END colsample_bytree=0.8222955873711718, gamma=2.8064677147420136, learning_rate=0.16538560206544511, max_depth=3, n_estimators=358, reg_alpha=0.7256272002744159, reg_lambda=0.6197345714330892, scale_pos_weight=9.960751117945733, subsample=0.9235972195167909;, score=0.681 total time=  39.8s
[CV 2/3] END colsample_bytree=0.6575735195662766, gamma=1.3811866248757654, learning_rate=0.20633066477048959, max_depth=10, n_estimators=367, reg_alpha=0.3881657061269955, reg_lambda=0.674130295536063, scale_pos_weight=3.5990497924283282, subsample=0.6725961042471053;, score=0.626 total time= 3.0min
[CV 1/3] END colsample_bytree=0.6110379353466603, gamma=1.608349948297743, learning_rate=0.1796084179202968, max_depth=10, n_estimators=390, reg_alpha=0.25382107815669486, reg_lambda=0.245807439306153, scale_pos_weight=5.027643984622519, subsample=0.9473213987888173;, score=0.635 total time= 2.5min
[CV 2/3] END colsample_bytree=0.7097239969786568, gamma=3.9018275150344084, learning_rate=0.10526714666021976, max_depth=4, n_estimators=415, reg_alpha=0.2044608860547118, reg_lambda=0.25530907650393164, scale_pos_weight=3.956946740416042, subsample=0.7969012404048077;, score=0.682 total time=  54.9s
[CV 3/3] END colsample_bytree=0.804815505828451, gamma=4.480203998286095, learning_rate=0.17360534982773862, max_depth=13, n_estimators=505, reg_alpha=0.12535647579238562, reg_lambda=0.3369647257174565, scale_pos_weight=10.995439187190943, subsample=0.7028755843075305;, score=0.620 total time= 3.2min
[CV 2/3] END colsample_bytree=0.5621914156206622, gamma=3.987736802685997, learning_rate=0.13318238313534425, max_depth=4, n_estimators=488, reg_alpha=0.09751432564089746, reg_lambda=0.558980634099774, scale_pos_weight=6.010878802621971, subsample=0.8530965914816793;, score=0.679 total time=  58.3s
[CV 1/3] END colsample_bytree=0.750757730739867, gamma=0.3544578794564268, learning_rate=0.072572632171026, max_depth=9, n_estimators=413, reg_alpha=0.8328303767882711, reg_lambda=0.9060870604812605, scale_pos_weight=1.121567714773868, subsample=0.8370099595293963;, score=0.674 total time= 2.5min
[CV 3/3] END colsample_bytree=0.5585330207120843, gamma=2.2454237250547338, learning_rate=0.13245163015236894, max_depth=13, n_estimators=449, reg_alpha=0.9390570959671871, reg_lambda=0.006682129223887778, scale_pos_weight=8.72301015165343, subsample=0.8126023847652211;, score=0.636 total time= 4.0min
[CV 3/3] END colsample_bytree=0.6678369165195298, gamma=3.7469522640057953, learning_rate=0.12438244077012015, max_depth=13, n_estimators=436, reg_alpha=0.4157751035233219, reg_lambda=0.42894433343014426, scale_pos_weight=6.4090500383808084, subsample=0.8482149035180536;, score=0.644 total time= 3.7min
[CV 1/3] END colsample_bytree=0.5518392903671383, gamma=0.24328831830856656, learning_rate=0.1262030186750219, max_depth=11, n_estimators=549, reg_alpha=0.5480323566642401, reg_lambda=0.5210731905083879, scale_pos_weight=4.502029910907303, subsample=0.8387367074117364;, score=0.640 total time= 5.8min
[CV 3/3] END colsample_bytree=0.9645697600077314, gamma=1.7095263905274516, learning_rate=0.115535493244339, max_depth=13, n_estimators=350, reg_alpha=0.4430593623304211, reg_lambda=0.4941476706378827, scale_pos_weight=9.61045299503312, subsample=0.7305834506269551;, score=0.632 total time= 5.2min
[CV 3/3] END colsample_bytree=0.541368417809095, gamma=2.422689975400054, learning_rate=0.07048390225570728, max_depth=14, n_estimators=395, reg_alpha=0.15598086369893316, reg_lambda=0.4784961162559619, scale_pos_weight=8.805560268872139, subsample=0.6518119690719202;, score=0.638 total time= 6.2min
[CV 3/3] END colsample_bytree=0.7264068571054584, gamma=0.9924553730267455, learning_rate=0.04297695531302769, max_depth=10, n_estimators=375, reg_alpha=0.27294999473148784, reg_lambda=0.3414252696042983, scale_pos_weight=5.487788039946148, subsample=0.9566163402107282;, score=0.677 total time= 3.5min
[CV 1/3] END colsample_bytree=0.5263826289298013, gamma=3.4600562797332737, learning_rate=0.10158579888680558, max_depth=10, n_estimators=400, reg_alpha=0.6139703063252326, reg_lambda=0.2528581182501112, scale_pos_weight=6.776317543444226, subsample=0.6796043734913452;, score=0.644 total time= 3.3min
[CV 1/3] END colsample_bytree=0.6084781229319398, gamma=1.4400267296202056, learning_rate=0.12126560145141586, max_depth=14, n_estimators=489, reg_alpha=0.15628370954977622, reg_lambda=0.22008867687138656, scale_pos_weight=6.182761764476464, subsample=0.8550573831686397;, score=0.640 total time= 4.6min
[CV 1/3] END colsample_bytree=0.7676839705908256, gamma=2.8303582322408256, learning_rate=0.16029058889186876, max_depth=9, n_estimators=362, reg_alpha=0.05057310382422886, reg_lambda=0.4261212379522308, scale_pos_weight=9.32363539660995, subsample=0.902824402681671;, score=0.635 total time= 1.8min
[CV 1/3] END colsample_bytree=0.8189509372764807, gamma=4.9258727754533735, learning_rate=0.16360108706264195, max_depth=13, n_estimators=437, reg_alpha=0.427486454090268, reg_lambda=0.3302846675020844, scale_pos_weight=6.64231816684536, subsample=0.925287264007558;, score=0.644 total time= 2.1min
[CV 2/3] END colsample_bytree=0.6932702534115139, gamma=2.5563773110037555, learning_rate=0.10846509600023639, max_depth=4, n_estimators=478, reg_alpha=0.8944525568242322, reg_lambda=0.4559792757599369, scale_pos_weight=5.434558363819042, subsample=0.8010584926773898;, score=0.681 total time= 1.1min
[CV 3/3] END colsample_bytree=0.7636130904199001, gamma=3.1627205498291393, learning_rate=0.13889405542420674, max_depth=14, n_estimators=493, reg_alpha=0.3334073221591105, reg_lambda=0.7330511898599934, scale_pos_weight=6.285781097221971, subsample=0.8966970071526739;, score=0.644 total time= 3.0min
[CV 3/3] END colsample_bytree=0.7483477114089733, gamma=1.4213704646375835, learning_rate=0.03676567259993863, max_depth=4, n_estimators=426, reg_alpha=0.05433203482290383, reg_lambda=0.7486452341262, scale_pos_weight=4.175867952611167, subsample=0.5000673465022427;, score=0.687 total time=  51.6s
[CV 2/3] END colsample_bytree=0.8163559393743005, gamma=3.519285458171656, learning_rate=0.010872653930061817, max_depth=9, n_estimators=512, reg_alpha=0.7130460506343187, reg_lambda=0.6663854135782065, scale_pos_weight=10.660475051286772, subsample=0.8805188951253915;, score=0.681 total time= 3.8min
[CV 1/3] END colsample_bytree=0.7367004407474562, gamma=0.2985824448544466, learning_rate=0.14432845630920596, max_depth=6, n_estimators=389, reg_alpha=0.9902088935876214, reg_lambda=0.23915877778224304, scale_pos_weight=6.307373552868358, subsample=0.8254786675590363;, score=0.673 total time= 1.1min
[CV 2/3] END colsample_bytree=0.5249895143298393, gamma=4.218248320259119, learning_rate=0.2062385058328232, max_depth=4, n_estimators=310, reg_alpha=0.3918582964090789, reg_lambda=0.6591137644695265, scale_pos_weight=2.0889331398103907, subsample=0.8182693233766771;, score=0.678 total time=  42.6s
[CV 2/3] END colsample_bytree=0.7491180002496365, gamma=2.0333703499929157, learning_rate=0.20060400423577984, max_depth=11, n_estimators=438, reg_alpha=0.45896347937729864, reg_lambda=0.9193874045726727, scale_pos_weight=2.7609547133059467, subsample=0.6069785193441184;, score=0.625 total time= 3.2min
[CV 3/3] END colsample_bytree=0.8177218228297614, gamma=0.45360851117465517, learning_rate=0.016523589668313302, max_depth=5, n_estimators=412, reg_alpha=0.4443653492415144, reg_lambda=0.2755479392194834, scale_pos_weight=7.220395623709938, subsample=0.9962211446873894;, score=0.685 total time= 1.3min
[CV 2/3] END colsample_bytree=0.5164048120643042, gamma=3.1802123438998415, learning_rate=0.0828708476856464, max_depth=12, n_estimators=570, reg_alpha=0.8794965707281264, reg_lambda=0.4600023955807989, scale_pos_weight=1.9505304553269278, subsample=0.9133733840131235;, score=0.667 total time= 2.4min
[CV 3/3] END colsample_bytree=0.8795026412609654, gamma=0.5125798203323723, learning_rate=0.11277089284135354, max_depth=11, n_estimators=350, reg_alpha=0.36928077021554107, reg_lambda=0.9329248625696721, scale_pos_weight=9.275063198732212, subsample=0.8486046909548184;, score=0.636 total time= 4.0min
[CV 3/3] END colsample_bytree=0.989478753520552, gamma=2.777477120529301, learning_rate=0.0479630605944312, max_depth=6, n_estimators=518, reg_alpha=0.5197042628944842, reg_lambda=0.074042217912348, scale_pos_weight=7.054826692144046, subsample=0.758394969564079;, score=0.687 total time= 1.6min
[CV 1/3] END colsample_bytree=0.6241881301849002, gamma=1.0720324149658227, learning_rate=0.06416126560739452, max_depth=4, n_estimators=595, reg_alpha=0.3548608307461478, reg_lambda=0.4247715304250529, scale_pos_weight=3.1534438138255263, subsample=0.7985478850933598;, score=0.688 total time= 1.2min
[CV 2/3] END colsample_bytree=0.8998593819824305, gamma=1.6680339451452157, learning_rate=0.18303866947956224, max_depth=3, n_estimators=481, reg_alpha=0.8598238353912759, reg_lambda=0.03500791480680565, scale_pos_weight=8.873733450051056, subsample=0.7056697332495719;, score=0.679 total time=  47.8s
[CV 2/3] END colsample_bytree=0.5928233524506215, gamma=3.3210969249448414, learning_rate=0.18633812236870162, max_depth=6, n_estimators=382, reg_alpha=0.11043186341110267, reg_lambda=0.28918744629594983, scale_pos_weight=4.098068753224689, subsample=0.6249784731988106;, score=0.659 total time= 1.3min
[CV 3/3] END colsample_bytree=0.8173196282436903, gamma=2.9107190378889927, learning_rate=0.03368300783518638, max_depth=12, n_estimators=327, reg_alpha=0.31100249473268027, reg_lambda=0.16693107081750147, scale_pos_weight=3.437294825243418, subsample=0.6338003994308538;, score=0.674 total time= 5.2min
[CV 2/3] END colsample_bytree=0.5793394368448425, gamma=1.2911550983308002, learning_rate=0.13108235150151745, max_depth=7, n_estimators=363, reg_alpha=0.7743026829445951, reg_lambda=0.8525849549383427, scale_pos_weight=6.416464182167599, subsample=0.8791336460280296;, score=0.664 total time= 1.3min
[CV 3/3] END colsample_bytree=0.7315573569187557, gamma=1.392287731867865, learning_rate=0.14094181507125983, max_depth=9, n_estimators=577, reg_alpha=0.06314029292739132, reg_lambda=0.7767904834072271, scale_pos_weight=9.216479329617712, subsample=0.7307614637943034;, score=0.633 total time= 3.8min
[CV 3/3] END colsample_bytree=0.9699658959849112, gamma=2.5200188179816303, learning_rate=0.1998401386361783, max_depth=4, n_estimators=454, reg_alpha=0.6775316138836847, reg_lambda=0.3731226184223836, scale_pos_weight=10.416919866580306, subsample=0.5836785161183905;, score=0.673 total time= 1.1min
[CV 2/3] END colsample_bytree=0.5896780051446204, gamma=3.525695727852817, learning_rate=0.10103439834673128, max_depth=3, n_estimators=392, reg_alpha=0.948744395149711, reg_lambda=0.060604907714909784, scale_pos_weight=7.853953434460057, subsample=0.5124831110600285;, score=0.681 total time=  46.0s
[CV 2/3] END colsample_bytree=0.5857170883552714, gamma=2.2678949996141706, learning_rate=0.10097448856057364, max_depth=6, n_estimators=521, reg_alpha=0.9102130348677566, reg_lambda=0.6390321589149208, scale_pos_weight=10.535350978515089, subsample=0.9408078199389989;, score=0.669 total time= 1.1min
[CV 3/3] END colsample_bytree=0.8456059046932702, gamma=3.0151977752664165, learning_rate=0.13379831293971764, max_depth=7, n_estimators=521, reg_alpha=0.12793692451178318, reg_lambda=0.347507082425181, scale_pos_weight=5.353936461757356, subsample=0.6979807943738024;, score=0.658 total time= 1.8min
[CV 1/3] END colsample_bytree=0.6558449142575207, gamma=0.01570453024061058, learning_rate=0.044848680329075914, max_depth=9, n_estimators=444, reg_alpha=0.4417464916377071, reg_lambda=0.984234499234434, scale_pos_weight=4.957079635737926, subsample=0.8575932273901206;, score=0.678 total time= 2.8min
[CV 2/3] END colsample_bytree=0.5914188899344086, gamma=4.128554757803335, learning_rate=0.06714151353217807, max_depth=8, n_estimators=499, reg_alpha=0.5587659446243977, reg_lambda=0.3711695160195314, scale_pos_weight=8.856431035291273, subsample=0.6263992220078864;, score=0.662 total time= 2.0min
[CV 2/3] END colsample_bytree=0.8041597500038858, gamma=1.4052487508344458, learning_rate=0.04469921007100441, max_depth=3, n_estimators=406, reg_alpha=0.8014457762229537, reg_lambda=0.3920935769045727, scale_pos_weight=8.507696492110558, subsample=0.5627431483995753;, score=0.681 total time=  49.4s
[CV 3/3] END colsample_bytree=0.6408080210528159, gamma=4.816801602230189, learning_rate=0.012056899187138407, max_depth=3, n_estimators=404, reg_alpha=0.34688597636438556, reg_lambda=0.43564479045650983, scale_pos_weight=8.94480817853506, subsample=0.6390645777433062;, score=0.676 total time=  59.6s
[CV 3/3] END colsample_bytree=0.9477814240659194, gamma=4.545876320267928, learning_rate=0.07277561530300546, max_depth=9, n_estimators=428, reg_alpha=0.4400580465093987, reg_lambda=0.7297119064974222, scale_pos_weight=10.40220805571285, subsample=0.8018984959645481;, score=0.660 total time= 2.8min
[CV 2/3] END colsample_bytree=0.7974236897509548, gamma=3.6943333856651632, learning_rate=0.016488689209437392, max_depth=13, n_estimators=407, reg_alpha=0.10326500887504841, reg_lambda=0.17252387694636206, scale_pos_weight=6.679742973160805, subsample=0.6481788067566442;, score=0.666 total time= 7.4min
[CV 3/3] END colsample_bytree=0.8796243665304214, gamma=4.518039221733975, learning_rate=0.05655262942025776, max_depth=11, n_estimators=551, reg_alpha=0.6649849034759953, reg_lambda=0.260286857566003, scale_pos_weight=10.071950307058298, subsample=0.8353661559529171;, score=0.649 total time= 5.1min
[CV 2/3] END colsample_bytree=0.5221938860854272, gamma=1.3891103639086722, learning_rate=0.17333643509014363, max_depth=3, n_estimators=340, reg_alpha=0.8182066687482475, reg_lambda=0.5315994646044309, scale_pos_weight=9.7986267736116, subsample=0.7873897771322076;, score=0.681 total time=  32.7s
[CV 2/3] END colsample_bytree=0.5255676907210504, gamma=1.2880361016686093, learning_rate=0.02190494006955434, max_depth=6, n_estimators=445, reg_alpha=0.11448763806590512, reg_lambda=0.3838388830449795, scale_pos_weight=5.562365089555421, subsample=0.6845265108804583;, score=0.683 total time= 1.6min
[CV 1/3] END colsample_bytree=0.5602792082018451, gamma=4.512266536429209, learning_rate=0.023288768871154976, max_depth=10, n_estimators=557, reg_alpha=0.011706610730904066, reg_lambda=0.422034260127639, scale_pos_weight=3.9504070765415626, subsample=0.7430002468988015;, score=0.682 total time= 4.7min
[CV 1/3] END colsample_bytree=0.9832086929332037, gamma=2.7885441312502195, learning_rate=0.07945540780610151, max_depth=14, n_estimators=579, reg_alpha=0.999713804155914, reg_lambda=0.15052149166341355, scale_pos_weight=9.16756930119528, subsample=0.603654501593779;, score=0.644 total time= 6.8min
[CV 2/3] END colsample_bytree=0.7082522159519395, gamma=4.110899434082117, learning_rate=0.1800696002239791, max_depth=11, n_estimators=465, reg_alpha=0.4722818041629817, reg_lambda=0.8801567379214851, scale_pos_weight=3.157406791764541, subsample=0.838906600155022;, score=0.643 total time= 1.8min
[CV 2/3] END colsample_bytree=0.7464322922237233, gamma=2.0214487362743454, learning_rate=0.11618753568241877, max_depth=8, n_estimators=323, reg_alpha=0.724856499315017, reg_lambda=0.8776470196507814, scale_pos_weight=1.4165681838268243, subsample=0.6988237897960181;, score=0.666 total time= 1.4min
[CV 1/3] END colsample_bytree=0.8222955873711718, gamma=2.8064677147420136, learning_rate=0.16538560206544511, max_depth=3, n_estimators=358, reg_alpha=0.7256272002744159, reg_lambda=0.6197345714330892, scale_pos_weight=9.960751117945733, subsample=0.9235972195167909;, score=0.685 total time=  36.7s
[CV 1/3] END colsample_bytree=0.6575735195662766, gamma=1.3811866248757654, learning_rate=0.20633066477048959, max_depth=10, n_estimators=367, reg_alpha=0.3881657061269955, reg_lambda=0.674130295536063, scale_pos_weight=3.5990497924283282, subsample=0.6725961042471053;, score=0.628 total time= 2.8min
[CV 1/3] END colsample_bytree=0.8858134554893038, gamma=2.4944783226797096, learning_rate=0.012420623355221486, max_depth=12, n_estimators=335, reg_alpha=0.3570293439700122, reg_lambda=0.926194068431782, scale_pos_weight=3.286767796036088, subsample=0.8171818444358436;, score=0.685 total time= 6.1min
[CV 1/3] END colsample_bytree=0.5710852233519478, gamma=1.0669667398784477, learning_rate=0.1430292388476811, max_depth=7, n_estimators=302, reg_alpha=0.11887439117707199, reg_lambda=0.7647191414762792, scale_pos_weight=7.710552838599144, subsample=0.7176621107276181;, score=0.666 total time= 1.1min
[CV 1/3] END colsample_bytree=0.7671452759468379, gamma=2.703672835665521, learning_rate=0.09591918871521293, max_depth=7, n_estimators=582, reg_alpha=0.4822643612521922, reg_lambda=0.11849235876840059, scale_pos_weight=10.615133389830849, subsample=0.8572053818132992;, score=0.664 total time= 2.0min
[CV 2/3] END colsample_bytree=0.989478753520552, gamma=2.777477120529301, learning_rate=0.0479630605944312, max_depth=6, n_estimators=518, reg_alpha=0.5197042628944842, reg_lambda=0.074042217912348, scale_pos_weight=7.054826692144046, subsample=0.758394969564079;, score=0.681 total time= 1.6min
[CV 2/3] END colsample_bytree=0.7734379829380222, gamma=3.3533776269116276, learning_rate=0.1501735271722864, max_depth=10, n_estimators=338, reg_alpha=0.1992703364668008, reg_lambda=0.8774700466544819, scale_pos_weight=8.387231507265664, subsample=0.5068727770056727;, score=0.619 total time= 2.4min
[CV 1/3] END colsample_bytree=0.8931788665307407, gamma=3.161082988769745, learning_rate=0.08470403537993751, max_depth=12, n_estimators=594, reg_alpha=0.23178359028935003, reg_lambda=0.3186089627636072, scale_pos_weight=10.035584434325303, subsample=0.5388203879943907;, score=0.630 total time= 7.2min
[CV 1/3] END colsample_bytree=0.8981207252706842, gamma=1.3597301970922437, learning_rate=0.14847178449221163, max_depth=5, n_estimators=465, reg_alpha=0.7482328313318959, reg_lambda=0.22504187617087212, scale_pos_weight=6.287244190984357, subsample=0.9129588536580152;, score=0.677 total time= 1.2min
[CV 1/3] END colsample_bytree=0.7571005200046697, gamma=3.681144412642751, learning_rate=0.0972839197459186, max_depth=8, n_estimators=557, reg_alpha=0.7480047363714034, reg_lambda=0.812713619893062, scale_pos_weight=8.068378557805412, subsample=0.9836317937631828;, score=0.665 total time= 2.0min
[CV 2/3] END colsample_bytree=0.6544779950340763, gamma=0.6632228880047658, learning_rate=0.11232714357901542, max_depth=12, n_estimators=302, reg_alpha=0.6246140481145316, reg_lambda=0.8644332468683641, scale_pos_weight=6.86936506558907, subsample=0.7904751899440896;, score=0.633 total time= 3.8min
[CV 2/3] END colsample_bytree=0.8456059046932702, gamma=3.0151977752664165, learning_rate=0.13379831293971764, max_depth=7, n_estimators=521, reg_alpha=0.12793692451178318, reg_lambda=0.347507082425181, scale_pos_weight=5.353936461757356, subsample=0.6979807943738024;, score=0.652 total time= 1.9min
[CV 3/3] END colsample_bytree=0.6558449142575207, gamma=0.01570453024061058, learning_rate=0.044848680329075914, max_depth=9, n_estimators=444, reg_alpha=0.4417464916377071, reg_lambda=0.984234499234434, scale_pos_weight=4.957079635737926, subsample=0.8575932273901206;, score=0.680 total time= 2.9min
[CV 1/3] END colsample_bytree=0.9694474800206375, gamma=4.469926025234804, learning_rate=0.07749606513497963, max_depth=13, n_estimators=586, reg_alpha=0.5732231944495915, reg_lambda=0.3376493019992346, scale_pos_weight=10.885216479954467, subsample=0.5126186729241321;, score=0.634 total time= 7.0min
[CV 1/3] END colsample_bytree=0.9117761133059095, gamma=4.103480803833897, learning_rate=0.10547007962448027, max_depth=10, n_estimators=489, reg_alpha=0.8057145256682179, reg_lambda=0.328179482797612, scale_pos_weight=3.09059373706846, subsample=0.5423441709376534;, score=0.645 total time= 3.8min
[CV 1/3] END colsample_bytree=0.9467972932250658, gamma=3.290274919306104, learning_rate=0.011611820668423959, max_depth=10, n_estimators=421, reg_alpha=0.23714446597771122, reg_lambda=0.10761418475985884, scale_pos_weight=8.681281783808823, subsample=0.7502386579333591;, score=0.683 total time= 3.9min
[CV 3/3] END colsample_bytree=0.7676839705908256, gamma=2.8303582322408256, learning_rate=0.16029058889186876, max_depth=9, n_estimators=362, reg_alpha=0.05057310382422886, reg_lambda=0.4261212379522308, scale_pos_weight=9.32363539660995, subsample=0.902824402681671;, score=0.637 total time= 2.0min
[CV 3/3] END colsample_bytree=0.6007641890031564, gamma=4.672165193767207, learning_rate=0.14781753074964596, max_depth=3, n_estimators=303, reg_alpha=0.6031921656146675, reg_lambda=0.5236005471526117, scale_pos_weight=3.5358411699636916, subsample=0.7354750293862573;, score=0.686 total time=  36.3s
[CV 3/3] END colsample_bytree=0.6439156494258029, gamma=0.4663572338908495, learning_rate=0.20276463217569474, max_depth=5, n_estimators=311, reg_alpha=0.15177540985110205, reg_lambda=0.8895766183304922, scale_pos_weight=10.439282834764578, subsample=0.8829145196174549;, score=0.675 total time=  48.8s
[CV 3/3] END colsample_bytree=0.5252083868011046, gamma=4.451921604276331, learning_rate=0.1253762402622417, max_depth=9, n_estimators=579, reg_alpha=0.36275360039915205, reg_lambda=0.5466963282963399, scale_pos_weight=9.398203522034883, subsample=0.5637428400701231;, score=0.633 total time= 3.3min
[CV 3/3] END colsample_bytree=0.7531330297476013, gamma=3.170520156881657, learning_rate=0.024186443226754686, max_depth=11, n_estimators=509, reg_alpha=0.3618530932051387, reg_lambda=0.47249335500651357, scale_pos_weight=1.4564874550238374, subsample=0.5700120487766589;, score=0.684 total time= 5.3min
[CV 3/3] END colsample_bytree=0.5127238799528755, gamma=3.2291119314324215, learning_rate=0.13738046349094865, max_depth=13, n_estimators=425, reg_alpha=0.5959888421834818, reg_lambda=0.10125991461515893, scale_pos_weight=9.47139489693785, subsample=0.7655426724426214;, score=0.635 total time= 3.5min
[CV 3/3] END colsample_bytree=0.6559495400021402, gamma=1.2802378255247715, learning_rate=0.01615800993208957, max_depth=9, n_estimators=507, reg_alpha=0.7625963946941753, reg_lambda=0.9292573980072293, scale_pos_weight=1.3054945709337997, subsample=0.9360241692235038;, score=0.690 total time= 3.5min
[CV 2/3] END colsample_bytree=0.8798057143498983, gamma=0.9392142626888705, learning_rate=0.15395829067093722, max_depth=12, n_estimators=309, reg_alpha=0.8214319916425933, reg_lambda=0.5546573480350956, scale_pos_weight=7.370908370809049, subsample=0.7631392301691013;, score=0.626 total time= 3.8min
[CV 1/3] END colsample_bytree=0.8811545160109693, gamma=2.274594447537935, learning_rate=0.06345052595871907, max_depth=3, n_estimators=403, reg_alpha=0.1315182669163779, reg_lambda=0.8571295598562823, scale_pos_weight=6.753554032515559, subsample=0.538192472495728;, score=0.687 total time=  47.2s
[CV 3/3] END colsample_bytree=0.6912901617853178, gamma=1.8386682540255495, learning_rate=0.0463478381418926, max_depth=9, n_estimators=523, reg_alpha=0.2933086107805647, reg_lambda=0.7731418739186715, scale_pos_weight=6.179605277125789, subsample=0.674047796584144;, score=0.673 total time= 3.3min
[CV 3/3] END colsample_bytree=0.8786551035672194, gamma=0.8083571811848095, learning_rate=0.105380021293594, max_depth=6, n_estimators=393, reg_alpha=0.6406151835488874, reg_lambda=0.6666004790466192, scale_pos_weight=2.6269974380856587, subsample=0.7825426562263782;, score=0.680 total time= 1.3min
[CV 3/3] END colsample_bytree=0.5002213907186039, gamma=4.506915483209674, learning_rate=0.04076140492832156, max_depth=9, n_estimators=454, reg_alpha=0.9548469930384681, reg_lambda=0.4946751895912833, scale_pos_weight=6.127202478126281, subsample=0.7407746701379272;, score=0.679 total time= 2.7min
[CV 3/3] END colsample_bytree=0.5238206287182533, gamma=3.6337461208409834, learning_rate=0.16478124435413305, max_depth=10, n_estimators=303, reg_alpha=0.15159507480009937, reg_lambda=0.875883083517057, scale_pos_weight=6.390945527360087, subsample=0.6412362131850018;, score=0.630 total time= 2.3min
[CV 3/3] END colsample_bytree=0.8571633178674988, gamma=2.3085807190655956, learning_rate=0.19419890421931518, max_depth=9, n_estimators=466, reg_alpha=0.8504716147608377, reg_lambda=0.34460408444755963, scale_pos_weight=1.3085790430807245, subsample=0.5259476497592055;, score=0.630 total time= 3.0min
[CV 3/3] END colsample_bytree=0.8027523833079382, gamma=1.2356577733069596, learning_rate=0.08117095185184228, max_depth=4, n_estimators=318, reg_alpha=0.677540945503534, reg_lambda=0.07211109292943518, scale_pos_weight=3.0540140847802935, subsample=0.6907205207066558;, score=0.688 total time=  46.9s
[CV 2/3] END colsample_bytree=0.8700806843807316, gamma=3.153502355793925, learning_rate=0.11992125370615134, max_depth=8, n_estimators=321, reg_alpha=0.14394191357223085, reg_lambda=0.5953596612586041, scale_pos_weight=2.721106028227777, subsample=0.9627611039259405;, score=0.669 total time= 1.2min
[CV 2/3] END colsample_bytree=0.9199008033322134, gamma=0.9427030287462557, learning_rate=0.14449209960500578, max_depth=8, n_estimators=444, reg_alpha=0.498040393056869, reg_lambda=0.7428249749063163, scale_pos_weight=4.270446441518178, subsample=0.9450285127326263;, score=0.651 total time= 1.9min
[CV 1/3] END colsample_bytree=0.5526966090539026, gamma=3.8222036403775217, learning_rate=0.09193421067519852, max_depth=4, n_estimators=420, reg_alpha=0.26023659798522936, reg_lambda=0.1594922625413583, scale_pos_weight=2.6046261427122643, subsample=0.5352459728215724;, score=0.685 total time=  56.0s
[CV 3/3] END colsample_bytree=0.9144356381264793, gamma=1.7444503752091178, learning_rate=0.11431987920227164, max_depth=7, n_estimators=386, reg_alpha=0.8379083748518036, reg_lambda=0.8587642793494722, scale_pos_weight=8.483558536657398, subsample=0.7196053006248586;, score=0.666 total time= 1.6min
[CV 2/3] END colsample_bytree=0.8864933606527934, gamma=4.757210143628406, learning_rate=0.16529786053020365, max_depth=3, n_estimators=470, reg_alpha=0.06904590631459973, reg_lambda=0.4742550209769536, scale_pos_weight=6.606782949389499, subsample=0.8142132283072936;, score=0.681 total time=  59.2s
[CV 3/3] END colsample_bytree=0.8443158146539378, gamma=1.2663619176135754, learning_rate=0.011995755331689876, max_depth=14, n_estimators=372, reg_alpha=0.5356565993475786, reg_lambda=0.8361177032072488, scale_pos_weight=9.213883629006943, subsample=0.9216630838939416;, score=0.675 total time=11.9min
[CV 3/3] END colsample_bytree=0.6391842408313283, gamma=3.9914659860459336, learning_rate=0.07525078360822936, max_depth=10, n_estimators=392, reg_alpha=0.2325059922078312, reg_lambda=0.12967897822423535, scale_pos_weight=3.5646306101676597, subsample=0.6776598742369438;, score=0.664 total time= 3.2min
[CV 2/3] END colsample_bytree=0.8812234793374343, gamma=0.6300101393199714, learning_rate=0.04928384317440348, max_depth=3, n_estimators=528, reg_alpha=0.5101483804563233, reg_lambda=0.7362398101338331, scale_pos_weight=6.1289705551880935, subsample=0.9348030412373887;, score=0.682 total time=  58.3s
[CV 2/3] END colsample_bytree=0.9694474800206375, gamma=4.469926025234804, learning_rate=0.07749606513497963, max_depth=13, n_estimators=586, reg_alpha=0.5732231944495915, reg_lambda=0.3376493019992346, scale_pos_weight=10.885216479954467, subsample=0.5126186729241321;, score=0.629 total time= 7.0min
[CV 3/3] END colsample_bytree=0.9117761133059095, gamma=4.103480803833897, learning_rate=0.10547007962448027, max_depth=10, n_estimators=489, reg_alpha=0.8057145256682179, reg_lambda=0.328179482797612, scale_pos_weight=3.09059373706846, subsample=0.5423441709376534;, score=0.649 total time= 4.0min
[CV 3/3] END colsample_bytree=0.7168852830090088, gamma=1.2475153984137088, learning_rate=0.11949429797246373, max_depth=11, n_estimators=528, reg_alpha=0.9015830052870676, reg_lambda=0.2152044797331928, scale_pos_weight=9.843551504557535, subsample=0.7797027128636784;, score=0.629 total time= 4.7min
[CV 1/3] END colsample_bytree=0.7763811840167916, gamma=1.0812526409326444, learning_rate=0.05171767354821015, max_depth=7, n_estimators=326, reg_alpha=0.9108026709698133, reg_lambda=0.5474148403797259, scale_pos_weight=8.339053770018694, subsample=0.6732793799082738;, score=0.682 total time= 1.1min
[CV 1/3] END colsample_bytree=0.7461161575912041, gamma=0.975044902193079, learning_rate=0.14041861237633013, max_depth=7, n_estimators=405, reg_alpha=0.791463540889519, reg_lambda=0.6024698307034551, scale_pos_weight=6.11638582519014, subsample=0.5305035715026974;, score=0.655 total time= 1.7min
[CV 2/3] END colsample_bytree=0.8027406252629727, gamma=1.539431910081247, learning_rate=0.17750616681521114, max_depth=6, n_estimators=317, reg_alpha=0.5811954237209566, reg_lambda=0.25363555551403827, scale_pos_weight=8.563342695828865, subsample=0.5408336379300481;, score=0.658 total time= 1.2min
[CV 2/3] END colsample_bytree=0.9621435353973307, gamma=1.6291173038524236, learning_rate=0.03555493055799809, max_depth=9, n_estimators=505, reg_alpha=0.7287780544506475, reg_lambda=0.3235304124854915, scale_pos_weight=7.650559890066311, subsample=0.7782892142510767;, score=0.670 total time= 3.1min
[CV 2/3] END colsample_bytree=0.6130165983943261, gamma=2.755254766474662, learning_rate=0.11471271590597115, max_depth=5, n_estimators=325, reg_alpha=0.29807565052482277, reg_lambda=0.2778451632065655, scale_pos_weight=8.715120619984877, subsample=0.8259504327812304;, score=0.677 total time=  52.4s
[CV 1/3] END colsample_bytree=0.8305703392143482, gamma=3.2611767656622037, learning_rate=0.06021602073303355, max_depth=8, n_estimators=507, reg_alpha=0.21233397428689127, reg_lambda=0.12200741357688905, scale_pos_weight=8.0138328555969, subsample=0.5567204085519584;, score=0.669 total time= 2.5min
[CV 1/3] END colsample_bytree=0.6713654627139536, gamma=0.6728813355205387, learning_rate=0.028883779532096192, max_depth=11, n_estimators=343, reg_alpha=0.6497880467642996, reg_lambda=0.10343411486048337, scale_pos_weight=5.020272168882407, subsample=0.8644696000525787;, score=0.678 total time= 3.8min
[CV 1/3] END colsample_bytree=0.8661942232987774, gamma=4.620538579556397, learning_rate=0.20503599519510168, max_depth=8, n_estimators=353, reg_alpha=0.33135221873631704, reg_lambda=0.675662902207073, scale_pos_weight=4.959372261959499, subsample=0.8781268957112172;, score=0.647 total time= 1.7min
[CV 2/3] END colsample_bytree=0.7333640468839753, gamma=0.38361413426442614, learning_rate=0.04321050429630728, max_depth=5, n_estimators=585, reg_alpha=0.49930294601432523, reg_lambda=0.10633729734822717, scale_pos_weight=2.141399693096321, subsample=0.9705241300191885;, score=0.684 total time= 1.7min
[CV 2/3] END colsample_bytree=0.5474826376141883, gamma=1.5745922229444786, learning_rate=0.02932896685755046, max_depth=13, n_estimators=353, reg_alpha=0.4441035569066186, reg_lambda=0.5318717665050166, scale_pos_weight=9.736185287372153, subsample=0.9977844502453439;, score=0.658 total time= 5.9min
[CV 3/3] END colsample_bytree=0.5815095569074431, gamma=1.1690641654653207, learning_rate=0.014741550728903676, max_depth=7, n_estimators=513, reg_alpha=0.9746905960485515, reg_lambda=0.1354595367946908, scale_pos_weight=3.314752137652981, subsample=0.934204761973467;, score=0.689 total time= 2.3min
[CV 3/3] END colsample_bytree=0.5417624573400094, gamma=1.055629712790187, learning_rate=0.16049366751729888, max_depth=6, n_estimators=423, reg_alpha=0.7590869325556384, reg_lambda=0.727529230225095, scale_pos_weight=5.843911856008493, subsample=0.8469027784837059;, score=0.669 total time= 1.2min
[CV 2/3] END colsample_bytree=0.6007641890031564, gamma=4.672165193767207, learning_rate=0.14781753074964596, max_depth=3, n_estimators=303, reg_alpha=0.6031921656146675, reg_lambda=0.5236005471526117, scale_pos_weight=3.5358411699636916, subsample=0.7354750293862573;, score=0.683 total time=  36.8s
[CV 2/3] END colsample_bytree=0.6439156494258029, gamma=0.4663572338908495, learning_rate=0.20276463217569474, max_depth=5, n_estimators=311, reg_alpha=0.15177540985110205, reg_lambda=0.8895766183304922, scale_pos_weight=10.439282834764578, subsample=0.8829145196174549;, score=0.670 total time=  45.6s
[CV 1/3] END colsample_bytree=0.5252083868011046, gamma=4.451921604276331, learning_rate=0.1253762402622417, max_depth=9, n_estimators=579, reg_alpha=0.36275360039915205, reg_lambda=0.5466963282963399, scale_pos_weight=9.398203522034883, subsample=0.5637428400701231;, score=0.631 total time= 3.3min
[CV 3/3] END colsample_bytree=0.9472021943242537, gamma=4.118032103990947, learning_rate=0.18975757794746956, max_depth=8, n_estimators=394, reg_alpha=0.3799790789653946, reg_lambda=0.6071352808835769, scale_pos_weight=4.887263478765467, subsample=0.6201495617251833;, score=0.636 total time= 1.7min
[CV 2/3] END colsample_bytree=0.9162085917051264, gamma=4.87736514157011, learning_rate=0.10483285925439728, max_depth=9, n_estimators=566, reg_alpha=0.6377741418455916, reg_lambda=0.8200675020556494, scale_pos_weight=1.4157895984659377, subsample=0.7490649717740212;, score=0.667 total time= 1.8min
[CV 2/3] END colsample_bytree=0.727091831368353, gamma=2.0613986391583277, learning_rate=0.1969459830976602, max_depth=9, n_estimators=578, reg_alpha=0.31798255134033493, reg_lambda=0.5797311661341921, scale_pos_weight=4.456249935764015, subsample=0.9078847023175536;, score=0.632 total time= 2.7min
[CV 2/3] END colsample_bytree=0.7676839705908256, gamma=2.8303582322408256, learning_rate=0.16029058889186876, max_depth=9, n_estimators=362, reg_alpha=0.05057310382422886, reg_lambda=0.4261212379522308, scale_pos_weight=9.32363539660995, subsample=0.902824402681671;, score=0.631 total time= 1.9min
[CV 3/3] END colsample_bytree=0.8189509372764807, gamma=4.9258727754533735, learning_rate=0.16360108706264195, max_depth=13, n_estimators=437, reg_alpha=0.427486454090268, reg_lambda=0.3302846675020844, scale_pos_weight=6.64231816684536, subsample=0.925287264007558;, score=0.646 total time= 1.9min
[CV 3/3] END colsample_bytree=0.9001031738417895, gamma=4.315045230336135, learning_rate=0.04013749740016676, max_depth=8, n_estimators=335, reg_alpha=0.991453567842792, reg_lambda=0.7268388310482375, scale_pos_weight=8.84769681824988, subsample=0.9972076337794367;, score=0.684 total time= 1.8min
[CV 3/3] END colsample_bytree=0.8899104420050341, gamma=0.591093111455443, learning_rate=0.010006143769076483, max_depth=5, n_estimators=572, reg_alpha=0.554356681216369, reg_lambda=0.14821746209932463, scale_pos_weight=1.920987541995898, subsample=0.90763816554528;, score=0.685 total time= 1.8min
[CV 3/3] END colsample_bytree=0.7913572246723408, gamma=4.062369105220858, learning_rate=0.07538820486733505, max_depth=3, n_estimators=493, reg_alpha=0.6725072626736491, reg_lambda=0.6821916892550988, scale_pos_weight=4.152394346494508, subsample=0.5666049620683143;, score=0.688 total time=  56.0s
[CV 1/3] END colsample_bytree=0.9162085917051264, gamma=4.87736514157011, learning_rate=0.10483285925439728, max_depth=9, n_estimators=566, reg_alpha=0.6377741418455916, reg_lambda=0.8200675020556494, scale_pos_weight=1.4157895984659377, subsample=0.7490649717740212;, score=0.671 total time= 1.8min
[CV 1/3] END colsample_bytree=0.727091831368353, gamma=2.0613986391583277, learning_rate=0.1969459830976602, max_depth=9, n_estimators=578, reg_alpha=0.31798255134033493, reg_lambda=0.5797311661341921, scale_pos_weight=4.456249935764015, subsample=0.9078847023175536;, score=0.637 total time= 2.8min
[CV 2/3] END colsample_bytree=0.7168852830090088, gamma=1.2475153984137088, learning_rate=0.11949429797246373, max_depth=11, n_estimators=528, reg_alpha=0.9015830052870676, reg_lambda=0.2152044797331928, scale_pos_weight=9.843551504557535, subsample=0.7797027128636784;, score=0.628 total time= 4.8min
[CV 2/3] END colsample_bytree=0.7763811840167916, gamma=1.0812526409326444, learning_rate=0.05171767354821015, max_depth=7, n_estimators=326, reg_alpha=0.9108026709698133, reg_lambda=0.5474148403797259, scale_pos_weight=8.339053770018694, subsample=0.6732793799082738;, score=0.680 total time= 1.3min
[CV 3/3] END colsample_bytree=0.7461161575912041, gamma=0.975044902193079, learning_rate=0.14041861237633013, max_depth=7, n_estimators=405, reg_alpha=0.791463540889519, reg_lambda=0.6024698307034551, scale_pos_weight=6.11638582519014, subsample=0.5305035715026974;, score=0.657 total time= 1.6min
[CV 3/3] END colsample_bytree=0.8027406252629727, gamma=1.539431910081247, learning_rate=0.17750616681521114, max_depth=6, n_estimators=317, reg_alpha=0.5811954237209566, reg_lambda=0.25363555551403827, scale_pos_weight=8.563342695828865, subsample=0.5408336379300481;, score=0.660 total time= 1.1min
[CV 3/3] END colsample_bytree=0.9621435353973307, gamma=1.6291173038524236, learning_rate=0.03555493055799809, max_depth=9, n_estimators=505, reg_alpha=0.7287780544506475, reg_lambda=0.3235304124854915, scale_pos_weight=7.650559890066311, subsample=0.7782892142510767;, score=0.677 total time= 3.2min
[CV 3/3] END colsample_bytree=0.9162085917051264, gamma=4.87736514157011, learning_rate=0.10483285925439728, max_depth=9, n_estimators=566, reg_alpha=0.6377741418455916, reg_lambda=0.8200675020556494, scale_pos_weight=1.4157895984659377, subsample=0.7490649717740212;, score=0.672 total time= 1.9min
[CV 3/3] END colsample_bytree=0.727091831368353, gamma=2.0613986391583277, learning_rate=0.1969459830976602, max_depth=9, n_estimators=578, reg_alpha=0.31798255134033493, reg_lambda=0.5797311661341921, scale_pos_weight=4.456249935764015, subsample=0.9078847023175536;, score=0.634 total time= 2.7min
[CV 2/3] END colsample_bytree=0.5529266179389545, gamma=4.3650969701485804, learning_rate=0.11462860413943304, max_depth=5, n_estimators=339, reg_alpha=0.3995187845869348, reg_lambda=0.32679470585777737, scale_pos_weight=1.1081108363519634, subsample=0.9132755370957322;, score=0.681 total time=  44.9s
[CV 3/3] END colsample_bytree=0.969157864325658, gamma=4.093701147420254, learning_rate=0.20671344130273261, max_depth=11, n_estimators=402, reg_alpha=0.969723632797977, reg_lambda=0.43123386979155787, scale_pos_weight=4.475187953137546, subsample=0.5251747634846766;, score=0.624 total time= 3.1min
[CV 1/3] END colsample_bytree=0.7190883583331776, gamma=4.496301794623448, learning_rate=0.20245228932183135, max_depth=5, n_estimators=587, reg_alpha=0.7500284121421912, reg_lambda=0.531661023764483, scale_pos_weight=6.3778293474137655, subsample=0.6390497575331782;, score=0.662 total time= 1.4min
[CV 3/3] END colsample_bytree=0.9467972932250658, gamma=3.290274919306104, learning_rate=0.011611820668423959, max_depth=10, n_estimators=421, reg_alpha=0.23714446597771122, reg_lambda=0.10761418475985884, scale_pos_weight=8.681281783808823, subsample=0.7502386579333591;, score=0.683 total time= 4.1min
[CV 3/3] END colsample_bytree=0.6121592794267632, gamma=1.1303953550528134, learning_rate=0.17346106244264736, max_depth=7, n_estimators=389, reg_alpha=0.09536092127300355, reg_lambda=0.45005863942622526, scale_pos_weight=4.374542789642289, subsample=0.9353442277287196;, score=0.664 total time= 1.2min
[CV 3/3] END colsample_bytree=0.5705537970106755, gamma=2.7279106089603324, learning_rate=0.031118309195328, max_depth=7, n_estimators=425, reg_alpha=0.5351523336803503, reg_lambda=0.08202368521147085, scale_pos_weight=1.3493924640598844, subsample=0.9948782067046673;, score=0.688 total time= 1.7min
[CV 3/3] END colsample_bytree=0.5139261204105372, gamma=3.1568766302412548, learning_rate=0.0952796713603245, max_depth=14, n_estimators=463, reg_alpha=0.17464718589632955, reg_lambda=0.2959320294366161, scale_pos_weight=7.638244748527251, subsample=0.9826513618152;, score=0.650 total time= 3.5min
[CV 1/3] END colsample_bytree=0.5474826376141883, gamma=1.5745922229444786, learning_rate=0.02932896685755046, max_depth=13, n_estimators=353, reg_alpha=0.4441035569066186, reg_lambda=0.5318717665050166, scale_pos_weight=9.736185287372153, subsample=0.9977844502453439;, score=0.665 total time= 6.2min
[CV 2/3] END colsample_bytree=0.6409595214523646, gamma=1.8190482057046675, learning_rate=0.04814519751817894, max_depth=11, n_estimators=475, reg_alpha=0.5472375204206431, reg_lambda=0.9917728809792494, scale_pos_weight=7.642017130717857, subsample=0.599622977204157;, score=0.649 total time= 4.5min
[CV 3/3] END colsample_bytree=0.9195901974901493, gamma=0.8033979235592259, learning_rate=0.01499433242340992, max_depth=4, n_estimators=507, reg_alpha=0.23747855675225749, reg_lambda=0.04961437333883745, scale_pos_weight=8.24598286847629, subsample=0.5557964999786238;, score=0.684 total time= 1.3min
[CV 2/3] END colsample_bytree=0.7264068571054584, gamma=0.9924553730267455, learning_rate=0.04297695531302769, max_depth=10, n_estimators=375, reg_alpha=0.27294999473148784, reg_lambda=0.3414252696042983, scale_pos_weight=5.487788039946148, subsample=0.9566163402107282;, score=0.670 total time= 3.4min
[CV 1/3] END colsample_bytree=0.9004903502016824, gamma=0.5222725905007569, learning_rate=0.12537147622654005, max_depth=9, n_estimators=336, reg_alpha=0.11870909550911146, reg_lambda=0.9805682270607236, scale_pos_weight=3.1469588746335546, subsample=0.5336170900452806;, score=0.646 total time= 2.4min
[CV 1/3] END colsample_bytree=0.966277439209656, gamma=0.5932188287079015, learning_rate=0.19674988460029402, max_depth=3, n_estimators=516, reg_alpha=0.6016821640182961, reg_lambda=0.937108944919677, scale_pos_weight=4.118021369557686, subsample=0.62488608122326;, score=0.681 total time=  52.1s
[CV 3/3] END colsample_bytree=0.8867860508653602, gamma=0.22020189694232195, learning_rate=0.14866703074694135, max_depth=5, n_estimators=399, reg_alpha=0.6813530132413488, reg_lambda=0.9401831912520826, scale_pos_weight=1.4678584497176852, subsample=0.6598260276460313;, score=0.677 total time= 1.1min
[CV 3/3] END colsample_bytree=0.6582933799543256, gamma=1.4284979702238227, learning_rate=0.028274820972081838, max_depth=8, n_estimators=445, reg_alpha=0.04305240271566857, reg_lambda=0.7809638636444353, scale_pos_weight=4.982277939580117, subsample=0.7219519161599558;, score=0.687 total time= 2.2min
[CV 3/3] END colsample_bytree=0.7827099838038711, gamma=2.2112613825977956, learning_rate=0.1694422145157526, max_depth=12, n_estimators=393, reg_alpha=0.10024556372287663, reg_lambda=0.016592480632597884, scale_pos_weight=7.617186826439566, subsample=0.8012247209832939;, score=0.628 total time= 3.1min
[CV 1/3] END colsample_bytree=0.6299140689701497, gamma=4.4304305440675815, learning_rate=0.18913798885332334, max_depth=6, n_estimators=530, reg_alpha=0.11113714733201241, reg_lambda=0.6481050345341234, scale_pos_weight=9.75118044558047, subsample=0.8952602551358367;, score=0.657 total time= 1.4min
[CV 1/3] END colsample_bytree=0.5027024618363349, gamma=0.006731354782818499, learning_rate=0.08562015395749016, max_depth=14, n_estimators=580, reg_alpha=0.018386142151597284, reg_lambda=0.4640666894045047, scale_pos_weight=10.430618974069716, subsample=0.6619097874512156;, score=0.633 total time=10.3min
[CV 2/3] END colsample_bytree=0.8161190754339305, gamma=2.9180251850404986, learning_rate=0.08802404693766784, max_depth=8, n_estimators=412, reg_alpha=0.04524918901888786, reg_lambda=0.21790870825201347, scale_pos_weight=1.151768822868269, subsample=0.7907085527910103;, score=0.669 total time= 1.8min
[CV 1/3] END colsample_bytree=0.7333465604422043, gamma=2.4106604945992096, learning_rate=0.17818174208058146, max_depth=10, n_estimators=442, reg_alpha=0.8236236107489735, reg_lambda=0.3846110759787682, scale_pos_weight=5.591240232866809, subsample=0.6516429454246415;, score=0.626 total time= 3.7min
[CV 1/3] END colsample_bytree=0.7168852830090088, gamma=1.2475153984137088, learning_rate=0.11949429797246373, max_depth=11, n_estimators=528, reg_alpha=0.9015830052870676, reg_lambda=0.2152044797331928, scale_pos_weight=9.843551504557535, subsample=0.7797027128636784;, score=0.632 total time= 4.9min
[CV 2/3] END colsample_bytree=0.7038578853326126, gamma=0.6278278931862569, learning_rate=0.04425899156433408, max_depth=8, n_estimators=329, reg_alpha=0.391910562943909, reg_lambda=0.6971636921379805, scale_pos_weight=2.9343534295648257, subsample=0.8207522406281258;, score=0.681 total time= 1.6min
[CV 3/3] END colsample_bytree=0.5027024618363349, gamma=0.006731354782818499, learning_rate=0.08562015395749016, max_depth=14, n_estimators=580, reg_alpha=0.018386142151597284, reg_lambda=0.4640666894045047, scale_pos_weight=10.430618974069716, subsample=0.6619097874512156;, score=0.627 total time=10.3min
[CV 3/3] END colsample_bytree=0.653452256597285, gamma=2.074856077000391, learning_rate=0.1525555352433662, max_depth=10, n_estimators=403, reg_alpha=0.31382680822441555, reg_lambda=0.24150062799283345, scale_pos_weight=3.1491263703639585, subsample=0.7124254214340435;, score=0.639 total time= 3.5min
[CV 3/3] END colsample_bytree=0.705595758997293, gamma=0.6504033491447347, learning_rate=0.014485177832411024, max_depth=13, n_estimators=590, reg_alpha=0.015742912995676983, reg_lambda=0.017149781915198115, scale_pos_weight=10.16603301642411, subsample=0.8530792510595271;, score=0.662 total time= 9.8min
[CV 2/3] END colsample_bytree=0.616027869850578, gamma=1.3268505580098773, learning_rate=0.12086749486806897, max_depth=3, n_estimators=357, reg_alpha=0.2370847085173401, reg_lambda=0.9485029432181947, scale_pos_weight=10.446657321710951, subsample=0.8049707792980259;, score=0.682 total time=  35.2s
[CV 1/3] END colsample_bytree=0.6133705922034722, gamma=3.350162689037834, learning_rate=0.10366603718676269, max_depth=14, n_estimators=352, reg_alpha=0.05024300982298213, reg_lambda=0.03491155265622381, scale_pos_weight=6.511599619163721, subsample=0.7190893066241723;, score=0.640 total time= 3.9min
[CV 1/3] END colsample_bytree=0.8161190754339305, gamma=2.9180251850404986, learning_rate=0.08802404693766784, max_depth=8, n_estimators=412, reg_alpha=0.04524918901888786, reg_lambda=0.21790870825201347, scale_pos_weight=1.151768822868269, subsample=0.7907085527910103;, score=0.674 total time= 1.7min
[CV 2/3] END colsample_bytree=0.9117761133059095, gamma=4.103480803833897, learning_rate=0.10547007962448027, max_depth=10, n_estimators=489, reg_alpha=0.8057145256682179, reg_lambda=0.328179482797612, scale_pos_weight=3.09059373706846, subsample=0.5423441709376534;, score=0.641 total time= 3.8min
[CV 2/3] END colsample_bytree=0.9467972932250658, gamma=3.290274919306104, learning_rate=0.011611820668423959, max_depth=10, n_estimators=421, reg_alpha=0.23714446597771122, reg_lambda=0.10761418475985884, scale_pos_weight=8.681281783808823, subsample=0.7502386579333591;, score=0.678 total time= 3.9min
[CV 2/3] END colsample_bytree=0.6121592794267632, gamma=1.1303953550528134, learning_rate=0.17346106244264736, max_depth=7, n_estimators=389, reg_alpha=0.09536092127300355, reg_lambda=0.45005863942622526, scale_pos_weight=4.374542789642289, subsample=0.9353442277287196;, score=0.655 total time= 1.1min
[CV 1/3] END colsample_bytree=0.7038578853326126, gamma=0.6278278931862569, learning_rate=0.04425899156433408, max_depth=8, n_estimators=329, reg_alpha=0.391910562943909, reg_lambda=0.6971636921379805, scale_pos_weight=2.9343534295648257, subsample=0.8207522406281258;, score=0.686 total time= 1.6min
[CV 3/3] END colsample_bytree=0.8305703392143482, gamma=3.2611767656622037, learning_rate=0.06021602073303355, max_depth=8, n_estimators=507, reg_alpha=0.21233397428689127, reg_lambda=0.12200741357688905, scale_pos_weight=8.0138328555969, subsample=0.5567204085519584;, score=0.668 total time= 2.5min
[CV 2/3] END colsample_bytree=0.6713654627139536, gamma=0.6728813355205387, learning_rate=0.028883779532096192, max_depth=11, n_estimators=343, reg_alpha=0.6497880467642996, reg_lambda=0.10343411486048337, scale_pos_weight=5.020272168882407, subsample=0.8644696000525787;, score=0.674 total time= 3.7min
[CV 3/3] END colsample_bytree=0.6824112351038993, gamma=3.2048276404937885, learning_rate=0.1032363182255114, max_depth=11, n_estimators=453, reg_alpha=0.7704472210739898, reg_lambda=0.3373028364674864, scale_pos_weight=10.415768527339338, subsample=0.7648569830541838;, score=0.637 total time= 4.1min
[CV 2/3] END colsample_bytree=0.8369971040728652, gamma=0.3128242110972579, learning_rate=0.052101387933068594, max_depth=8, n_estimators=303, reg_alpha=0.14692192358377076, reg_lambda=0.34264514652252154, scale_pos_weight=9.6465892185814, subsample=0.5774626555717213;, score=0.673 total time= 1.5min
[CV 1/3] END colsample_bytree=0.7462845353766487, gamma=2.4159043165683425, learning_rate=0.17764608421636013, max_depth=9, n_estimators=548, reg_alpha=0.8597946748116456, reg_lambda=0.40680480095172356, scale_pos_weight=4.282331056783394, subsample=0.7269949555998495;, score=0.636 total time= 3.4min
[CV 2/3] END colsample_bytree=0.96226123436595, gamma=3.9290632273418655, learning_rate=0.12798957656036175, max_depth=7, n_estimators=455, reg_alpha=0.7605756424552823, reg_lambda=0.1544922040049258, scale_pos_weight=5.872653541000508, subsample=0.7149926070605299;, score=0.658 total time= 1.5min
[CV 2/3] END colsample_bytree=0.8057318056128304, gamma=3.392499841463189, learning_rate=0.07350994005151769, max_depth=4, n_estimators=337, reg_alpha=0.9471614629002478, reg_lambda=0.8848551176960043, scale_pos_weight=8.390669759393726, subsample=0.638732339862477;, score=0.682 total time=  52.1s
[CV 2/3] END colsample_bytree=0.55739846362564, gamma=4.707664551422205, learning_rate=0.16684123487305338, max_depth=5, n_estimators=404, reg_alpha=0.6635235939134523, reg_lambda=0.4111974888825458, scale_pos_weight=5.0240625929931175, subsample=0.9422934441148069;, score=0.675 total time= 1.2min
[CV 2/3] END colsample_bytree=0.9315677688678695, gamma=4.1124732464511355, learning_rate=0.044668610595056175, max_depth=3, n_estimators=593, reg_alpha=0.682153161561635, reg_lambda=0.949899668246076, scale_pos_weight=2.370894580787565, subsample=0.8669415654012707;, score=0.682 total time= 1.2min
[CV 1/3] END colsample_bytree=0.5529266179389545, gamma=4.3650969701485804, learning_rate=0.11462860413943304, max_depth=5, n_estimators=339, reg_alpha=0.3995187845869348, reg_lambda=0.32679470585777737, scale_pos_weight=1.1081108363519634, subsample=0.9132755370957322;, score=0.686 total time=  43.3s
[CV 1/3] END colsample_bytree=0.969157864325658, gamma=4.093701147420254, learning_rate=0.20671344130273261, max_depth=11, n_estimators=402, reg_alpha=0.969723632797977, reg_lambda=0.43123386979155787, scale_pos_weight=4.475187953137546, subsample=0.5251747634846766;, score=0.623 total time= 3.0min
[CV 3/3] END colsample_bytree=0.8270800771430492, gamma=3.096195160267908, learning_rate=0.0764219566616249, max_depth=11, n_estimators=313, reg_alpha=0.8448623274896327, reg_lambda=0.22398254586508115, scale_pos_weight=3.3914254543452316, subsample=0.7561501734435403;, score=0.662 total time= 3.4min
[CV 3/3] END colsample_bytree=0.6522462663744755, gamma=0.9904775836014479, learning_rate=0.023138423297931844, max_depth=7, n_estimators=346, reg_alpha=0.49689551850004887, reg_lambda=0.9169420482009158, scale_pos_weight=8.762904775159479, subsample=0.5652506320585922;, score=0.687 total time= 1.6min
[CV 3/3] END colsample_bytree=0.5056512682945112, gamma=3.936859790746365, learning_rate=0.07128656454067432, max_depth=12, n_estimators=375, reg_alpha=0.36411277501049943, reg_lambda=0.5662150157526166, scale_pos_weight=1.0625747102647023, subsample=0.5309428508402376;, score=0.667 total time= 2.1min
[CV 1/3] END colsample_bytree=0.6007641890031564, gamma=4.672165193767207, learning_rate=0.14781753074964596, max_depth=3, n_estimators=303, reg_alpha=0.6031921656146675, reg_lambda=0.5236005471526117, scale_pos_weight=3.5358411699636916, subsample=0.7354750293862573;, score=0.686 total time=  37.7s
[CV 1/3] END colsample_bytree=0.6439156494258029, gamma=0.4663572338908495, learning_rate=0.20276463217569474, max_depth=5, n_estimators=311, reg_alpha=0.15177540985110205, reg_lambda=0.8895766183304922, scale_pos_weight=10.439282834764578, subsample=0.8829145196174549;, score=0.673 total time=  49.9s
[CV 2/3] END colsample_bytree=0.5252083868011046, gamma=4.451921604276331, learning_rate=0.1253762402622417, max_depth=9, n_estimators=579, reg_alpha=0.36275360039915205, reg_lambda=0.5466963282963399, scale_pos_weight=9.398203522034883, subsample=0.5637428400701231;, score=0.628 total time= 3.5min
[CV 3/3] END colsample_bytree=0.5474826376141883, gamma=1.5745922229444786, learning_rate=0.02932896685755046, max_depth=13, n_estimators=353, reg_alpha=0.4441035569066186, reg_lambda=0.5318717665050166, scale_pos_weight=9.736185287372153, subsample=0.9977844502453439;, score=0.666 total time= 6.3min
[CV 2/3] END colsample_bytree=0.9632318989780924, gamma=2.098136914034052, learning_rate=0.020124494453814826, max_depth=13, n_estimators=571, reg_alpha=0.5739498660690104, reg_lambda=0.392895108893179, scale_pos_weight=1.2865242757765452, subsample=0.7916261961562784;, score=0.678 total time= 8.9min
[CV 1/3] END colsample_bytree=0.6130165983943261, gamma=2.755254766474662, learning_rate=0.11471271590597115, max_depth=5, n_estimators=325, reg_alpha=0.29807565052482277, reg_lambda=0.2778451632065655, scale_pos_weight=8.715120619984877, subsample=0.8259504327812304;, score=0.683 total time=  51.7s
[CV 1/3] END colsample_bytree=0.6824112351038993, gamma=3.2048276404937885, learning_rate=0.1032363182255114, max_depth=11, n_estimators=453, reg_alpha=0.7704472210739898, reg_lambda=0.3373028364674864, scale_pos_weight=10.415768527339338, subsample=0.7648569830541838;, score=0.637 total time= 4.2min
[CV 2/3] END colsample_bytree=0.6824112351038993, gamma=3.2048276404937885, learning_rate=0.1032363182255114, max_depth=11, n_estimators=453, reg_alpha=0.7704472210739898, reg_lambda=0.3373028364674864, scale_pos_weight=10.415768527339338, subsample=0.7648569830541838;, score=0.631 total time= 4.2min
[CV 1/3] END colsample_bytree=0.6749724697648198, gamma=4.646442011310297, learning_rate=0.0858453074360898, max_depth=4, n_estimators=361, reg_alpha=0.8423255047499341, reg_lambda=0.37324115637923383, scale_pos_weight=7.31988680396189, subsample=0.5476858011365293;, score=0.686 total time=  53.2s
[CV 1/3] END colsample_bytree=0.8792509404581954, gamma=0.07314129438837857, learning_rate=0.051448459953775665, max_depth=14, n_estimators=328, reg_alpha=0.3866201726338342, reg_lambda=0.6624839469416082, scale_pos_weight=4.469626597345584, subsample=0.6953775761648185;, score=0.652 total time= 8.2min
[CV 2/3] END colsample_bytree=0.5332638041054276, gamma=1.1539732696326588, learning_rate=0.19313444645233, max_depth=6, n_estimators=415, reg_alpha=0.24628601881053158, reg_lambda=0.6906797711480066, scale_pos_weight=6.967764199616896, subsample=0.7507878499589742;, score=0.657 total time= 1.0min
[CV 2/3] END colsample_bytree=0.6342810837268213, gamma=0.5048905340888055, learning_rate=0.043498217818821544, max_depth=7, n_estimators=383, reg_alpha=0.9730767979122983, reg_lambda=0.7592925069184736, scale_pos_weight=10.67761465269562, subsample=0.7198702432539543;, score=0.679 total time= 1.6min
[CV 3/3] END colsample_bytree=0.6409595214523646, gamma=1.8190482057046675, learning_rate=0.04814519751817894, max_depth=11, n_estimators=475, reg_alpha=0.5472375204206431, reg_lambda=0.9917728809792494, scale_pos_weight=7.642017130717857, subsample=0.599622977204157;, score=0.656 total time= 4.7min
[CV 1/3] END colsample_bytree=0.8863857098325396, gamma=1.1846666245332433, learning_rate=0.14547862597777458, max_depth=7, n_estimators=355, reg_alpha=0.38732251797531403, reg_lambda=0.06616518883444045, scale_pos_weight=1.191554855512529, subsample=0.9134292804863766;, score=0.671 total time= 1.4min
[CV 2/3] END colsample_bytree=0.5946967089424231, gamma=0.025132763049015572, learning_rate=0.02201928207563403, max_depth=11, n_estimators=581, reg_alpha=0.6475164648433631, reg_lambda=0.27304061932780677, scale_pos_weight=2.771925010111911, subsample=0.6471333683185572;, score=0.675 total time= 6.8min
[CV 1/3] END colsample_bytree=0.5478645273721987, gamma=1.5884734877358109, learning_rate=0.20373492111487146, max_depth=11, n_estimators=344, reg_alpha=0.8364984906180335, reg_lambda=0.05021443169045525, scale_pos_weight=5.646131688089708, subsample=0.6898083822258352;, score=0.623 total time= 3.0min
[CV 1/3] END colsample_bytree=0.5815095569074431, gamma=1.1690641654653207, learning_rate=0.014741550728903676, max_depth=7, n_estimators=513, reg_alpha=0.9746905960485515, reg_lambda=0.1354595367946908, scale_pos_weight=3.314752137652981, subsample=0.934204761973467;, score=0.689 total time= 2.3min
[CV 2/3] END colsample_bytree=0.5417624573400094, gamma=1.055629712790187, learning_rate=0.16049366751729888, max_depth=6, n_estimators=423, reg_alpha=0.7590869325556384, reg_lambda=0.727529230225095, scale_pos_weight=5.843911856008493, subsample=0.8469027784837059;, score=0.665 total time= 1.0min
[CV 2/3] END colsample_bytree=0.8189509372764807, gamma=4.9258727754533735, learning_rate=0.16360108706264195, max_depth=13, n_estimators=437, reg_alpha=0.427486454090268, reg_lambda=0.3302846675020844, scale_pos_weight=6.64231816684536, subsample=0.925287264007558;, score=0.640 total time= 1.9min
[CV 1/3] END colsample_bytree=0.9001031738417895, gamma=4.315045230336135, learning_rate=0.04013749740016676, max_depth=8, n_estimators=335, reg_alpha=0.991453567842792, reg_lambda=0.7268388310482375, scale_pos_weight=8.84769681824988, subsample=0.9972076337794367;, score=0.683 total time= 1.7min
[CV 3/3] END colsample_bytree=0.6713654627139536, gamma=0.6728813355205387, learning_rate=0.028883779532096192, max_depth=11, n_estimators=343, reg_alpha=0.6497880467642996, reg_lambda=0.10343411486048337, scale_pos_weight=5.020272168882407, subsample=0.8644696000525787;, score=0.680 total time= 4.0min
[CV 3/3] END colsample_bytree=0.8661942232987774, gamma=4.620538579556397, learning_rate=0.20503599519510168, max_depth=8, n_estimators=353, reg_alpha=0.33135221873631704, reg_lambda=0.675662902207073, scale_pos_weight=4.959372261959499, subsample=0.8781268957112172;, score=0.649 total time= 1.6min
[CV 3/3] END colsample_bytree=0.7333640468839753, gamma=0.38361413426442614, learning_rate=0.04321050429630728, max_depth=5, n_estimators=585, reg_alpha=0.49930294601432523, reg_lambda=0.10633729734822717, scale_pos_weight=2.141399693096321, subsample=0.9705241300191885;, score=0.689 total time= 1.5min
[CV 3/3] END colsample_bytree=0.9363275360880277, gamma=2.26043298405683, learning_rate=0.20716106417004118, max_depth=8, n_estimators=405, reg_alpha=0.6139794562733938, reg_lambda=0.6164281773718701, scale_pos_weight=5.574430558698882, subsample=0.6984739864671464;, score=0.635 total time= 1.2min
[CV 1/3] END colsample_bytree=0.653452256597285, gamma=2.074856077000391, learning_rate=0.1525555352433662, max_depth=10, n_estimators=403, reg_alpha=0.31382680822441555, reg_lambda=0.24150062799283345, scale_pos_weight=3.1491263703639585, subsample=0.7124254214340435;, score=0.641 total time= 3.4min
[CV 1/3] END colsample_bytree=0.705595758997293, gamma=0.6504033491447347, learning_rate=0.014485177832411024, max_depth=13, n_estimators=590, reg_alpha=0.015742912995676983, reg_lambda=0.017149781915198115, scale_pos_weight=10.16603301642411, subsample=0.8530792510595271;, score=0.662 total time= 9.9min
[CV 3/3] END colsample_bytree=0.6263230153106434, gamma=2.600370305555752, learning_rate=0.11439060069571277, max_depth=8, n_estimators=312, reg_alpha=0.6234778305192964, reg_lambda=0.600281460528037, scale_pos_weight=1.535144629130433, subsample=0.6882651438946492;, score=0.668 total time= 1.3min
[CV 3/3] END colsample_bytree=0.8863857098325396, gamma=1.1846666245332433, learning_rate=0.14547862597777458, max_depth=7, n_estimators=355, reg_alpha=0.38732251797531403, reg_lambda=0.06616518883444045, scale_pos_weight=1.191554855512529, subsample=0.9134292804863766;, score=0.671 total time= 1.2min
[CV 3/3] END colsample_bytree=0.5946967089424231, gamma=0.025132763049015572, learning_rate=0.02201928207563403, max_depth=11, n_estimators=581, reg_alpha=0.6475164648433631, reg_lambda=0.27304061932780677, scale_pos_weight=2.771925010111911, subsample=0.6471333683185572;, score=0.681 total time= 6.9min
[CV 2/3] END colsample_bytree=0.5478645273721987, gamma=1.5884734877358109, learning_rate=0.20373492111487146, max_depth=11, n_estimators=344, reg_alpha=0.8364984906180335, reg_lambda=0.05021443169045525, scale_pos_weight=5.646131688089708, subsample=0.6898083822258352;, score=0.620 total time= 3.0min
[CV 2/3] END colsample_bytree=0.5815095569074431, gamma=1.1690641654653207, learning_rate=0.014741550728903676, max_depth=7, n_estimators=513, reg_alpha=0.9746905960485515, reg_lambda=0.1354595367946908, scale_pos_weight=3.314752137652981, subsample=0.934204761973467;, score=0.684 total time= 2.0min
[CV 1/3] END colsample_bytree=0.5417624573400094, gamma=1.055629712790187, learning_rate=0.16049366751729888, max_depth=6, n_estimators=423, reg_alpha=0.7590869325556384, reg_lambda=0.727529230225095, scale_pos_weight=5.843911856008493, subsample=0.8469027784837059;, score=0.670 total time=  55.2s
[CV 3/3] END colsample_bytree=0.6299140689701497, gamma=4.4304305440675815, learning_rate=0.18913798885332334, max_depth=6, n_estimators=530, reg_alpha=0.11113714733201241, reg_lambda=0.6481050345341234, scale_pos_weight=9.75118044558047, subsample=0.8952602551358367;, score=0.659 total time= 1.4min
[CV 2/3] END colsample_bytree=0.5027024618363349, gamma=0.006731354782818499, learning_rate=0.08562015395749016, max_depth=14, n_estimators=580, reg_alpha=0.018386142151597284, reg_lambda=0.4640666894045047, scale_pos_weight=10.430618974069716, subsample=0.6619097874512156;, score=0.626 total time= 9.7min
[CV 2/3] END colsample_bytree=0.9363275360880277, gamma=2.26043298405683, learning_rate=0.20716106417004118, max_depth=8, n_estimators=405, reg_alpha=0.6139794562733938, reg_lambda=0.6164281773718701, scale_pos_weight=5.574430558698882, subsample=0.6984739864671464;, score=0.627 total time= 1.3min
Best Parameters: {'colsample_bytree': np.float64(0.6559495400021402), 'gamma': np.float64(1.2802378255247715), 'learning_rate': np.float64(0.01615800993208957), 'max_depth': 9, 'n_estimators': 507, 'reg_alpha': np.float64(0.7625963946941753), 'reg_lambda': np.float64(0.9292573980072293), 'scale_pos_weight': np.float64(1.3054945709337997), 'subsample': np.float64(0.9360241692235038)}
Best Score: 0.6874229434406288
[CV 2/3] END colsample_bytree=0.6522462663744755, gamma=0.9904775836014479, learning_rate=0.023138423297931844, max_depth=7, n_estimators=346, reg_alpha=0.49689551850004887, reg_lambda=0.9169420482009158, scale_pos_weight=8.762904775159479, subsample=0.5652506320585922;, score=0.682 total time= 1.4min
[CV 2/3] END colsample_bytree=0.5056512682945112, gamma=3.936859790746365, learning_rate=0.07128656454067432, max_depth=12, n_estimators=375, reg_alpha=0.36411277501049943, reg_lambda=0.5662150157526166, scale_pos_weight=1.0625747102647023, subsample=0.5309428508402376;, score=0.665 total time= 2.1min
[CV 2/3] END colsample_bytree=0.5150106660745359, gamma=2.222641265250798, learning_rate=0.11092380492153912, max_depth=6, n_estimators=446, reg_alpha=0.16906177843971626, reg_lambda=0.3518050064103525, scale_pos_weight=8.616758762136627, subsample=0.7535412120301334;, score=0.668 total time= 1.2min
[CV 1/3] END colsample_bytree=0.9984546092946777, gamma=0.9172620057511466, learning_rate=0.1288283725512915, max_depth=14, n_estimators=372, reg_alpha=0.46533693393948605, reg_lambda=0.013682414760681105, scale_pos_weight=1.8159872000483837, subsample=0.629295795567392;, score=0.644 total time= 4.6min
[CV 2/3] END colsample_bytree=0.8161981282327543, gamma=0.6416293109438226, learning_rate=0.12569850164586602, max_depth=14, n_estimators=511, reg_alpha=0.7006114963944516, reg_lambda=0.7534721106595967, scale_pos_weight=9.728594215656646, subsample=0.7499794959823942;, score=0.637 total time= 6.2min
[CV 2/3] END colsample_bytree=0.9001031738417895, gamma=4.315045230336135, learning_rate=0.04013749740016676, max_depth=8, n_estimators=335, reg_alpha=0.991453567842792, reg_lambda=0.7268388310482375, scale_pos_weight=8.84769681824988, subsample=0.9972076337794367;, score=0.678 total time= 1.8min
[CV 2/3] END colsample_bytree=0.8899104420050341, gamma=0.591093111455443, learning_rate=0.010006143769076483, max_depth=5, n_estimators=572, reg_alpha=0.554356681216369, reg_lambda=0.14821746209932463, scale_pos_weight=1.920987541995898, subsample=0.90763816554528;, score=0.680 total time= 1.8min
[CV 2/3] END colsample_bytree=0.7913572246723408, gamma=4.062369105220858, learning_rate=0.07538820486733505, max_depth=3, n_estimators=493, reg_alpha=0.6725072626736491, reg_lambda=0.6821916892550988, scale_pos_weight=4.152394346494508, subsample=0.5666049620683143;, score=0.682 total time=  52.8s
[CV 3/3] END colsample_bytree=0.6130165983943261, gamma=2.755254766474662, learning_rate=0.11471271590597115, max_depth=5, n_estimators=325, reg_alpha=0.29807565052482277, reg_lambda=0.2778451632065655, scale_pos_weight=8.715120619984877, subsample=0.8259504327812304;, score=0.683 total time=  53.4s
[CV 2/3] END colsample_bytree=0.8661942232987774, gamma=4.620538579556397, learning_rate=0.20503599519510168, max_depth=8, n_estimators=353, reg_alpha=0.33135221873631704, reg_lambda=0.675662902207073, scale_pos_weight=4.959372261959499, subsample=0.8781268957112172;, score=0.641 total time= 1.6min
[CV 1/3] END colsample_bytree=0.7333640468839753, gamma=0.38361413426442614, learning_rate=0.04321050429630728, max_depth=5, n_estimators=585, reg_alpha=0.49930294601432523, reg_lambda=0.10633729734822717, scale_pos_weight=2.141399693096321, subsample=0.9705241300191885;, score=0.688 total time= 1.7min
[CV 1/3] END colsample_bytree=0.9363275360880277, gamma=2.26043298405683, learning_rate=0.20716106417004118, max_depth=8, n_estimators=405, reg_alpha=0.6139794562733938, reg_lambda=0.6164281773718701, scale_pos_weight=5.574430558698882, subsample=0.6984739864671464;, score=0.634 total time= 1.3min
[CV 2/3] END colsample_bytree=0.6582933799543256, gamma=1.4284979702238227, learning_rate=0.028274820972081838, max_depth=8, n_estimators=445, reg_alpha=0.04305240271566857, reg_lambda=0.7809638636444353, scale_pos_weight=4.982277939580117, subsample=0.7219519161599558;, score=0.681 total time= 2.3min
[CV 1/3] END colsample_bytree=0.7827099838038711, gamma=2.2112613825977956, learning_rate=0.1694422145157526, max_depth=12, n_estimators=393, reg_alpha=0.10024556372287663, reg_lambda=0.016592480632597884, scale_pos_weight=7.617186826439566, subsample=0.8012247209832939;, score=0.623 total time= 3.4min
[CV 3/3] END colsample_bytree=0.5150106660745359, gamma=2.222641265250798, learning_rate=0.11092380492153912, max_depth=6, n_estimators=446, reg_alpha=0.16906177843971626, reg_lambda=0.3518050064103525, scale_pos_weight=8.616758762136627, subsample=0.7535412120301334;, score=0.676 total time= 1.3min
[CV 2/3] END colsample_bytree=0.9984546092946777, gamma=0.9172620057511466, learning_rate=0.1288283725512915, max_depth=14, n_estimators=372, reg_alpha=0.46533693393948605, reg_lambda=0.013682414760681105, scale_pos_weight=1.8159872000483837, subsample=0.629295795567392;, score=0.642 total time= 4.5min
[CV 1/3] END colsample_bytree=0.8161981282327543, gamma=0.6416293109438226, learning_rate=0.12569850164586602, max_depth=14, n_estimators=511, reg_alpha=0.7006114963944516, reg_lambda=0.7534721106595967, scale_pos_weight=9.728594215656646, subsample=0.7499794959823942;, score=0.640 total time= 6.3min
[CV 3/3] END colsample_bytree=0.8028189446617058, gamma=0.5860195284011671, learning_rate=0.07744131511315042, max_depth=10, n_estimators=581, reg_alpha=0.5122847572434851, reg_lambda=0.11428576999797946, scale_pos_weight=8.648009724592772, subsample=0.8394488625389203;, score=0.643 total time= 5.1min
[CV 3/3] END colsample_bytree=0.953919256941767, gamma=2.5352982336935916, learning_rate=0.04758407616306461, max_depth=3, n_estimators=517, reg_alpha=0.6961561451379252, reg_lambda=0.38279876443638783, scale_pos_weight=9.218309465853594, subsample=0.8297553843203851;, score=0.687 total time=  53.4s
[CV 1/3] END colsample_bytree=0.7076204861670202, gamma=4.442320549614603, learning_rate=0.17486537837585386, max_depth=14, n_estimators=419, reg_alpha=0.8581203942511035, reg_lambda=0.7837723890172492, scale_pos_weight=5.289849318408905, subsample=0.6005325760249726;, score=0.634 total time= 2.6min
[CV 1/3] END colsample_bytree=0.6544779950340763, gamma=0.6632228880047658, learning_rate=0.11232714357901542, max_depth=12, n_estimators=302, reg_alpha=0.6246140481145316, reg_lambda=0.8644332468683641, scale_pos_weight=6.86936506558907, subsample=0.7904751899440896;, score=0.638 total time= 3.8min
[CV 2/3] END colsample_bytree=0.9880934874940419, gamma=3.4172688870375447, learning_rate=0.08508822193358254, max_depth=9, n_estimators=387, reg_alpha=0.8845832929211878, reg_lambda=0.12522055951683142, scale_pos_weight=3.005529778452665, subsample=0.6081135045638899;, score=0.658 total time= 2.4min
[CV 2/3] END colsample_bytree=0.5224807207957756, gamma=0.631782406572553, learning_rate=0.12251104025460947, max_depth=11, n_estimators=339, reg_alpha=0.3714672626243768, reg_lambda=0.19516651721865041, scale_pos_weight=5.893925374065887, subsample=0.8708207259180212;, score=0.632 total time= 3.2min
[CV 1/3] END colsample_bytree=0.6263230153106434, gamma=2.600370305555752, learning_rate=0.11439060069571277, max_depth=8, n_estimators=312, reg_alpha=0.6234778305192964, reg_lambda=0.600281460528037, scale_pos_weight=1.535144629130433, subsample=0.6882651438946492;, score=0.669 total time= 1.2min
[CV 1/3] END colsample_bytree=0.8041597500038858, gamma=1.4052487508344458, learning_rate=0.04469921007100441, max_depth=3, n_estimators=406, reg_alpha=0.8014457762229537, reg_lambda=0.3920935769045727, scale_pos_weight=8.507696492110558, subsample=0.5627431483995753;, score=0.686 total time=  45.7s
[CV 3/3] END colsample_bytree=0.8057318056128304, gamma=3.392499841463189, learning_rate=0.07350994005151769, max_depth=4, n_estimators=337, reg_alpha=0.9471614629002478, reg_lambda=0.8848551176960043, scale_pos_weight=8.390669759393726, subsample=0.638732339862477;, score=0.688 total time=  53.5s
[CV 3/3] END colsample_bytree=0.55739846362564, gamma=4.707664551422205, learning_rate=0.16684123487305338, max_depth=5, n_estimators=404, reg_alpha=0.6635235939134523, reg_lambda=0.4111974888825458, scale_pos_weight=5.0240625929931175, subsample=0.9422934441148069;, score=0.677 total time= 1.2min
[CV 3/3] END colsample_bytree=0.9315677688678695, gamma=4.1124732464511355, learning_rate=0.044668610595056175, max_depth=3, n_estimators=593, reg_alpha=0.682153161561635, reg_lambda=0.949899668246076, scale_pos_weight=2.370894580787565, subsample=0.8669415654012707;, score=0.687 total time= 1.2min
[CV 3/3] END colsample_bytree=0.5529266179389545, gamma=4.3650969701485804, learning_rate=0.11462860413943304, max_depth=5, n_estimators=339, reg_alpha=0.3995187845869348, reg_lambda=0.32679470585777737, scale_pos_weight=1.1081108363519634, subsample=0.9132755370957322;, score=0.686 total time=  38.8s
[CV 2/3] END colsample_bytree=0.969157864325658, gamma=4.093701147420254, learning_rate=0.20671344130273261, max_depth=11, n_estimators=402, reg_alpha=0.969723632797977, reg_lambda=0.43123386979155787, scale_pos_weight=4.475187953137546, subsample=0.5251747634846766;, score=0.616 total time= 3.0min
[CV 1/3] END colsample_bytree=0.8867860508653602, gamma=0.22020189694232195, learning_rate=0.14866703074694135, max_depth=5, n_estimators=399, reg_alpha=0.6813530132413488, reg_lambda=0.9401831912520826, scale_pos_weight=1.4678584497176852, subsample=0.6598260276460313;, score=0.678 total time= 1.0min
[CV 1/3] END colsample_bytree=0.6582933799543256, gamma=1.4284979702238227, learning_rate=0.028274820972081838, max_depth=8, n_estimators=445, reg_alpha=0.04305240271566857, reg_lambda=0.7809638636444353, scale_pos_weight=4.982277939580117, subsample=0.7219519161599558;, score=0.687 total time= 2.1min
[CV 3/3] END colsample_bytree=0.5662023067482274, gamma=1.9112612598872918, learning_rate=0.1338686908273823, max_depth=13, n_estimators=302, reg_alpha=0.9976228222513854, reg_lambda=0.19113208844889684, scale_pos_weight=5.596508196595725, subsample=0.715491950960411;, score=0.641 total time= 3.1min
[CV 3/3] END colsample_bytree=0.7763811840167916, gamma=1.0812526409326444, learning_rate=0.05171767354821015, max_depth=7, n_estimators=326, reg_alpha=0.9108026709698133, reg_lambda=0.5474148403797259, scale_pos_weight=8.339053770018694, subsample=0.6732793799082738;, score=0.685 total time= 1.1min
[CV 2/3] END colsample_bytree=0.7461161575912041, gamma=0.975044902193079, learning_rate=0.14041861237633013, max_depth=7, n_estimators=405, reg_alpha=0.791463540889519, reg_lambda=0.6024698307034551, scale_pos_weight=6.11638582519014, subsample=0.5305035715026974;, score=0.651 total time= 1.6min
[CV 1/3] END colsample_bytree=0.8027406252629727, gamma=1.539431910081247, learning_rate=0.17750616681521114, max_depth=6, n_estimators=317, reg_alpha=0.5811954237209566, reg_lambda=0.25363555551403827, scale_pos_weight=8.563342695828865, subsample=0.5408336379300481;, score=0.662 total time= 1.1min
[CV 1/3] END colsample_bytree=0.9621435353973307, gamma=1.6291173038524236, learning_rate=0.03555493055799809, max_depth=9, n_estimators=505, reg_alpha=0.7287780544506475, reg_lambda=0.3235304124854915, scale_pos_weight=7.650559890066311, subsample=0.7782892142510767;, score=0.676 total time= 3.1min
[CV 3/3] END colsample_bytree=0.8651245947647856, gamma=3.0958636768291834, learning_rate=0.047327987959536515, max_depth=14, n_estimators=385, reg_alpha=0.30752979549045634, reg_lambda=0.4920544893824006, scale_pos_weight=8.965085197237084, subsample=0.6162706658104276;, score=0.644 total time= 5.8min
[CV 3/3] END colsample_bytree=0.616027869850578, gamma=1.3268505580098773, learning_rate=0.12086749486806897, max_depth=3, n_estimators=357, reg_alpha=0.2370847085173401, reg_lambda=0.9485029432181947, scale_pos_weight=10.446657321710951, subsample=0.8049707792980259;, score=0.687 total time=  35.2s
[CV 3/3] END colsample_bytree=0.6133705922034722, gamma=3.350162689037834, learning_rate=0.10366603718676269, max_depth=14, n_estimators=352, reg_alpha=0.05024300982298213, reg_lambda=0.03491155265622381, scale_pos_weight=6.511599619163721, subsample=0.7190893066241723;, score=0.637 total time= 4.2min
[CV 3/3] END colsample_bytree=0.8161190754339305, gamma=2.9180251850404986, learning_rate=0.08802404693766784, max_depth=8, n_estimators=412, reg_alpha=0.04524918901888786, reg_lambda=0.21790870825201347, scale_pos_weight=1.151768822868269, subsample=0.7907085527910103;, score=0.676 total time= 1.9min
[CV 3/3] END colsample_bytree=0.7333465604422043, gamma=2.4106604945992096, learning_rate=0.17818174208058146, max_depth=10, n_estimators=442, reg_alpha=0.8236236107489735, reg_lambda=0.3846110759787682, scale_pos_weight=5.591240232866809, subsample=0.6516429454246415;, score=0.627 total time= 3.7min
[CV 3/3] END colsample_bytree=0.9142440669476205, gamma=3.564229979304775, learning_rate=0.14933902228734972, max_depth=6, n_estimators=596, reg_alpha=0.21088622768078813, reg_lambda=0.8571916570595887, scale_pos_weight=9.2042682025902, subsample=0.7202867640061537;, score=0.660 total time= 1.6min
[CV 2/3] END colsample_bytree=0.7827099838038711, gamma=2.2112613825977956, learning_rate=0.1694422145157526, max_depth=12, n_estimators=393, reg_alpha=0.10024556372287663, reg_lambda=0.016592480632597884, scale_pos_weight=7.617186826439566, subsample=0.8012247209832939;, score=0.618 total time= 3.1min
[CV 3/3] END colsample_bytree=0.7038578853326126, gamma=0.6278278931862569, learning_rate=0.04425899156433408, max_depth=8, n_estimators=329, reg_alpha=0.391910562943909, reg_lambda=0.6971636921379805, scale_pos_weight=2.9343534295648257, subsample=0.8207522406281258;, score=0.687 total time= 1.7min
[CV 3/3] END colsample_bytree=0.9984546092946777, gamma=0.9172620057511466, learning_rate=0.1288283725512915, max_depth=14, n_estimators=372, reg_alpha=0.46533693393948605, reg_lambda=0.013682414760681105, scale_pos_weight=1.8159872000483837, subsample=0.629295795567392;, score=0.643 total time= 4.5min
[CV 3/3] END colsample_bytree=0.8161981282327543, gamma=0.6416293109438226, learning_rate=0.12569850164586602, max_depth=14, n_estimators=511, reg_alpha=0.7006114963944516, reg_lambda=0.7534721106595967, scale_pos_weight=9.728594215656646, subsample=0.7499794959823942;, score=0.639 total time= 6.4min
[CV 3/3] END colsample_bytree=0.7974236897509548, gamma=3.6943333856651632, learning_rate=0.016488689209437392, max_depth=13, n_estimators=407, reg_alpha=0.10326500887504841, reg_lambda=0.17252387694636206, scale_pos_weight=6.679742973160805, subsample=0.6481788067566442;, score=0.670 total time= 7.3min
[CV 1/3] END colsample_bytree=0.9632318989780924, gamma=2.098136914034052, learning_rate=0.020124494453814826, max_depth=13, n_estimators=571, reg_alpha=0.5739498660690104, reg_lambda=0.392895108893179, scale_pos_weight=1.2865242757765452, subsample=0.7916261961562784;, score=0.683 total time= 8.9min
[CV 1/3] END colsample_bytree=0.8651245947647856, gamma=3.0958636768291834, learning_rate=0.047327987959536515, max_depth=14, n_estimators=385, reg_alpha=0.30752979549045634, reg_lambda=0.4920544893824006, scale_pos_weight=8.965085197237084, subsample=0.6162706658104276;, score=0.645 total time= 6.0min
[CV 1/3] END colsample_bytree=0.7974236897509548, gamma=3.6943333856651632, learning_rate=0.016488689209437392, max_depth=13, n_estimators=407, reg_alpha=0.10326500887504841, reg_lambda=0.17252387694636206, scale_pos_weight=6.679742973160805, subsample=0.6481788067566442;, score=0.671 total time= 7.5min
[CV 3/3] END colsample_bytree=0.9632318989780924, gamma=2.098136914034052, learning_rate=0.020124494453814826, max_depth=13, n_estimators=571, reg_alpha=0.5739498660690104, reg_lambda=0.392895108893179, scale_pos_weight=1.2865242757765452, subsample=0.7916261961562784;, score=0.683 total time= 9.5min
[CV 3/3] END colsample_bytree=0.8446552060513451, gamma=1.2615596353484353, learning_rate=0.07155418105862982, max_depth=12, n_estimators=519, reg_alpha=0.8979352934437369, reg_lambda=0.8099244203028994, scale_pos_weight=6.831302190995835, subsample=0.8651108588786246;, score=0.650 total time= 5.3min
[CV 2/3] END colsample_bytree=0.8028189446617058, gamma=0.5860195284011671, learning_rate=0.07744131511315042, max_depth=10, n_estimators=581, reg_alpha=0.5122847572434851, reg_lambda=0.11428576999797946, scale_pos_weight=8.648009724592772, subsample=0.8394488625389203;, score=0.638 total time= 4.8min
[CV 2/3] END colsample_bytree=0.653452256597285, gamma=2.074856077000391, learning_rate=0.1525555352433662, max_depth=10, n_estimators=403, reg_alpha=0.31382680822441555, reg_lambda=0.24150062799283345, scale_pos_weight=3.1491263703639585, subsample=0.7124254214340435;, score=0.635 total time= 3.5min
[CV 2/3] END colsample_bytree=0.705595758997293, gamma=0.6504033491447347, learning_rate=0.014485177832411024, max_depth=13, n_estimators=590, reg_alpha=0.015742912995676983, reg_lambda=0.017149781915198115, scale_pos_weight=10.16603301642411, subsample=0.8530792510595271;, score=0.657 total time=10.2min
[CV 1/3] END colsample_bytree=0.7984553452733281, gamma=4.997788516252193, learning_rate=0.16388977881640943, max_depth=4, n_estimators=568, reg_alpha=0.6743996518139815, reg_lambda=0.7628933355543641, scale_pos_weight=1.4545250043579596, subsample=0.823300221974331;, score=0.683 total time=  54.3s
[CV 1/3] END colsample_bytree=0.7623678188307161, gamma=3.8762202591747466, learning_rate=0.05688512000230294, max_depth=13, n_estimators=448, reg_alpha=0.9614923245741122, reg_lambda=0.6678679067008134, scale_pos_weight=10.332050877593062, subsample=0.6327482037145362;, score=0.647 total time= 7.2min
[CV 1/3] END colsample_bytree=0.8270800771430492, gamma=3.096195160267908, learning_rate=0.0764219566616249, max_depth=11, n_estimators=313, reg_alpha=0.8448623274896327, reg_lambda=0.22398254586508115, scale_pos_weight=3.3914254543452316, subsample=0.7561501734435403;, score=0.662 total time= 3.3min
[CV 1/3] END colsample_bytree=0.5662023067482274, gamma=1.9112612598872918, learning_rate=0.1338686908273823, max_depth=13, n_estimators=302, reg_alpha=0.9976228222513854, reg_lambda=0.19113208844889684, scale_pos_weight=5.596508196595725, subsample=0.715491950960411;, score=0.641 total time= 3.7min
[CV 1/3] END colsample_bytree=0.5150106660745359, gamma=2.222641265250798, learning_rate=0.11092380492153912, max_depth=6, n_estimators=446, reg_alpha=0.16906177843971626, reg_lambda=0.3518050064103525, scale_pos_weight=8.616758762136627, subsample=0.7535412120301334;, score=0.674 total time= 1.3min
[CV 2/3] END colsample_bytree=0.8305703392143482, gamma=3.2611767656622037, learning_rate=0.06021602073303355, max_depth=8, n_estimators=507, reg_alpha=0.21233397428689127, reg_lambda=0.12200741357688905, scale_pos_weight=8.0138328555969, subsample=0.5567204085519584;, score=0.663 total time= 2.6min
[CV 1/3] END colsample_bytree=0.8899104420050341, gamma=0.591093111455443, learning_rate=0.010006143769076483, max_depth=5, n_estimators=572, reg_alpha=0.554356681216369, reg_lambda=0.14821746209932463, scale_pos_weight=1.920987541995898, subsample=0.90763816554528;, score=0.685 total time= 1.8min
[CV 1/3] END colsample_bytree=0.7913572246723408, gamma=4.062369105220858, learning_rate=0.07538820486733505, max_depth=3, n_estimators=493, reg_alpha=0.6725072626736491, reg_lambda=0.6821916892550988, scale_pos_weight=4.152394346494508, subsample=0.5666049620683143;, score=0.686 total time=  48.9s
[CV 2/3] END colsample_bytree=0.8651245947647856, gamma=3.0958636768291834, learning_rate=0.047327987959536515, max_depth=14, n_estimators=385, reg_alpha=0.30752979549045634, reg_lambda=0.4920544893824006, scale_pos_weight=8.965085197237084, subsample=0.6162706658104276;, score=0.639 total time= 6.0min
[CV 3/3] END colsample_bytree=0.7501797231077802, gamma=3.454419882754114, learning_rate=0.14942716117836186, max_depth=11, n_estimators=481, reg_alpha=0.27528821345186016, reg_lambda=0.15620656868662197, scale_pos_weight=7.3594032682671084, subsample=0.7996510580697189;, score=0.632 total time= 3.2min
[CV 3/3] END colsample_bytree=0.8369971040728652, gamma=0.3128242110972579, learning_rate=0.052101387933068594, max_depth=8, n_estimators=303, reg_alpha=0.14692192358377076, reg_lambda=0.34264514652252154, scale_pos_weight=9.6465892185814, subsample=0.5774626555717213;, score=0.678 total time= 1.5min
[CV 2/3] END colsample_bytree=0.7462845353766487, gamma=2.4159043165683425, learning_rate=0.17764608421636013, max_depth=9, n_estimators=548, reg_alpha=0.8597946748116456, reg_lambda=0.40680480095172356, scale_pos_weight=4.282331056783394, subsample=0.7269949555998495;, score=0.629 total time= 3.3min
[CV 1/3] END colsample_bytree=0.96226123436595, gamma=3.9290632273418655, learning_rate=0.12798957656036175, max_depth=7, n_estimators=455, reg_alpha=0.7605756424552823, reg_lambda=0.1544922040049258, scale_pos_weight=5.872653541000508, subsample=0.7149926070605299;, score=0.661 total time= 1.7min
[CV 1/3] END colsample_bytree=0.6408080210528159, gamma=4.816801602230189, learning_rate=0.012056899187138407, max_depth=3, n_estimators=404, reg_alpha=0.34688597636438556, reg_lambda=0.43564479045650983, scale_pos_weight=8.94480817853506, subsample=0.6390645777433062;, score=0.676 total time=  53.5s
[CV 1/3] END colsample_bytree=0.9477814240659194, gamma=4.545876320267928, learning_rate=0.07277561530300546, max_depth=9, n_estimators=428, reg_alpha=0.4400580465093987, reg_lambda=0.7297119064974222, scale_pos_weight=10.40220805571285, subsample=0.8018984959645481;, score=0.658 total time= 2.9min
[CV 2/3] END colsample_bytree=0.9004903502016824, gamma=0.5222725905007569, learning_rate=0.12537147622654005, max_depth=9, n_estimators=336, reg_alpha=0.11870909550911146, reg_lambda=0.9805682270607236, scale_pos_weight=3.1469588746335546, subsample=0.5336170900452806;, score=0.641 total time= 2.3min
[CV 2/3] END colsample_bytree=0.966277439209656, gamma=0.5932188287079015, learning_rate=0.19674988460029402, max_depth=3, n_estimators=516, reg_alpha=0.6016821640182961, reg_lambda=0.937108944919677, scale_pos_weight=4.118021369557686, subsample=0.62488608122326;, score=0.677 total time=  55.8s
[CV 2/3] END colsample_bytree=0.7190883583331776, gamma=4.496301794623448, learning_rate=0.20245228932183135, max_depth=5, n_estimators=587, reg_alpha=0.7500284121421912, reg_lambda=0.531661023764483, scale_pos_weight=6.3778293474137655, subsample=0.6390497575331782;, score=0.657 total time= 1.5min
[CV 2/3] END colsample_bytree=0.9142440669476205, gamma=3.564229979304775, learning_rate=0.14933902228734972, max_depth=6, n_estimators=596, reg_alpha=0.21088622768078813, reg_lambda=0.8571916570595887, scale_pos_weight=9.2042682025902, subsample=0.7202867640061537;, score=0.653 total time= 1.6min
[CV 1/3] END colsample_bytree=0.6522462663744755, gamma=0.9904775836014479, learning_rate=0.023138423297931844, max_depth=7, n_estimators=346, reg_alpha=0.49689551850004887, reg_lambda=0.9169420482009158, scale_pos_weight=8.762904775159479, subsample=0.5652506320585922;, score=0.687 total time= 1.3min
[CV 1/3] END colsample_bytree=0.5056512682945112, gamma=3.936859790746365, learning_rate=0.07128656454067432, max_depth=12, n_estimators=375, reg_alpha=0.36411277501049943, reg_lambda=0.5662150157526166, scale_pos_weight=1.0625747102647023, subsample=0.5309428508402376;, score=0.666 total time= 2.0min
[CV 2/3] END colsample_bytree=0.5705537970106755, gamma=2.7279106089603324, learning_rate=0.031118309195328, max_depth=7, n_estimators=425, reg_alpha=0.5351523336803503, reg_lambda=0.08202368521147085, scale_pos_weight=1.3493924640598844, subsample=0.9948782067046673;, score=0.684 total time= 1.6min
[CV 1/3] END colsample_bytree=0.5139261204105372, gamma=3.1568766302412548, learning_rate=0.0952796713603245, max_depth=14, n_estimators=463, reg_alpha=0.17464718589632955, reg_lambda=0.2959320294366161, scale_pos_weight=7.638244748527251, subsample=0.9826513618152;, score=0.650 total time= 3.4min
[CV 1/3] END colsample_bytree=0.9472021943242537, gamma=4.118032103990947, learning_rate=0.18975757794746956, max_depth=8, n_estimators=394, reg_alpha=0.3799790789653946, reg_lambda=0.6071352808835769, scale_pos_weight=4.887263478765467, subsample=0.6201495617251833;, score=0.637 total time= 2.0min
[CV 1/3] END colsample_bytree=0.8446552060513451, gamma=1.2615596353484353, learning_rate=0.07155418105862982, max_depth=12, n_estimators=519, reg_alpha=0.8979352934437369, reg_lambda=0.8099244203028994, scale_pos_weight=6.831302190995835, subsample=0.8651108588786246;, score=0.651 total time= 5.6min
[CV 3/3] END colsample_bytree=0.6749724697648198, gamma=4.646442011310297, learning_rate=0.0858453074360898, max_depth=4, n_estimators=361, reg_alpha=0.8423255047499341, reg_lambda=0.37324115637923383, scale_pos_weight=7.31988680396189, subsample=0.5476858011365293;, score=0.686 total time= 1.0min
[CV 3/3] END colsample_bytree=0.8792509404581954, gamma=0.07314129438837857, learning_rate=0.051448459953775665, max_depth=14, n_estimators=328, reg_alpha=0.3866201726338342, reg_lambda=0.6624839469416082, scale_pos_weight=4.469626597345584, subsample=0.6953775761648185;, score=0.652 total time= 7.7min
[CV 3/3] END colsample_bytree=0.5332638041054276, gamma=1.1539732696326588, learning_rate=0.19313444645233, max_depth=6, n_estimators=415, reg_alpha=0.24628601881053158, reg_lambda=0.6906797711480066, scale_pos_weight=6.967764199616896, subsample=0.7507878499589742;, score=0.660 total time= 1.1min
[CV 1/3] END colsample_bytree=0.6391842408313283, gamma=3.9914659860459336, learning_rate=0.07525078360822936, max_depth=10, n_estimators=392, reg_alpha=0.2325059922078312, reg_lambda=0.12967897822423535, scale_pos_weight=3.5646306101676597, subsample=0.6776598742369438;, score=0.659 total time= 3.0min
[CV 1/3] END colsample_bytree=0.8812234793374343, gamma=0.6300101393199714, learning_rate=0.04928384317440348, max_depth=3, n_estimators=528, reg_alpha=0.5101483804563233, reg_lambda=0.7362398101338331, scale_pos_weight=6.1289705551880935, subsample=0.9348030412373887;, score=0.687 total time=  55.1s
[CV 1/3] END colsample_bytree=0.5914188899344086, gamma=4.128554757803335, learning_rate=0.06714151353217807, max_depth=8, n_estimators=499, reg_alpha=0.5587659446243977, reg_lambda=0.3711695160195314, scale_pos_weight=8.856431035291273, subsample=0.6263992220078864;, score=0.666 total time= 2.0min
[CV 2/3] END colsample_bytree=0.9195901974901493, gamma=0.8033979235592259, learning_rate=0.01499433242340992, max_depth=4, n_estimators=507, reg_alpha=0.23747855675225749, reg_lambda=0.04961437333883745, scale_pos_weight=8.24598286847629, subsample=0.5557964999786238;, score=0.680 total time= 1.2min
[CV 2/3] END colsample_bytree=0.5711276198884077, gamma=1.5658160091488855, learning_rate=0.1799068430975803, max_depth=12, n_estimators=509, reg_alpha=0.9916960733724518, reg_lambda=0.5410028989276625, scale_pos_weight=10.84845743967094, subsample=0.9694982110429888;, score=0.627 total time= 4.0min
[CV 3/3] END colsample_bytree=0.5263826289298013, gamma=3.4600562797332737, learning_rate=0.10158579888680558, max_depth=10, n_estimators=400, reg_alpha=0.6139703063252326, reg_lambda=0.2528581182501112, scale_pos_weight=6.776317543444226, subsample=0.6796043734913452;, score=0.648 total time= 3.2min
[CV 2/3] END colsample_bytree=0.6084781229319398, gamma=1.4400267296202056, learning_rate=0.12126560145141586, max_depth=14, n_estimators=489, reg_alpha=0.15628370954977622, reg_lambda=0.22008867687138656, scale_pos_weight=6.182761764476464, subsample=0.8550573831686397;, score=0.638 total time= 4.7min
[CV 1/3] END colsample_bytree=0.6121592794267632, gamma=1.1303953550528134, learning_rate=0.17346106244264736, max_depth=7, n_estimators=389, reg_alpha=0.09536092127300355, reg_lambda=0.45005863942622526, scale_pos_weight=4.374542789642289, subsample=0.9353442277287196;, score=0.662 total time= 1.3min
[CV 1/3] END colsample_bytree=0.5705537970106755, gamma=2.7279106089603324, learning_rate=0.031118309195328, max_depth=7, n_estimators=425, reg_alpha=0.5351523336803503, reg_lambda=0.08202368521147085, scale_pos_weight=1.3493924640598844, subsample=0.9948782067046673;, score=0.688 total time= 1.6min
[CV 2/3] END colsample_bytree=0.5139261204105372, gamma=3.1568766302412548, learning_rate=0.0952796713603245, max_depth=14, n_estimators=463, reg_alpha=0.17464718589632955, reg_lambda=0.2959320294366161, scale_pos_weight=7.638244748527251, subsample=0.9826513618152;, score=0.644 total time= 3.5min
[CV 2/3] END colsample_bytree=0.9472021943242537, gamma=4.118032103990947, learning_rate=0.18975757794746956, max_depth=8, n_estimators=394, reg_alpha=0.3799790789653946, reg_lambda=0.6071352808835769, scale_pos_weight=4.887263478765467, subsample=0.6201495617251833;, score=0.632 total time= 1.9min
[CV 2/3] END colsample_bytree=0.8446552060513451, gamma=1.2615596353484353, learning_rate=0.07155418105862982, max_depth=12, n_estimators=519, reg_alpha=0.8979352934437369, reg_lambda=0.8099244203028994, scale_pos_weight=6.831302190995835, subsample=0.8651108588786246;, score=0.645 total time= 5.6min
